url,title,description,keyword,keyword type,volume,keyword difficulty,intent
https://www.brightplace.ai/guides/kansas-city-young-professionals,Kansas City Neighborhoods for Young Pros | brightplace,"where young professionals are actually renting in kc. neighborhood breakdowns with rent ranges, walkability, nightlife access, and commute context.",young professional housing kansas city,recommended,0,0,
https://www.brightplace.ai/guides/kansas-city-young-professionals,Kansas City Neighborhoods for Young Pros | brightplace,"where young professionals are actually renting in kc. neighborhood breakdowns with rent ranges, walkability, nightlife access, and commute context.",kansas city neighborhoods young professionals,recommended,0,0,
https://www.brightplace.ai/guides/kansas-city-young-professionals,Kansas City Neighborhoods for Young Pros | brightplace,"where young professionals are actually renting in kc. neighborhood breakdowns with rent ranges, walkability, nightlife access, and commute context.",kc apartments for young professionals,recommended,0,0,
https://www.brightplace.ai/guides/kansas-city-young-professionals,Kansas City Neighborhoods for Young Pros | brightplace,"where young professionals are actually renting in kc. neighborhood breakdowns with rent ranges, walkability, nightlife access, and commute context.",renting in kansas city for young adults,recommended,0,0,
https://www.brightplace.ai/guides/kansas-city-young-professionals,Kansas City Neighborhoods for Young Pros | brightplace,"where young professionals are actually renting in kc. neighborhood breakdowns with rent ranges, walkability, nightlife access, and commute context.",best places to live in kansas city for young professionals,recommended,40,12,commercial
https://www.brightplace.ai/resources/restaurants-for-lease-near-me,Restaurants for Lease Near Me | brightplace,"looking for restaurants for lease near you? here is how commercial restaurant leases work, where to search, and what to check before signing anything.",restaurant for lease,recommended,2400,13,informational
https://www.brightplace.ai/resources/restaurants-for-lease-near-me,Restaurants for Lease Near Me | brightplace,"looking for restaurants for lease near you? here is how commercial restaurant leases work, where to search, and what to check before signing anything.",restaurants for lease near me,recommended,1900,15,"informational, transactional"
https://www.brightplace.ai/resources/restaurants-for-lease-near-me,Restaurants for Lease Near Me | brightplace,"looking for restaurants for lease near you? here is how commercial restaurant leases work, where to search, and what to check before signing anything.",restaurant space for rent,recommended,1600,17,informational
https://www.brightplace.ai/resources/restaurants-for-lease-near-me,Restaurants for Lease Near Me | brightplace,"looking for restaurants for lease near you? here is how commercial restaurant leases work, where to search, and what to check before signing anything.",restaurants for rent,recommended,1300,16,informational
https://www.brightplace.ai/resources/restaurants-for-lease-near-me,Restaurants for Lease Near Me | brightplace,"looking for restaurants for lease near you? here is how commercial restaurant leases work, where to search, and what to check before signing anything.",restaurant for rent near me,recommended,1900,27,"informational, transactional"
https://www.brightplace.ai/resources/restaurants-for-lease-near-me,Restaurants for Lease Near Me | brightplace,"looking for restaurants for lease near you? here is how commercial restaurant leases work, where to search, and what to check before signing anything.",restaurant rental space,recommended,590,16,informational
https://www.brightplace.ai/resources/restaurants-for-lease-near-me,Restaurants for Lease Near Me | brightplace,"looking for restaurants for lease near you? here is how commercial restaurant leases work, where to search, and what to check before signing anything.",restaurant lease near me,recommended,390,14,transactional
https://www.brightplace.ai/resources/restaurants-for-lease-near-me,Restaurants for Lease Near Me | brightplace,"looking for restaurants for lease near you? here is how commercial restaurant leases work, where to search, and what to check before signing anything.",lease restaurant,recommended,260,11,commercial
https://www.brightplace.ai/resources/restaurants-for-lease-near-me,Restaurants for Lease Near Me | brightplace,"looking for restaurants for lease near you? here is how commercial restaurant leases work, where to search, and what to check before signing anything.",restaurants to rent near me,recommended,390,15,transactional
https://www.brightplace.ai/resources/restaurants-for-lease-near-me,Restaurants for Lease Near Me | brightplace,"looking for restaurants for lease near you? here is how commercial restaurant leases work, where to search, and what to check before signing anything.",resturant for rent,recommended,170,5,informational
https://www.brightplace.ai/resources/restaurants-for-lease-near-me,Restaurants for Lease Near Me | brightplace,"looking for restaurants for lease near you? here is how commercial restaurant leases work, where to search, and what to check before signing anything.",restaurant to lease,recommended,110,5,informational
https://www.brightplace.ai/resources/restaurants-for-lease-near-me,Restaurants for Lease Near Me | brightplace,"looking for restaurants for lease near you? here is how commercial restaurant leases work, where to search, and what to check before signing anything.",turnkey restaurant for lease,recommended,110,1,"informational, transactional"
https://www.brightplace.ai/resources/restaurants-for-lease-near-me,Restaurants for Lease Near Me | brightplace,"looking for restaurants for lease near you? here is how commercial restaurant leases work, where to search, and what to check before signing anything.",restaurant for lease commercial,recommended,170,16,transactional
https://www.brightplace.ai/resources/restaurants-for-lease-near-me,Restaurants for Lease Near Me | brightplace,"looking for restaurants for lease near you? here is how commercial restaurant leases work, where to search, and what to check before signing anything.",restaurant leasing,recommended,320,22,transactional
https://www.brightplace.ai/resources/restaurants-for-lease-near-me,Restaurants for Lease Near Me | brightplace,"looking for restaurants for lease near you? here is how commercial restaurant leases work, where to search, and what to check before signing anything.",restaurant property for lease,recommended,90,9,informational
https://www.brightplace.ai/resources/restaurants-for-lease-near-me,Restaurants for Lease Near Me | brightplace,"looking for restaurants for lease near you? here is how commercial restaurant leases work, where to search, and what to check before signing anything.",restaurant spaces for lease near me,recommended,590,34,transactional
https://www.brightplace.ai/resources/restaurants-for-lease-near-me,Restaurants for Lease Near Me | brightplace,"looking for restaurants for lease near you? here is how commercial restaurant leases work, where to search, and what to check before signing anything.",restaurant buildings for rent,recommended,170,16,commercial
https://www.brightplace.ai/resources/restaurants-for-lease-near-me,Restaurants for Lease Near Me | brightplace,"looking for restaurants for lease near you? here is how commercial restaurant leases work, where to search, and what to check before signing anything.",restaurant for sale or lease,recommended,70,8,transactional
https://www.brightplace.ai/resources/restaurants-for-lease-near-me,Restaurants for Lease Near Me | brightplace,"looking for restaurants for lease near you? here is how commercial restaurant leases work, where to search, and what to check before signing anything.",commercial real estate restaurant for lease,recommended,140,19,commercial
https://www.brightplace.ai/resources/restaurants-for-lease-near-me,Restaurants for Lease Near Me | brightplace,"looking for restaurants for lease near you? here is how commercial restaurant leases work, where to search, and what to check before signing anything.",restaurants rent,recommended,110,13,"informational, transactional"
https://www.brightplace.ai/resources/restaurants-for-lease-near-me,Restaurants for Lease Near Me | brightplace,"looking for restaurants for lease near you? here is how commercial restaurant leases work, where to search, and what to check before signing anything.",restaurant commercial space for rent,recommended,170,24,informational
https://www.brightplace.ai/resources/restaurants-for-lease-near-me,Restaurants for Lease Near Me | brightplace,"looking for restaurants for lease near you? here is how commercial restaurant leases work, where to search, and what to check before signing anything.",rent for restaurant,recommended,170,20,informational
https://www.brightplace.ai/resources/restaurants-for-lease-near-me,Restaurants for Lease Near Me | brightplace,"looking for restaurants for lease near you? here is how commercial restaurant leases work, where to search, and what to check before signing anything.",leasing restaurant space,recommended,140,21,informational
https://www.brightplace.ai/resources/restaurants-for-lease-near-me,Restaurants for Lease Near Me | brightplace,"looking for restaurants for lease near you? here is how commercial restaurant leases work, where to search, and what to check before signing anything.",restaurant building for rent,recommended,170,22,informational
https://www.brightplace.ai/resources/restaurants-for-lease-near-me,Restaurants for Lease Near Me | brightplace,"looking for restaurants for lease near you? here is how commercial restaurant leases work, where to search, and what to check before signing anything.",restaurant retail space for lease,recommended,70,13,transactional
https://www.brightplace.ai/resources/restaurants-for-lease-near-me,Restaurants for Lease Near Me | brightplace,"looking for restaurants for lease near you? here is how commercial restaurant leases work, where to search, and what to check before signing anything.",restaurant to rent,recommended,40,6,informational
https://www.brightplace.ai/resources/restaurants-for-lease-near-me,Restaurants for Lease Near Me | brightplace,"looking for restaurants for lease near you? here is how commercial restaurant leases work, where to search, and what to check before signing anything.",restaurant space rent,recommended,110,19,informational
https://www.brightplace.ai/resources/restaurants-for-lease-near-me,Restaurants for Lease Near Me | brightplace,"looking for restaurants for lease near you? here is how commercial restaurant leases work, where to search, and what to check before signing anything.",restaurant for lease near me,recommended,1600,59,transactional
https://www.brightplace.ai/resources/restaurants-for-lease-near-me,Restaurants for Lease Near Me | brightplace,"looking for restaurants for lease near you? here is how commercial restaurant leases work, where to search, and what to check before signing anything.",lease for restaurant space,recommended,70,16,informational
https://www.brightplace.ai/resources/restaurants-for-lease-near-me,Restaurants for Lease Near Me | brightplace,"looking for restaurants for lease near you? here is how commercial restaurant leases work, where to search, and what to check before signing anything.",space for restaurant for lease,recommended,40,10,informational
https://www.brightplace.ai/resources/panama-city-beach-pet-friendly-rentals,Pet-Friendly Rentals Panama City Beach | brightplace,"cole came to brightplace as a working professional looking for pet-friendly rentals in panama city beach. katie walks through which areas have inventory, what pet-friendly actually means, and how to handle pcb's seasonal market.",beach rentals panama city beach fl pet friendly,recommended,260,5,"informational, transactional"
https://www.brightplace.ai/resources/panama-city-beach-pet-friendly-rentals,Pet-Friendly Rentals Panama City Beach | brightplace,"cole came to brightplace as a working professional looking for pet-friendly rentals in panama city beach. katie walks through which areas have inventory, what pet-friendly actually means, and how to handle pcb's seasonal market.",panama city beach pet friendly hotels,recommended,720,32,informational
https://www.brightplace.ai/resources/panama-city-beach-pet-friendly-rentals,Pet-Friendly Rentals Panama City Beach | brightplace,"cole came to brightplace as a working professional looking for pet-friendly rentals in panama city beach. katie walks through which areas have inventory, what pet-friendly actually means, and how to handle pcb's seasonal market.",panama city beach hotels pets allowed,recommended,590,34,commercial
https://www.brightplace.ai/resources/panama-city-beach-pet-friendly-rentals,Pet-Friendly Rentals Panama City Beach | brightplace,"cole came to brightplace as a working professional looking for pet-friendly rentals in panama city beach. katie walks through which areas have inventory, what pet-friendly actually means, and how to handle pcb's seasonal market.",pet friendly rentals panama city beach fl,recommended,170,9,commercial
https://www.brightplace.ai/resources/panama-city-beach-pet-friendly-rentals,Pet-Friendly Rentals Panama City Beach | brightplace,"cole came to brightplace as a working professional looking for pet-friendly rentals in panama city beach. katie walks through which areas have inventory, what pet-friendly actually means, and how to handle pcb's seasonal market.",pcb pet friendly rentals,recommended,170,12,commercial
https://www.brightplace.ai/resources/panama-city-beach-pet-friendly-rentals,Pet-Friendly Rentals Panama City Beach | brightplace,"cole came to brightplace as a working professional looking for pet-friendly rentals in panama city beach. katie walks through which areas have inventory, what pet-friendly actually means, and how to handle pcb's seasonal market.",pet friendly condos panama city beach fl,recommended,170,16,commercial
https://www.brightplace.ai/resources/panama-city-beach-pet-friendly-rentals,Pet-Friendly Rentals Panama City Beach | brightplace,"cole came to brightplace as a working professional looking for pet-friendly rentals in panama city beach. katie walks through which areas have inventory, what pet-friendly actually means, and how to handle pcb's seasonal market.",pet friendly condos in panama city beach,recommended,140,16,"informational, commercial"
https://www.brightplace.ai/resources/panama-city-beach-pet-friendly-rentals,Pet-Friendly Rentals Panama City Beach | brightplace,"cole came to brightplace as a working professional looking for pet-friendly rentals in panama city beach. katie walks through which areas have inventory, what pet-friendly actually means, and how to handle pcb's seasonal market.",pet friendly rentals panama city beach,recommended,90,8,commercial
https://www.brightplace.ai/resources/panama-city-beach-pet-friendly-rentals,Pet-Friendly Rentals Panama City Beach | brightplace,"cole came to brightplace as a working professional looking for pet-friendly rentals in panama city beach. katie walks through which areas have inventory, what pet-friendly actually means, and how to handle pcb's seasonal market.",panama city beach dog friendly rentals,recommended,70,8,commercial
https://www.brightplace.ai/resources/panama-city-beach-pet-friendly-rentals,Pet-Friendly Rentals Panama City Beach | brightplace,"cole came to brightplace as a working professional looking for pet-friendly rentals in panama city beach. katie walks through which areas have inventory, what pet-friendly actually means, and how to handle pcb's seasonal market.",pet friendly vacation rentals panama city beach fl,recommended,50,3,"informational, transactional"
https://www.brightplace.ai/resources/panama-city-beach-pet-friendly-rentals,Pet-Friendly Rentals Panama City Beach | brightplace,"cole came to brightplace as a working professional looking for pet-friendly rentals in panama city beach. katie walks through which areas have inventory, what pet-friendly actually means, and how to handle pcb's seasonal market.",panama city pet friendly rentals,recommended,70,11,commercial
https://www.brightplace.ai/resources/panama-city-beach-pet-friendly-rentals,Pet-Friendly Rentals Panama City Beach | brightplace,"cole came to brightplace as a working professional looking for pet-friendly rentals in panama city beach. katie walks through which areas have inventory, what pet-friendly actually means, and how to handle pcb's seasonal market.",panama city beach condo pet friendly,recommended,40,1,commercial
https://www.brightplace.ai/resources/panama-city-beach-pet-friendly-rentals,Pet-Friendly Rentals Panama City Beach | brightplace,"cole came to brightplace as a working professional looking for pet-friendly rentals in panama city beach. katie walks through which areas have inventory, what pet-friendly actually means, and how to handle pcb's seasonal market.",pet friendly beachfront hotels panama city beach,recommended,140,30,commercial
https://www.brightplace.ai/resources/panama-city-beach-pet-friendly-rentals,Pet-Friendly Rentals Panama City Beach | brightplace,"cole came to brightplace as a working professional looking for pet-friendly rentals in panama city beach. katie walks through which areas have inventory, what pet-friendly actually means, and how to handle pcb's seasonal market.",pet friendly condos panama city fl,recommended,70,15,commercial
https://www.brightplace.ai/resources/panama-city-beach-pet-friendly-rentals,Pet-Friendly Rentals Panama City Beach | brightplace,"cole came to brightplace as a working professional looking for pet-friendly rentals in panama city beach. katie walks through which areas have inventory, what pet-friendly actually means, and how to handle pcb's seasonal market.",pet friendly condos panama city beach oceanfront,recommended,70,15,commercial
https://www.brightplace.ai/resources/panama-city-beach-pet-friendly-rentals,Pet-Friendly Rentals Panama City Beach | brightplace,"cole came to brightplace as a working professional looking for pet-friendly rentals in panama city beach. katie walks through which areas have inventory, what pet-friendly actually means, and how to handle pcb's seasonal market.",pet friendly panama city fl,recommended,90,24,"informational, transactional"
https://www.brightplace.ai/resources/panama-city-beach-pet-friendly-rentals,Pet-Friendly Rentals Panama City Beach | brightplace,"cole came to brightplace as a working professional looking for pet-friendly rentals in panama city beach. katie walks through which areas have inventory, what pet-friendly actually means, and how to handle pcb's seasonal market.",panama city beach pet friendly,recommended,90,25,informational
https://www.brightplace.ai/resources/panama-city-beach-pet-friendly-rentals,Pet-Friendly Rentals Panama City Beach | brightplace,"cole came to brightplace as a working professional looking for pet-friendly rentals in panama city beach. katie walks through which areas have inventory, what pet-friendly actually means, and how to handle pcb's seasonal market.",pet friendly beachfront rentals in panama city beach,recommended,50,13,commercial
https://www.brightplace.ai/resources/panama-city-beach-pet-friendly-rentals,Pet-Friendly Rentals Panama City Beach | brightplace,"cole came to brightplace as a working professional looking for pet-friendly rentals in panama city beach. katie walks through which areas have inventory, what pet-friendly actually means, and how to handle pcb's seasonal market.",pet friendly condo rentals in panama city beach fl,recommended,50,14,commercial
https://www.brightplace.ai/resources/panama-city-beach-pet-friendly-rentals,Pet-Friendly Rentals Panama City Beach | brightplace,"cole came to brightplace as a working professional looking for pet-friendly rentals in panama city beach. katie walks through which areas have inventory, what pet-friendly actually means, and how to handle pcb's seasonal market.",panama city beach condos pet friendly,recommended,40,11,commercial
https://www.brightplace.ai/resources/panama-city-beach-pet-friendly-rentals,Pet-Friendly Rentals Panama City Beach | brightplace,"cole came to brightplace as a working professional looking for pet-friendly rentals in panama city beach. katie walks through which areas have inventory, what pet-friendly actually means, and how to handle pcb's seasonal market.",pet friendly rentals panama city fl,recommended,50,16,commercial
https://www.brightplace.ai/resources/panama-city-beach-pet-friendly-rentals,Pet-Friendly Rentals Panama City Beach | brightplace,"cole came to brightplace as a working professional looking for pet-friendly rentals in panama city beach. katie walks through which areas have inventory, what pet-friendly actually means, and how to handle pcb's seasonal market.",panama city beach vacation rentals pet friendly,recommended,30,5,"informational, transactional"
https://www.brightplace.ai/resources/panama-city-beach-pet-friendly-rentals,Pet-Friendly Rentals Panama City Beach | brightplace,"cole came to brightplace as a working professional looking for pet-friendly rentals in panama city beach. katie walks through which areas have inventory, what pet-friendly actually means, and how to handle pcb's seasonal market.",pet friendly beachfront rentals in panama city beach florida,recommended,50,18,commercial
https://www.brightplace.ai/resources/panama-city-beach-pet-friendly-rentals,Pet-Friendly Rentals Panama City Beach | brightplace,"cole came to brightplace as a working professional looking for pet-friendly rentals in panama city beach. katie walks through which areas have inventory, what pet-friendly actually means, and how to handle pcb's seasonal market.",dog friendly rentals panama city beach fl,recommended,30,16,commercial
https://www.brightplace.ai/resources/panama-city-beach-pet-friendly-rentals,Pet-Friendly Rentals Panama City Beach | brightplace,"cole came to brightplace as a working professional looking for pet-friendly rentals in panama city beach. katie walks through which areas have inventory, what pet-friendly actually means, and how to handle pcb's seasonal market.",pet friendly places to stay panama city beach,recommended,50,29,commercial
https://www.brightplace.ai/resources/panama-city-beach-pet-friendly-rentals,Pet-Friendly Rentals Panama City Beach | brightplace,"cole came to brightplace as a working professional looking for pet-friendly rentals in panama city beach. katie walks through which areas have inventory, what pet-friendly actually means, and how to handle pcb's seasonal market.",pet friendly lodging in panama city beach fl,recommended,30,29,transactional
https://www.brightplace.ai/resources/panama-city-beach-pet-friendly-rentals,Pet-Friendly Rentals Panama City Beach | brightplace,"cole came to brightplace as a working professional looking for pet-friendly rentals in panama city beach. katie walks through which areas have inventory, what pet-friendly actually means, and how to handle pcb's seasonal market.",panama city beach pet friendly apartments,recommended,0,0,
https://www.brightplace.ai/resources/panama-city-beach-pet-friendly-rentals,Pet-Friendly Rentals Panama City Beach | brightplace,"cole came to brightplace as a working professional looking for pet-friendly rentals in panama city beach. katie walks through which areas have inventory, what pet-friendly actually means, and how to handle pcb's seasonal market.",apartments for rent panama city beach pets allowed,recommended,0,0,
https://www.brightplace.ai/resources/pet-deposit-vs-pet-fee,Pet Deposit vs Pet Fee | brightplace,"a pet deposit is refundable. a pet fee is not. here is what each charge means, what the numbers typically look like, and what to check before you sign.",pet rent and pet deposit,recommended,170,21,commercial
https://www.brightplace.ai/resources/pet-deposit-vs-pet-fee,Pet Deposit vs Pet Fee | brightplace,"a pet deposit is refundable. a pet fee is not. here is what each charge means, what the numbers typically look like, and what to check before you sign.",non refundable pet deposit,recommended,110,14,informational
https://www.brightplace.ai/resources/pet-deposit-vs-pet-fee,Pet Deposit vs Pet Fee | brightplace,"a pet deposit is refundable. a pet fee is not. here is what each charge means, what the numbers typically look like, and what to check before you sign.",pet security deposit,recommended,110,16,informational
https://www.brightplace.ai/resources/pet-deposit-vs-pet-fee,Pet Deposit vs Pet Fee | brightplace,"a pet deposit is refundable. a pet fee is not. here is what each charge means, what the numbers typically look like, and what to check before you sign.",pet fees,recommended,140,34,informational
https://www.brightplace.ai/resources/pet-deposit-vs-pet-fee,Pet Deposit vs Pet Fee | brightplace,"a pet deposit is refundable. a pet fee is not. here is what each charge means, what the numbers typically look like, and what to check before you sign.",pet rent fee,recommended,70,19,commercial
https://www.brightplace.ai/resources/pet-deposit-vs-pet-fee,Pet Deposit vs Pet Fee | brightplace,"a pet deposit is refundable. a pet fee is not. here is what each charge means, what the numbers typically look like, and what to check before you sign.",apartment pet deposit,recommended,70,19,informational
https://www.brightplace.ai/resources/pet-deposit-vs-pet-fee,Pet Deposit vs Pet Fee | brightplace,"a pet deposit is refundable. a pet fee is not. here is what each charge means, what the numbers typically look like, and what to check before you sign.",refundable pet deposit,recommended,40,5,informational
https://www.brightplace.ai/resources/pet-deposit-vs-pet-fee,Pet Deposit vs Pet Fee | brightplace,"a pet deposit is refundable. a pet fee is not. here is what each charge means, what the numbers typically look like, and what to check before you sign.",pet deposits for rentals,recommended,70,21,informational
https://www.brightplace.ai/resources/pet-deposit-vs-pet-fee,Pet Deposit vs Pet Fee | brightplace,"a pet deposit is refundable. a pet fee is not. here is what each charge means, what the numbers typically look like, and what to check before you sign.",how much for a pet deposit,recommended,70,21,informational
https://www.brightplace.ai/resources/pet-deposit-vs-pet-fee,Pet Deposit vs Pet Fee | brightplace,"a pet deposit is refundable. a pet fee is not. here is what each charge means, what the numbers typically look like, and what to check before you sign.",how much is a pet deposit usually,recommended,50,16,informational
https://www.brightplace.ai/resources/pet-deposit-vs-pet-fee,Pet Deposit vs Pet Fee | brightplace,"a pet deposit is refundable. a pet fee is not. here is what each charge means, what the numbers typically look like, and what to check before you sign.",pet fee rental agreement,recommended,50,21,informational
https://www.brightplace.ai/resources/pet-deposit-vs-pet-fee,Pet Deposit vs Pet Fee | brightplace,"a pet deposit is refundable. a pet fee is not. here is what each charge means, what the numbers typically look like, and what to check before you sign.",what is pet deposit for,recommended,50,21,informational
https://www.brightplace.ai/resources/pet-deposit-vs-pet-fee,Pet Deposit vs Pet Fee | brightplace,"a pet deposit is refundable. a pet fee is not. here is what each charge means, what the numbers typically look like, and what to check before you sign.",what is a reasonable pet deposit,recommended,40,16,"informational, commercial"
https://www.brightplace.ai/resources/pet-deposit-vs-pet-fee,Pet Deposit vs Pet Fee | brightplace,"a pet deposit is refundable. a pet fee is not. here is what each charge means, what the numbers typically look like, and what to check before you sign.",how much are pet deposits,recommended,40,17,informational
https://www.brightplace.ai/resources/pet-deposit-vs-pet-fee,Pet Deposit vs Pet Fee | brightplace,"a pet deposit is refundable. a pet fee is not. here is what each charge means, what the numbers typically look like, and what to check before you sign.",pet fee per month,recommended,40,17,informational
https://www.brightplace.ai/resources/pet-deposit-vs-pet-fee,Pet Deposit vs Pet Fee | brightplace,"a pet deposit is refundable. a pet fee is not. here is what each charge means, what the numbers typically look like, and what to check before you sign.",pet rental fee,recommended,40,19,informational
https://www.brightplace.ai/resources/pet-deposit-vs-pet-fee,Pet Deposit vs Pet Fee | brightplace,"a pet deposit is refundable. a pet fee is not. here is what each charge means, what the numbers typically look like, and what to check before you sign.",pet fees for rentals,recommended,40,19,commercial
https://www.brightplace.ai/resources/pet-deposit-vs-pet-fee,Pet Deposit vs Pet Fee | brightplace,"a pet deposit is refundable. a pet fee is not. here is what each charge means, what the numbers typically look like, and what to check before you sign.",pet fee in rental agreement,recommended,40,19,commercial
https://www.brightplace.ai/resources/pet-deposit-vs-pet-fee,Pet Deposit vs Pet Fee | brightplace,"a pet deposit is refundable. a pet fee is not. here is what each charge means, what the numbers typically look like, and what to check before you sign.",what is a pet fee,recommended,50,26,informational
https://www.brightplace.ai/resources/pet-deposit-vs-pet-fee,Pet Deposit vs Pet Fee | brightplace,"a pet deposit is refundable. a pet fee is not. here is what each charge means, what the numbers typically look like, and what to check before you sign.",pet deposit vs pet fee,recommended,0,0,
https://www.brightplace.ai/resources/pet-deposit-vs-pet-fee,Pet Deposit vs Pet Fee | brightplace,"a pet deposit is refundable. a pet fee is not. here is what each charge means, what the numbers typically look like, and what to check before you sign.",understanding pet charges,recommended,0,0,
https://www.brightplace.ai/resources/pet-deposit-vs-pet-fee,Pet Deposit vs Pet Fee | brightplace,"a pet deposit is refundable. a pet fee is not. here is what each charge means, what the numbers typically look like, and what to check before you sign.",pet rent explained,recommended,0,0,
https://www.brightplace.ai/resources/3-bedroom-townhomes-for-rent-near-me,3 Bedroom Townhomes for Rent Near Me | brightplace,"searching for 3-bedroom townhomes to rent near you? here is how to search effectively, what to expect to pay, and what to check before signing.",where to find townhomes for rent,recommended,40,25,"informational, transactional"
https://www.brightplace.ai/resources/3-bedroom-townhomes-for-rent-near-me,3 Bedroom Townhomes for Rent Near Me | brightplace,"searching for 3-bedroom townhomes to rent near you? here is how to search effectively, what to expect to pay, and what to check before signing.",can you rent townhomes,recommended,90,24,informational
https://www.brightplace.ai/resources/3-bedroom-townhomes-for-rent-near-me,3 Bedroom Townhomes for Rent Near Me | brightplace,"searching for 3-bedroom townhomes to rent near you? here is how to search effectively, what to expect to pay, and what to check before signing.",how to find a townhouse for rent,recommended,40,20,informational
https://www.brightplace.ai/resources/3-bedroom-townhomes-for-rent-near-me,3 Bedroom Townhomes for Rent Near Me | brightplace,"searching for 3-bedroom townhomes to rent near you? here is how to search effectively, what to expect to pay, and what to check before signing.",how to find townhomes for rent,recommended,40,68,informational
https://www.brightplace.ai/resources/3-bedroom-townhomes-for-rent-near-me,3 Bedroom Townhomes for Rent Near Me | brightplace,"searching for 3-bedroom townhomes to rent near you? here is how to search effectively, what to expect to pay, and what to check before signing.",townhomes to rent near me,recommended,880,22,transactional
https://www.brightplace.ai/resources/3-bedroom-townhomes-for-rent-near-me,3 Bedroom Townhomes for Rent Near Me | brightplace,"searching for 3-bedroom townhomes to rent near you? here is how to search effectively, what to expect to pay, and what to check before signing.",apartments and townhomes for rent,recommended,1300,41,navigational
https://www.brightplace.ai/resources/3-bedroom-townhomes-for-rent-near-me,3 Bedroom Townhomes for Rent Near Me | brightplace,"searching for 3-bedroom townhomes to rent near you? here is how to search effectively, what to expect to pay, and what to check before signing.",rent townhomes near me,recommended,1300,46,transactional
https://www.brightplace.ai/resources/3-bedroom-townhomes-for-rent-near-me,3 Bedroom Townhomes for Rent Near Me | brightplace,"searching for 3-bedroom townhomes to rent near you? here is how to search effectively, what to expect to pay, and what to check before signing.",townhomes rentals near me,recommended,590,25,transactional
https://www.brightplace.ai/resources/3-bedroom-townhomes-for-rent-near-me,3 Bedroom Townhomes for Rent Near Me | brightplace,"searching for 3-bedroom townhomes to rent near you? here is how to search effectively, what to expect to pay, and what to check before signing.",townhouse near me rent,recommended,720,31,transactional
https://www.brightplace.ai/resources/3-bedroom-townhomes-for-rent-near-me,3 Bedroom Townhomes for Rent Near Me | brightplace,"searching for 3-bedroom townhomes to rent near you? here is how to search effectively, what to expect to pay, and what to check before signing.",houses or townhomes for rent,recommended,170,14,informational
https://www.brightplace.ai/resources/3-bedroom-townhomes-for-rent-near-me,3 Bedroom Townhomes for Rent Near Me | brightplace,"searching for 3-bedroom townhomes to rent near you? here is how to search effectively, what to expect to pay, and what to check before signing.",town house for rent,recommended,6600,18,informational
https://www.brightplace.ai/resources/3-bedroom-townhomes-for-rent-near-me,3 Bedroom Townhomes for Rent Near Me | brightplace,"searching for 3-bedroom townhomes to rent near you? here is how to search effectively, what to expect to pay, and what to check before signing.",townhomes for lease near me,recommended,590,26,transactional
https://www.brightplace.ai/resources/3-bedroom-townhomes-for-rent-near-me,3 Bedroom Townhomes for Rent Near Me | brightplace,"searching for 3-bedroom townhomes to rent near you? here is how to search effectively, what to expect to pay, and what to check before signing.",townhomes for rent near,recommended,110,18,transactional
https://www.brightplace.ai/resources/3-bedroom-townhomes-for-rent-near-me,3 Bedroom Townhomes for Rent Near Me | brightplace,"searching for 3-bedroom townhomes to rent near you? here is how to search effectively, what to expect to pay, and what to check before signing.",3 bedroom townhomes for rent near me,recommended,1300,18,transactional
https://www.brightplace.ai/resources/3-bedroom-townhomes-for-rent-near-me,3 Bedroom Townhomes for Rent Near Me | brightplace,"searching for 3-bedroom townhomes to rent near you? here is how to search effectively, what to expect to pay, and what to check before signing.",townhome rentals,recommended,1300,35,commercial
https://www.brightplace.ai/resources/3-bedroom-townhomes-for-rent-near-me,3 Bedroom Townhomes for Rent Near Me | brightplace,"searching for 3-bedroom townhomes to rent near you? here is how to search effectively, what to expect to pay, and what to check before signing.",townhomes duplexes for rent,recommended,170,20,informational
https://www.brightplace.ai/resources/3-bedroom-townhomes-for-rent-near-me,3 Bedroom Townhomes for Rent Near Me | brightplace,"searching for 3-bedroom townhomes to rent near you? here is how to search effectively, what to expect to pay, and what to check before signing.",4 bedroom townhomes for rent,recommended,1600,16,informational
https://www.brightplace.ai/resources/3-bedroom-townhomes-for-rent-near-me,3 Bedroom Townhomes for Rent Near Me | brightplace,"searching for 3-bedroom townhomes to rent near you? here is how to search effectively, what to expect to pay, and what to check before signing.",townhouses rent,recommended,90,21,transactional
https://www.brightplace.ai/resources/3-bedroom-townhomes-for-rent-near-me,3 Bedroom Townhomes for Rent Near Me | brightplace,"searching for 3-bedroom townhomes to rent near you? here is how to search effectively, what to expect to pay, and what to check before signing.",townhomes available for rent,recommended,90,22,informational
https://www.brightplace.ai/resources/3-bedroom-townhomes-for-rent-near-me,3 Bedroom Townhomes for Rent Near Me | brightplace,"searching for 3-bedroom townhomes to rent near you? here is how to search effectively, what to expect to pay, and what to check before signing.",apartment townhomes for rent near me,recommended,390,19,transactional
https://www.brightplace.ai/resources/3-bedroom-townhomes-for-rent-near-me,3 Bedroom Townhomes for Rent Near Me | brightplace,"searching for 3-bedroom townhomes to rent near you? here is how to search effectively, what to expect to pay, and what to check before signing.",renting townhomes,recommended,110,31,commercial
https://www.brightplace.ai/resources/3-bedroom-townhomes-for-rent-near-me,3 Bedroom Townhomes for Rent Near Me | brightplace,"searching for 3-bedroom townhomes to rent near you? here is how to search effectively, what to expect to pay, and what to check before signing.",rent townhomes,recommended,2400,28,commercial
https://www.brightplace.ai/resources/3-bedroom-townhomes-for-rent-near-me,3 Bedroom Townhomes for Rent Near Me | brightplace,"searching for 3-bedroom townhomes to rent near you? here is how to search effectively, what to expect to pay, and what to check before signing.",townhouse rentals,recommended,1900,28,commercial
https://www.brightplace.ai/resources/3-bedroom-townhomes-for-rent-near-me,3 Bedroom Townhomes for Rent Near Me | brightplace,"searching for 3-bedroom townhomes to rent near you? here is how to search effectively, what to expect to pay, and what to check before signing.",town homes for rent,recommended,2900,33,commercial
https://www.brightplace.ai/resources/3-bedroom-townhomes-for-rent-near-me,3 Bedroom Townhomes for Rent Near Me | brightplace,"searching for 3-bedroom townhomes to rent near you? here is how to search effectively, what to expect to pay, and what to check before signing.",rental townhouses near me,recommended,2900,38,transactional
https://www.brightplace.ai/resources/3-bedroom-townhomes-for-rent-near-me,3 Bedroom Townhomes for Rent Near Me | brightplace,"searching for 3-bedroom townhomes to rent near you? here is how to search effectively, what to expect to pay, and what to check before signing.",3 bedroom townhouse for rent near me,recommended,140,15,transactional
https://www.brightplace.ai/resources/3-bedroom-townhomes-for-rent-near-me,3 Bedroom Townhomes for Rent Near Me | brightplace,"searching for 3-bedroom townhomes to rent near you? here is how to search effectively, what to expect to pay, and what to check before signing.",affordable townhomes for rent,recommended,1600,25,transactional
https://www.brightplace.ai/resources/3-bedroom-townhomes-for-rent-near-me,3 Bedroom Townhomes for Rent Near Me | brightplace,"searching for 3-bedroom townhomes to rent near you? here is how to search effectively, what to expect to pay, and what to check before signing.",house and townhomes for rent,recommended,50,15,transactional
https://www.brightplace.ai/resources/3-bedroom-townhomes-for-rent-near-me,3 Bedroom Townhomes for Rent Near Me | brightplace,"searching for 3-bedroom townhomes to rent near you? here is how to search effectively, what to expect to pay, and what to check before signing.",3 bedroom townhomes near me,recommended,1000,22,transactional
https://www.brightplace.ai/resources/3-bedroom-townhomes-for-rent-near-me,3 Bedroom Townhomes for Rent Near Me | brightplace,"searching for 3-bedroom townhomes to rent near you? here is how to search effectively, what to expect to pay, and what to check before signing.",houses and townhomes for rent,recommended,260,17,transactional
https://www.brightplace.ai/guides/relocating-to-austin,Relocating to Austin Neighborhood Guide | brightplace,"moving to austin? a renter-focused guide to neighborhoods for relocators covering hyde park, barton hills, mueller, travis heights, south austin, and the suburbs.",how to move to austin texas,recommended,50,20,informational
https://www.brightplace.ai/guides/relocating-to-austin,Relocating to Austin Neighborhood Guide | brightplace,"moving to austin? a renter-focused guide to neighborhoods for relocators covering hyde park, barton hills, mueller, travis heights, south austin, and the suburbs.",where to live near austin tx,recommended,40,19,informational
https://www.brightplace.ai/guides/relocating-to-austin,Relocating to Austin Neighborhood Guide | brightplace,"moving to austin? a renter-focused guide to neighborhoods for relocators covering hyde park, barton hills, mueller, travis heights, south austin, and the suburbs.",how to find an apartment in austin,recommended,30,40,informational
https://www.brightplace.ai/guides/relocating-to-austin,Relocating to Austin Neighborhood Guide | brightplace,"moving to austin? a renter-focused guide to neighborhoods for relocators covering hyde park, barton hills, mueller, travis heights, south austin, and the suburbs.",neighborhoods austin,recommended,260,17,informational
https://www.brightplace.ai/guides/relocating-to-austin,Relocating to Austin Neighborhood Guide | brightplace,"moving to austin? a renter-focused guide to neighborhoods for relocators covering hyde park, barton hills, mueller, travis heights, south austin, and the suburbs.",nice places to live in austin,recommended,720,12,informational
https://www.brightplace.ai/guides/relocating-to-austin,Relocating to Austin Neighborhood Guide | brightplace,"moving to austin? a renter-focused guide to neighborhoods for relocators covering hyde park, barton hills, mueller, travis heights, south austin, and the suburbs.",austin texas best areas to live,recommended,880,17,commercial
https://www.brightplace.ai/guides/relocating-to-austin,Relocating to Austin Neighborhood Guide | brightplace,"moving to austin? a renter-focused guide to neighborhoods for relocators covering hyde park, barton hills, mueller, travis heights, south austin, and the suburbs.",best places to live in austin,recommended,880,23,commercial
https://www.brightplace.ai/guides/relocating-to-austin,Relocating to Austin Neighborhood Guide | brightplace,"moving to austin? a renter-focused guide to neighborhoods for relocators covering hyde park, barton hills, mueller, travis heights, south austin, and the suburbs.",apartments in austin,recommended,3600,59,navigational
https://www.brightplace.ai/guides/relocating-to-austin,Relocating to Austin Neighborhood Guide | brightplace,"moving to austin? a renter-focused guide to neighborhoods for relocators covering hyde park, barton hills, mueller, travis heights, south austin, and the suburbs.",best areas to live in austin,recommended,590,25,commercial
https://www.brightplace.ai/guides/relocating-to-austin,Relocating to Austin Neighborhood Guide | brightplace,"moving to austin? a renter-focused guide to neighborhoods for relocators covering hyde park, barton hills, mueller, travis heights, south austin, and the suburbs.",good neighborhoods in austin tx,recommended,390,21,informational
https://www.brightplace.ai/guides/relocating-to-austin,Relocating to Austin Neighborhood Guide | brightplace,"moving to austin? a renter-focused guide to neighborhoods for relocators covering hyde park, barton hills, mueller, travis heights, south austin, and the suburbs.",best neighborhoods to stay in austin tx,recommended,320,21,commercial
https://www.brightplace.ai/guides/relocating-to-austin,Relocating to Austin Neighborhood Guide | brightplace,"moving to austin? a renter-focused guide to neighborhoods for relocators covering hyde park, barton hills, mueller, travis heights, south austin, and the suburbs.",places to live in austin texas,recommended,140,8,"informational, commercial"
https://www.brightplace.ai/guides/relocating-to-austin,Relocating to Austin Neighborhood Guide | brightplace,"moving to austin? a renter-focused guide to neighborhoods for relocators covering hyde park, barton hills, mueller, travis heights, south austin, and the suburbs.",best areas around austin to live,recommended,70,20,commercial
https://www.brightplace.ai/guides/relocating-to-austin,Relocating to Austin Neighborhood Guide | brightplace,"moving to austin? a renter-focused guide to neighborhoods for relocators covering hyde park, barton hills, mueller, travis heights, south austin, and the suburbs.",austin tx neighborhoods,recommended,210,19,informational
https://www.brightplace.ai/guides/relocating-to-austin,Relocating to Austin Neighborhood Guide | brightplace,"moving to austin? a renter-focused guide to neighborhoods for relocators covering hyde park, barton hills, mueller, travis heights, south austin, and the suburbs.",austin neighborhood guide,recommended,90,3,informational
https://www.brightplace.ai/guides/relocating-to-austin,Relocating to Austin Neighborhood Guide | brightplace,"moving to austin? a renter-focused guide to neighborhoods for relocators covering hyde park, barton hills, mueller, travis heights, south austin, and the suburbs.",austin texas where to live,recommended,40,11,informational
https://www.brightplace.ai/guides/relocating-to-austin,Relocating to Austin Neighborhood Guide | brightplace,"moving to austin? a renter-focused guide to neighborhoods for relocators covering hyde park, barton hills, mueller, travis heights, south austin, and the suburbs.",housing rentals austin,recommended,170,44,commercial
https://www.brightplace.ai/guides/relocating-to-austin,Relocating to Austin Neighborhood Guide | brightplace,"moving to austin? a renter-focused guide to neighborhoods for relocators covering hyde park, barton hills, mueller, travis heights, south austin, and the suburbs.",best places to live around austin tx,recommended,70,26,commercial
https://www.brightplace.ai/guides/relocating-to-austin,Relocating to Austin Neighborhood Guide | brightplace,"moving to austin? a renter-focused guide to neighborhoods for relocators covering hyde park, barton hills, mueller, travis heights, south austin, and the suburbs.",neighborhood austin,recommended,40,16,informational
https://www.brightplace.ai/guides/relocating-to-austin,Relocating to Austin Neighborhood Guide | brightplace,"moving to austin? a renter-focused guide to neighborhoods for relocators covering hyde park, barton hills, mueller, travis heights, south austin, and the suburbs.",best neighborhoods for apartments near austin,recommended,40,23,commercial
https://www.brightplace.ai/guides/relocating-to-austin,Relocating to Austin Neighborhood Guide | brightplace,"moving to austin? a renter-focused guide to neighborhoods for relocators covering hyde park, barton hills, mueller, travis heights, south austin, and the suburbs.",austin communities,recommended,30,22,commercial
https://www.brightplace.ai/guides/relocating-to-austin,Relocating to Austin Neighborhood Guide | brightplace,"moving to austin? a renter-focused guide to neighborhoods for relocators covering hyde park, barton hills, mueller, travis heights, south austin, and the suburbs.",housing austin texas,recommended,110,57,commercial
https://www.brightplace.ai/guides/relocating-to-austin,Relocating to Austin Neighborhood Guide | brightplace,"moving to austin? a renter-focused guide to neighborhoods for relocators covering hyde park, barton hills, mueller, travis heights, south austin, and the suburbs.",housing for rent austin tx,recommended,40,40,commercial
https://www.brightplace.ai/guides/relocating-to-austin,Relocating to Austin Neighborhood Guide | brightplace,"moving to austin? a renter-focused guide to neighborhoods for relocators covering hyde park, barton hills, mueller, travis heights, south austin, and the suburbs.",find apartments austin,recommended,50,54,commercial
https://www.brightplace.ai/guides/relocating-to-austin,Relocating to Austin Neighborhood Guide | brightplace,"moving to austin? a renter-focused guide to neighborhoods for relocators covering hyde park, barton hills, mueller, travis heights, south austin, and the suburbs.",austin neighborhood guide for renters,recommended,0,0,
https://www.brightplace.ai/guides/relocating-to-austin,Relocating to Austin Neighborhood Guide | brightplace,"moving to austin? a renter-focused guide to neighborhoods for relocators covering hyde park, barton hills, mueller, travis heights, south austin, and the suburbs.",moving to austin neighborhoods,recommended,0,0,
https://www.brightplace.ai/guides/relocating-to-austin,Relocating to Austin Neighborhood Guide | brightplace,"moving to austin? a renter-focused guide to neighborhoods for relocators covering hyde park, barton hills, mueller, travis heights, south austin, and the suburbs.",austin relocation guide,recommended,0,0,
https://www.brightplace.ai/guides/relocating-to-austin,Relocating to Austin Neighborhood Guide | brightplace,"moving to austin? a renter-focused guide to neighborhoods for relocators covering hyde park, barton hills, mueller, travis heights, south austin, and the suburbs.",best neighborhoods to rent in austin,recommended,0,0,
https://www.brightplace.ai/guides/relocating-to-austin,Relocating to Austin Neighborhood Guide | brightplace,"moving to austin? a renter-focused guide to neighborhoods for relocators covering hyde park, barton hills, mueller, travis heights, south austin, and the suburbs.",austin apartments for new residents,recommended,0,0,
https://www.brightplace.ai/guides/relocating-to-austin,Relocating to Austin Neighborhood Guide | brightplace,"moving to austin? a renter-focused guide to neighborhoods for relocators covering hyde park, barton hills, mueller, travis heights, south austin, and the suburbs.",moving to austin tx,recommended,480,12,informational
https://www.brightplace.ai/resources/jack-flats-apartments-melrose,"Jack Flats Apartments Melrose, MA | brightplace","jack flats apartments melrose, ma: 212 loft-style units near boston commuter rail. pricing, unit collections, and what to know.",apartments for rent melrose ma,recommended,320,16,informational
https://www.brightplace.ai/resources/jack-flats-apartments-melrose,"Jack Flats Apartments Melrose, MA | brightplace","jack flats apartments melrose, ma: 212 loft-style units near boston commuter rail. pricing, unit collections, and what to know.",melrose ma rentals,recommended,210,19,informational
https://www.brightplace.ai/resources/jack-flats-apartments-melrose,"Jack Flats Apartments Melrose, MA | brightplace","jack flats apartments melrose, ma: 212 loft-style units near boston commuter rail. pricing, unit collections, and what to know.",melrose apartments for rent,recommended,260,31,commercial
https://www.brightplace.ai/resources/jack-flats-apartments-melrose,"Jack Flats Apartments Melrose, MA | brightplace","jack flats apartments melrose, ma: 212 loft-style units near boston commuter rail. pricing, unit collections, and what to know.",apartments in melrose,recommended,260,33,commercial
https://www.brightplace.ai/resources/jack-flats-apartments-melrose,"Jack Flats Apartments Melrose, MA | brightplace","jack flats apartments melrose, ma: 212 loft-style units near boston commuter rail. pricing, unit collections, and what to know.",melrose ma apartments,recommended,260,37,commercial
https://www.brightplace.ai/resources/jack-flats-apartments-melrose,"Jack Flats Apartments Melrose, MA | brightplace","jack flats apartments melrose, ma: 212 loft-style units near boston commuter rail. pricing, unit collections, and what to know.",apartments in melrose ma,recommended,210,37,commercial
https://www.brightplace.ai/resources/jack-flats-apartments-melrose,"Jack Flats Apartments Melrose, MA | brightplace","jack flats apartments melrose, ma: 212 loft-style units near boston commuter rail. pricing, unit collections, and what to know.",homes for rent melrose ma,recommended,40,12,"informational, transactional"
https://www.brightplace.ai/resources/jack-flats-apartments-melrose,"Jack Flats Apartments Melrose, MA | brightplace","jack flats apartments melrose, ma: 212 loft-style units near boston commuter rail. pricing, unit collections, and what to know.",apartment melrose ma,recommended,70,30,commercial
https://www.brightplace.ai/resources/jack-flats-apartments-melrose,"Jack Flats Apartments Melrose, MA | brightplace","jack flats apartments melrose, ma: 212 loft-style units near boston commuter rail. pricing, unit collections, and what to know.",apartments near melrose,recommended,40,23,commercial
https://www.brightplace.ai/resources/jack-flats-apartments-melrose,"Jack Flats Apartments Melrose, MA | brightplace","jack flats apartments melrose, ma: 212 loft-style units near boston commuter rail. pricing, unit collections, and what to know.",apartment complexes in melrose ma,recommended,40,26,commercial
https://www.brightplace.ai/resources/jack-flats-apartments-melrose,"Jack Flats Apartments Melrose, MA | brightplace","jack flats apartments melrose, ma: 212 loft-style units near boston commuter rail. pricing, unit collections, and what to know.",melrose ma loft apartments,recommended,0,0,
https://www.brightplace.ai/resources/jack-flats-apartments-melrose,"Jack Flats Apartments Melrose, MA | brightplace","jack flats apartments melrose, ma: 212 loft-style units near boston commuter rail. pricing, unit collections, and what to know.",jack flats apartments melrose ma,recommended,0,0,
https://www.brightplace.ai/resources/jack-flats-apartments-melrose,"Jack Flats Apartments Melrose, MA | brightplace","jack flats apartments melrose, ma: 212 loft-style units near boston commuter rail. pricing, unit collections, and what to know.",renting in melrose massachusetts,recommended,0,0,
https://www.brightplace.ai/guides/houston-city-orientation,Renting in Houston: Neighborhood Guide (2026) | brightplace,"houston neighborhoods for renters, explained. rent ranges, commute realities, lifestyle fit, and what to expect across the sprawling metro area.",how to find apartments in houston,recommended,50,39,informational
https://www.brightplace.ai/guides/houston-city-orientation,Renting in Houston: Neighborhood Guide (2026) | brightplace,"houston neighborhoods for renters, explained. rent ranges, commute realities, lifestyle fit, and what to expect across the sprawling metro area.",how to find an apartment in houston,recommended,30,48,informational
https://www.brightplace.ai/guides/houston-city-orientation,Renting in Houston: Neighborhood Guide (2026) | brightplace,"houston neighborhoods for renters, explained. rent ranges, commute realities, lifestyle fit, and what to expect across the sprawling metro area.",best parts of houston to live,recommended,210,19,commercial
https://www.brightplace.ai/guides/houston-city-orientation,Renting in Houston: Neighborhood Guide (2026) | brightplace,"houston neighborhoods for renters, explained. rent ranges, commute realities, lifestyle fit, and what to expect across the sprawling metro area.",areas to live in houston,recommended,90,18,informational
https://www.brightplace.ai/guides/houston-city-orientation,Renting in Houston: Neighborhood Guide (2026) | brightplace,"houston neighborhoods for renters, explained. rent ranges, commute realities, lifestyle fit, and what to expect across the sprawling metro area.",best places to live around houston,recommended,40,16,commercial
https://www.brightplace.ai/guides/houston-city-orientation,Renting in Houston: Neighborhood Guide (2026) | brightplace,"houston neighborhoods for renters, explained. rent ranges, commute realities, lifestyle fit, and what to expect across the sprawling metro area.",houston tx neighborhoods,recommended,40,28,informational
https://www.brightplace.ai/guides/houston-city-orientation,Renting in Houston: Neighborhood Guide (2026) | brightplace,"houston neighborhoods for renters, explained. rent ranges, commute realities, lifestyle fit, and what to expect across the sprawling metro area.",apartments in houston texas for rent,recommended,90,56,navigational
https://www.brightplace.ai/guides/houston-city-orientation,Renting in Houston: Neighborhood Guide (2026) | brightplace,"houston neighborhoods for renters, explained. rent ranges, commute realities, lifestyle fit, and what to expect across the sprawling metro area.",houston rental apartments,recommended,70,57,navigational
https://www.brightplace.ai/guides/houston-city-orientation,Renting in Houston: Neighborhood Guide (2026) | brightplace,"houston neighborhoods for renters, explained. rent ranges, commute realities, lifestyle fit, and what to expect across the sprawling metro area.",houston neighborhoods for renters,recommended,0,0,
https://www.brightplace.ai/guides/houston-city-orientation,Renting in Houston: Neighborhood Guide (2026) | brightplace,"houston neighborhoods for renters, explained. rent ranges, commute realities, lifestyle fit, and what to expect across the sprawling metro area.",renting in houston neighborhood guide,recommended,0,0,
https://www.brightplace.ai/guides/houston-city-orientation,Renting in Houston: Neighborhood Guide (2026) | brightplace,"houston neighborhoods for renters, explained. rent ranges, commute realities, lifestyle fit, and what to expect across the sprawling metro area.",houston apartment guide,recommended,0,0,
https://www.brightplace.ai/guides/houston-city-orientation,Renting in Houston: Neighborhood Guide (2026) | brightplace,"houston neighborhoods for renters, explained. rent ranges, commute realities, lifestyle fit, and what to expect across the sprawling metro area.",houston metro area rentals,recommended,0,0,
https://www.brightplace.ai/guides/houston-city-orientation,Renting in Houston: Neighborhood Guide (2026) | brightplace,"houston neighborhoods for renters, explained. rent ranges, commute realities, lifestyle fit, and what to expect across the sprawling metro area.",best neighborhoods to live in houston,recommended,0,0,
https://www.brightplace.ai/guides/houston-city-orientation,Renting in Houston: Neighborhood Guide (2026) | brightplace,"houston neighborhoods for renters, explained. rent ranges, commute realities, lifestyle fit, and what to expect across the sprawling metro area.",good areas to live in houston tx,recommended,140,14,informational
https://www.brightplace.ai/guides/houston-city-orientation,Renting in Houston: Neighborhood Guide (2026) | brightplace,"houston neighborhoods for renters, explained. rent ranges, commute realities, lifestyle fit, and what to expect across the sprawling metro area.",houston texas areas to live,recommended,70,17,informational
https://www.brightplace.ai/guides/houston-city-orientation,Renting in Houston: Neighborhood Guide (2026) | brightplace,"houston neighborhoods for renters, explained. rent ranges, commute realities, lifestyle fit, and what to expect across the sprawling metro area.",best places to live houston,recommended,90,17,commercial
https://www.brightplace.ai/guides/houston-city-orientation,Renting in Houston: Neighborhood Guide (2026) | brightplace,"houston neighborhoods for renters, explained. rent ranges, commute realities, lifestyle fit, and what to expect across the sprawling metro area.",best areas around houston to live,recommended,30,20,commercial
https://www.brightplace.ai/guides/houston-city-orientation,Renting in Houston: Neighborhood Guide (2026) | brightplace,"houston neighborhoods for renters, explained. rent ranges, commute realities, lifestyle fit, and what to expect across the sprawling metro area.",places in houston texas to live,recommended,90,21,"informational, commercial"
https://www.brightplace.ai/guides/houston-city-orientation,Renting in Houston: Neighborhood Guide (2026) | brightplace,"houston neighborhoods for renters, explained. rent ranges, commute realities, lifestyle fit, and what to expect across the sprawling metro area.",best neighborhoods in houston,recommended,1000,21,commercial
https://www.brightplace.ai/guides/houston-city-orientation,Renting in Houston: Neighborhood Guide (2026) | brightplace,"houston neighborhoods for renters, explained. rent ranges, commute realities, lifestyle fit, and what to expect across the sprawling metro area.",great places to live in houston,recommended,1300,22,"informational, commercial"
https://www.brightplace.ai/guides/houston-city-orientation,Renting in Houston: Neighborhood Guide (2026) | brightplace,"houston neighborhoods for renters, explained. rent ranges, commute realities, lifestyle fit, and what to expect across the sprawling metro area.",best areas to live in houston,recommended,1300,24,commercial
https://www.brightplace.ai/guides/houston-city-orientation,Renting in Houston: Neighborhood Guide (2026) | brightplace,"houston neighborhoods for renters, explained. rent ranges, commute realities, lifestyle fit, and what to expect across the sprawling metro area.",casas para rentar en houston,recommended,50,29,informational
https://www.brightplace.ai/guides/houston-city-orientation,Renting in Houston: Neighborhood Guide (2026) | brightplace,"houston neighborhoods for renters, explained. rent ranges, commute realities, lifestyle fit, and what to expect across the sprawling metro area.",rental homes in houston,recommended,880,42,informational
https://www.brightplace.ai/guides/houston-city-orientation,Renting in Houston: Neighborhood Guide (2026) | brightplace,"houston neighborhoods for renters, explained. rent ranges, commute realities, lifestyle fit, and what to expect across the sprawling metro area.",houses for rent in houston area,recommended,90,44,commercial
https://www.brightplace.ai/guides/houston-city-orientation,Renting in Houston: Neighborhood Guide (2026) | brightplace,"houston neighborhoods for renters, explained. rent ranges, commute realities, lifestyle fit, and what to expect across the sprawling metro area.",houses for rent near houston tx,recommended,70,44,informational
https://www.brightplace.ai/guides/houston-city-orientation,Renting in Houston: Neighborhood Guide (2026) | brightplace,"houston neighborhoods for renters, explained. rent ranges, commute realities, lifestyle fit, and what to expect across the sprawling metro area.",houston rent homes,recommended,70,44,commercial
https://www.brightplace.ai/guides/houston-city-orientation,Renting in Houston: Neighborhood Guide (2026) | brightplace,"houston neighborhoods for renters, explained. rent ranges, commute realities, lifestyle fit, and what to expect across the sprawling metro area.",house rentals in houston texas,recommended,90,44,informational
https://www.brightplace.ai/guides/houston-city-orientation,Renting in Houston: Neighborhood Guide (2026) | brightplace,"houston neighborhoods for renters, explained. rent ranges, commute realities, lifestyle fit, and what to expect across the sprawling metro area.",houston texas rent houses,recommended,70,45,commercial
https://www.brightplace.ai/guides/houston-city-orientation,Renting in Houston: Neighborhood Guide (2026) | brightplace,"houston neighborhoods for renters, explained. rent ranges, commute realities, lifestyle fit, and what to expect across the sprawling metro area.",rent houses in houston tx,recommended,110,46,informational
https://www.brightplace.ai/guides/houston-city-orientation,Renting in Houston: Neighborhood Guide (2026) | brightplace,"houston neighborhoods for renters, explained. rent ranges, commute realities, lifestyle fit, and what to expect across the sprawling metro area.",rent homes in houston,recommended,260,46,informational
https://www.brightplace.ai/resources/pet-friendly-apartments-greenville-sc,Pet-Friendly Apartments Greenville SC | brightplace,"pet-friendly apartments in greenville, sc vary on fees, breed rules, and outdoor access. here is what to expect before you search.",pet friendly apartments greenville sc,recommended,140,1,commercial
https://www.brightplace.ai/resources/pet-friendly-apartments-greenville-sc,Pet-Friendly Apartments Greenville SC | brightplace,"pet-friendly apartments in greenville, sc vary on fees, breed rules, and outdoor access. here is what to expect before you search.",pet friendly greenville apartments,recommended,110,12,navigational
https://www.brightplace.ai/resources/pet-friendly-apartments-greenville-sc,Pet-Friendly Apartments Greenville SC | brightplace,"pet-friendly apartments in greenville, sc vary on fees, breed rules, and outdoor access. here is what to expect before you search.",greenville sc apartments pets allowed,recommended,0,0,
https://www.brightplace.ai/resources/pet-friendly-apartments-greenville-sc,Pet-Friendly Apartments Greenville SC | brightplace,"pet-friendly apartments in greenville, sc vary on fees, breed rules, and outdoor access. here is what to expect before you search.",greenville sc pet friendly housing,recommended,0,0,
https://www.brightplace.ai/resources/pet-friendly-apartments-greenville-sc,Pet-Friendly Apartments Greenville SC | brightplace,"pet-friendly apartments in greenville, sc vary on fees, breed rules, and outdoor access. here is what to expect before you search.",apartments for rent greenville sc pet policy,recommended,0,0,
https://www.brightplace.ai/resources/pet-friendly-apartments-greenville-sc,Pet-Friendly Apartments Greenville SC | brightplace,"pet-friendly apartments in greenville, sc vary on fees, breed rules, and outdoor access. here is what to expect before you search.",renting with pets greenville sc,recommended,0,0,
https://www.brightplace.ai/resources/short-term-lease-agreement,Short-Term Lease Agreement: Furnished Apartments & Month-to-Month Rentals | brightplace,"what is a short-term lease agreement? learn what it covers, how it differs from month-to-month, where to find furnished apartments, and what to check before signing.",how to find short term lease apartments,recommended,170,35,informational
https://www.brightplace.ai/resources/short-term-lease-agreement,Short-Term Lease Agreement: Furnished Apartments & Month-to-Month Rentals | brightplace,"what is a short-term lease agreement? learn what it covers, how it differs from month-to-month, where to find furnished apartments, and what to check before signing.",short term lease apartments near me,recommended,3600,29,transactional
https://www.brightplace.ai/resources/short-term-lease-agreement,Short-Term Lease Agreement: Furnished Apartments & Month-to-Month Rentals | brightplace,"what is a short-term lease agreement? learn what it covers, how it differs from month-to-month, where to find furnished apartments, and what to check before signing.",short term renting,recommended,480,61,commercial
https://www.brightplace.ai/resources/short-term-lease-agreement,Short-Term Lease Agreement: Furnished Apartments & Month-to-Month Rentals | brightplace,"what is a short-term lease agreement? learn what it covers, how it differs from month-to-month, where to find furnished apartments, and what to check before signing.",furnished short term lease apartments,recommended,880,48,commercial
https://www.brightplace.ai/resources/short-term-lease-agreement,Short-Term Lease Agreement: Furnished Apartments & Month-to-Month Rentals | brightplace,"what is a short-term lease agreement? learn what it covers, how it differs from month-to-month, where to find furnished apartments, and what to check before signing.",short term lease agreement,recommended,1000,28,informational
https://www.brightplace.ai/resources/short-term-lease-agreement,Short-Term Lease Agreement: Furnished Apartments & Month-to-Month Rentals | brightplace,"what is a short-term lease agreement? learn what it covers, how it differs from month-to-month, where to find furnished apartments, and what to check before signing.",month to month lease apartments,recommended,590,50,informational
https://www.brightplace.ai/resources/short-term-lease-agreement,Short-Term Lease Agreement: Furnished Apartments & Month-to-Month Rentals | brightplace,"what is a short-term lease agreement? learn what it covers, how it differs from month-to-month, where to find furnished apartments, and what to check before signing.",apartments short term rental,recommended,720,51,commercial
https://www.brightplace.ai/resources/short-term-lease-agreement,Short-Term Lease Agreement: Furnished Apartments & Month-to-Month Rentals | brightplace,"what is a short-term lease agreement? learn what it covers, how it differs from month-to-month, where to find furnished apartments, and what to check before signing.",short term rental agreements,recommended,320,28,informational
https://www.brightplace.ai/resources/short-term-lease-agreement,Short-Term Lease Agreement: Furnished Apartments & Month-to-Month Rentals | brightplace,"what is a short-term lease agreement? learn what it covers, how it differs from month-to-month, where to find furnished apartments, and what to check before signing.",short term leasing apartments,recommended,140,35,commercial
https://www.brightplace.ai/resources/short-term-lease-agreement,Short-Term Lease Agreement: Furnished Apartments & Month-to-Month Rentals | brightplace,"what is a short-term lease agreement? learn what it covers, how it differs from month-to-month, where to find furnished apartments, and what to check before signing.",short term lease contract,recommended,390,33,informational
https://www.brightplace.ai/resources/short-term-lease-agreement,Short-Term Lease Agreement: Furnished Apartments & Month-to-Month Rentals | brightplace,"what is a short-term lease agreement? learn what it covers, how it differs from month-to-month, where to find furnished apartments, and what to check before signing.",short term furnished rental apartments,recommended,590,59,commercial
https://www.brightplace.ai/resources/short-term-lease-agreement,Short-Term Lease Agreement: Furnished Apartments & Month-to-Month Rentals | brightplace,"what is a short-term lease agreement? learn what it covers, how it differs from month-to-month, where to find furnished apartments, and what to check before signing.",short term apartments,recommended,880,50,navigational
https://www.brightplace.ai/resources/short-term-lease-agreement,Short-Term Lease Agreement: Furnished Apartments & Month-to-Month Rentals | brightplace,"what is a short-term lease agreement? learn what it covers, how it differs from month-to-month, where to find furnished apartments, and what to check before signing.",short term apartments for rent near me,recommended,90,60,transactional
https://www.brightplace.ai/resources/short-term-lease-agreement,Short-Term Lease Agreement: Furnished Apartments & Month-to-Month Rentals | brightplace,"what is a short-term lease agreement? learn what it covers, how it differs from month-to-month, where to find furnished apartments, and what to check before signing.",short term leases,recommended,720,50,informational
https://www.brightplace.ai/resources/short-term-lease-agreement,Short-Term Lease Agreement: Furnished Apartments & Month-to-Month Rentals | brightplace,"what is a short-term lease agreement? learn what it covers, how it differs from month-to-month, where to find furnished apartments, and what to check before signing.",short term apartment rentals near me,recommended,1600,63,transactional
https://www.brightplace.ai/resources/short-term-lease-agreement,Short-Term Lease Agreement: Furnished Apartments & Month-to-Month Rentals | brightplace,"what is a short-term lease agreement? learn what it covers, how it differs from month-to-month, where to find furnished apartments, and what to check before signing.",apartments with month to month lease,recommended,210,34,informational
https://www.brightplace.ai/resources/short-term-lease-agreement,Short-Term Lease Agreement: Furnished Apartments & Month-to-Month Rentals | brightplace,"what is a short-term lease agreement? learn what it covers, how it differs from month-to-month, where to find furnished apartments, and what to check before signing.",month to month apartment rentals,recommended,480,64,commercial
https://www.brightplace.ai/resources/short-term-lease-agreement,Short-Term Lease Agreement: Furnished Apartments & Month-to-Month Rentals | brightplace,"what is a short-term lease agreement? learn what it covers, how it differs from month-to-month, where to find furnished apartments, and what to check before signing.",short term rental lease agreement,recommended,110,29,informational
https://www.brightplace.ai/resources/short-term-lease-agreement,Short-Term Lease Agreement: Furnished Apartments & Month-to-Month Rentals | brightplace,"what is a short-term lease agreement? learn what it covers, how it differs from month-to-month, where to find furnished apartments, and what to check before signing.",rental agreement short term,recommended,70,22,informational
https://www.brightplace.ai/resources/short-term-lease-agreement,Short-Term Lease Agreement: Furnished Apartments & Month-to-Month Rentals | brightplace,"what is a short-term lease agreement? learn what it covers, how it differs from month-to-month, where to find furnished apartments, and what to check before signing.",apartments short term lease,recommended,260,56,commercial
https://www.brightplace.ai/resources/short-term-lease-agreement,Short-Term Lease Agreement: Furnished Apartments & Month-to-Month Rentals | brightplace,"what is a short-term lease agreement? learn what it covers, how it differs from month-to-month, where to find furnished apartments, and what to check before signing.",short term apartment lease,recommended,320,60,informational
https://www.brightplace.ai/resources/short-term-lease-agreement,Short-Term Lease Agreement: Furnished Apartments & Month-to-Month Rentals | brightplace,"what is a short-term lease agreement? learn what it covers, how it differs from month-to-month, where to find furnished apartments, and what to check before signing.",apartment short term rental,recommended,260,60,commercial
https://www.brightplace.ai/resources/short-term-lease-agreement,Short-Term Lease Agreement: Furnished Apartments & Month-to-Month Rentals | brightplace,"what is a short-term lease agreement? learn what it covers, how it differs from month-to-month, where to find furnished apartments, and what to check before signing.",short term apt rentals,recommended,1000,70,commercial
https://www.brightplace.ai/resources/short-term-lease-agreement,Short-Term Lease Agreement: Furnished Apartments & Month-to-Month Rentals | brightplace,"what is a short-term lease agreement? learn what it covers, how it differs from month-to-month, where to find furnished apartments, and what to check before signing.",short term furnished apartment,recommended,320,64,commercial
https://www.brightplace.ai/resources/short-term-lease-agreement,Short-Term Lease Agreement: Furnished Apartments & Month-to-Month Rentals | brightplace,"what is a short-term lease agreement? learn what it covers, how it differs from month-to-month, where to find furnished apartments, and what to check before signing.",short term housing lease,recommended,320,53,informational
https://www.brightplace.ai/resources/short-term-lease-agreement,Short-Term Lease Agreement: Furnished Apartments & Month-to-Month Rentals | brightplace,"what is a short-term lease agreement? learn what it covers, how it differs from month-to-month, where to find furnished apartments, and what to check before signing.",short term lease apartment near me,recommended,210,47,transactional
https://www.brightplace.ai/resources/short-term-lease-agreement,Short-Term Lease Agreement: Furnished Apartments & Month-to-Month Rentals | brightplace,"what is a short-term lease agreement? learn what it covers, how it differs from month-to-month, where to find furnished apartments, and what to check before signing.",month to month apartment rental,recommended,170,54,informational
https://www.brightplace.ai/resources/short-term-lease-agreement,Short-Term Lease Agreement: Furnished Apartments & Month-to-Month Rentals | brightplace,"what is a short-term lease agreement? learn what it covers, how it differs from month-to-month, where to find furnished apartments, and what to check before signing.",short rental lease agreement,recommended,30,22,informational
https://www.brightplace.ai/resources/short-term-lease-agreement,Short-Term Lease Agreement: Furnished Apartments & Month-to-Month Rentals | brightplace,"what is a short-term lease agreement? learn what it covers, how it differs from month-to-month, where to find furnished apartments, and what to check before signing.",short term lease property,recommended,140,47,commercial
https://www.brightplace.ai/resources/short-term-lease-agreement,Short-Term Lease Agreement: Furnished Apartments & Month-to-Month Rentals | brightplace,"what is a short-term lease agreement? learn what it covers, how it differs from month-to-month, where to find furnished apartments, and what to check before signing.",short stay apartment rentals,recommended,260,59,commercial
https://www.brightplace.ai/guides/how-to-rent-an-apartment,How to Rent an Apartment: A Step-by-Step Guide,"learn how to rent an apartment in six steps: budget, search, research, tour, apply, and sign. covers true monthly costs, credit scores, fees, and documents.",how to rent an apartmenthow to rent an apartment,recommended,2400,37,informational
https://www.brightplace.ai/guides/how-to-rent-an-apartment,How to Rent an Apartment: A Step-by-Step Guide,"learn how to rent an apartment in six steps: budget, search, research, tour, apply, and sign. covers true monthly costs, credit scores, fees, and documents.",how to get an apartment,recommended,880,24,informational
https://www.brightplace.ai/guides/how-to-rent-an-apartment,How to Rent an Apartment: A Step-by-Step Guide,"learn how to rent an apartment in six steps: budget, search, research, tour, apply, and sign. covers true monthly costs, credit scores, fees, and documents.",apartment renting guide,recommended,140,22,informational
https://www.brightplace.ai/guides/how-to-rent-an-apartment,How to Rent an Apartment: A Step-by-Step Guide,"learn how to rent an apartment in six steps: budget, search, research, tour, apply, and sign. covers true monthly costs, credit scores, fees, and documents.",how to lease an apartment,recommended,110,31,informational
https://www.brightplace.ai/guides/how-to-rent-an-apartment,How to Rent an Apartment: A Step-by-Step Guide,"learn how to rent an apartment in six steps: budget, search, research, tour, apply, and sign. covers true monthly costs, credit scores, fees, and documents.",how to rent your first apartment,recommended,70,22,informational
https://www.brightplace.ai/guides/how-to-rent-an-apartment,How to Rent an Apartment: A Step-by-Step Guide,"learn how to rent an apartment in six steps: budget, search, research, tour, apply, and sign. covers true monthly costs, credit scores, fees, and documents.",how to rent an apartment for the first time,recommended,70,24,informational
https://www.brightplace.ai/guides/how-to-rent-an-apartment,How to Rent an Apartment: A Step-by-Step Guide,"learn how to rent an apartment in six steps: budget, search, research, tour, apply, and sign. covers true monthly costs, credit scores, fees, and documents.",renting apartment,recommended,590,100,commercial
https://www.brightplace.ai/guides/how-to-rent-an-apartment,How to Rent an Apartment: A Step-by-Step Guide,"learn how to rent an apartment in six steps: budget, search, research, tour, apply, and sign. covers true monthly costs, credit scores, fees, and documents.",how to rent out an apartment,recommended,140,41,informational
https://www.brightplace.ai/guides/how-to-rent-an-apartment,How to Rent an Apartment: A Step-by-Step Guide,"learn how to rent an apartment in six steps: budget, search, research, tour, apply, and sign. covers true monthly costs, credit scores, fees, and documents.",what to know when renting an apartment,recommended,50,24,informational
https://www.brightplace.ai/guides/how-to-rent-an-apartment,How to Rent an Apartment: A Step-by-Step Guide,"learn how to rent an apartment in six steps: budget, search, research, tour, apply, and sign. covers true monthly costs, credit scores, fees, and documents.",how to rent a apartment,recommended,70,37,informational
https://www.brightplace.ai/guides/how-to-rent-an-apartment,How to Rent an Apartment: A Step-by-Step Guide,"learn how to rent an apartment in six steps: budget, search, research, tour, apply, and sign. covers true monthly costs, credit scores, fees, and documents.",steps to get an apartment,recommended,40,23,informational
https://www.brightplace.ai/guides/how-to-rent-an-apartment,How to Rent an Apartment: A Step-by-Step Guide,"learn how to rent an apartment in six steps: budget, search, research, tour, apply, and sign. covers true monthly costs, credit scores, fees, and documents.",process of getting an apartment,recommended,50,31,informational
https://www.brightplace.ai/guides/how-to-rent-an-apartment,How to Rent an Apartment: A Step-by-Step Guide,"learn how to rent an apartment in six steps: budget, search, research, tour, apply, and sign. covers true monthly costs, credit scores, fees, and documents.",guide to renting an apartment,recommended,40,27,informational
https://www.brightplace.ai/guides/how-to-rent-an-apartment,How to Rent an Apartment: A Step-by-Step Guide,"learn how to rent an apartment in six steps: budget, search, research, tour, apply, and sign. covers true monthly costs, credit scores, fees, and documents.",how to get an apartment for the first time,recommended,30,20,informational
https://www.brightplace.ai/guides/how-to-rent-an-apartment,How to Rent an Apartment: A Step-by-Step Guide,"learn how to rent an apartment in six steps: budget, search, research, tour, apply, and sign. covers true monthly costs, credit scores, fees, and documents.",apartment rental process,recommended,40,28,informational
https://www.brightplace.ai/guides/how-to-rent-an-apartment,How to Rent an Apartment: A Step-by-Step Guide,"learn how to rent an apartment in six steps: budget, search, research, tour, apply, and sign. covers true monthly costs, credit scores, fees, and documents.",how to apply for a apartment,recommended,30,26,informational
https://www.brightplace.ai/guides/how-to-rent-an-apartment,How to Rent an Apartment: A Step-by-Step Guide,"learn how to rent an apartment in six steps: budget, search, research, tour, apply, and sign. covers true monthly costs, credit scores, fees, and documents.",how to rent out your apartment,recommended,40,34,informational
https://www.brightplace.ai/guides/how-to-rent-an-apartment,How to Rent an Apartment: A Step-by-Step Guide,"learn how to rent an apartment in six steps: budget, search, research, tour, apply, and sign. covers true monthly costs, credit scores, fees, and documents.",how to rent first apartment,recommended,30,27,informational
https://www.brightplace.ai/guides/how-to-rent-an-apartment,How to Rent an Apartment: A Step-by-Step Guide,"learn how to rent an apartment in six steps: budget, search, research, tour, apply, and sign. covers true monthly costs, credit scores, fees, and documents.",process for renting an apartment,recommended,30,33,informational
https://www.brightplace.ai/guides/how-to-rent-an-apartment,How to Rent an Apartment: A Step-by-Step Guide,"learn how to rent an apartment in six steps: budget, search, research, tour, apply, and sign. covers true monthly costs, credit scores, fees, and documents.",steps to renting an apartment,recommended,0,0,
https://www.brightplace.ai/guides/how-to-rent-an-apartment,How to Rent an Apartment: A Step-by-Step Guide,"learn how to rent an apartment in six steps: budget, search, research, tour, apply, and sign. covers true monthly costs, credit scores, fees, and documents.",first time renting apartment guide,recommended,0,0,
https://www.brightplace.ai/guides/how-to-rent-an-apartment,How to Rent an Apartment: A Step-by-Step Guide,"learn how to rent an apartment in six steps: budget, search, research, tour, apply, and sign. covers true monthly costs, credit scores, fees, and documents.",apartment application guide,recommended,0,0,
https://www.brightplace.ai/resources/camden-copper-square-apartments-phoenix-az,Camden Copper Square Apartments Phoenix | brightplace,"camden copper square is a 332-unit gated community in downtown phoenix. what renters should know about location, amenities, pricing, and ownership.",apartment in phoenix,recommended,390,45,commercial
https://www.brightplace.ai/resources/camden-copper-square-apartments-phoenix-az,Camden Copper Square Apartments Phoenix | brightplace,"camden copper square is a 332-unit gated community in downtown phoenix. what renters should know about location, amenities, pricing, and ownership.",phoenix west apartments,recommended,110,21,commercial
https://www.brightplace.ai/resources/camden-copper-square-apartments-phoenix-az,Camden Copper Square Apartments Phoenix | brightplace,"camden copper square is a 332-unit gated community in downtown phoenix. what renters should know about location, amenities, pricing, and ownership.",apartments in phoenix,recommended,2900,47,commercial
https://www.brightplace.ai/resources/camden-copper-square-apartments-phoenix-az,Camden Copper Square Apartments Phoenix | brightplace,"camden copper square is a 332-unit gated community in downtown phoenix. what renters should know about location, amenities, pricing, and ownership.",phoenix affordable apartments,recommended,170,48,transactional
https://www.brightplace.ai/resources/camden-copper-square-apartments-phoenix-az,Camden Copper Square Apartments Phoenix | brightplace,"camden copper square is a 332-unit gated community in downtown phoenix. what renters should know about location, amenities, pricing, and ownership.",apartments for rent in phoenix az,recommended,1900,61,commercial
https://www.brightplace.ai/resources/camden-copper-square-apartments-phoenix-az,Camden Copper Square Apartments Phoenix | brightplace,"camden copper square is a 332-unit gated community in downtown phoenix. what renters should know about location, amenities, pricing, and ownership.",modern apartments phoenix,recommended,70,35,commercial
https://www.brightplace.ai/resources/camden-copper-square-apartments-phoenix-az,Camden Copper Square Apartments Phoenix | brightplace,"camden copper square is a 332-unit gated community in downtown phoenix. what renters should know about location, amenities, pricing, and ownership.",best downtown phoenix apartments,recommended,50,33,commercial
https://www.brightplace.ai/resources/camden-copper-square-apartments-phoenix-az,Camden Copper Square Apartments Phoenix | brightplace,"camden copper square is a 332-unit gated community in downtown phoenix. what renters should know about location, amenities, pricing, and ownership.",apartments in south phoenix,recommended,260,34,commercial
https://www.brightplace.ai/resources/camden-copper-square-apartments-phoenix-az,Camden Copper Square Apartments Phoenix | brightplace,"camden copper square is a 332-unit gated community in downtown phoenix. what renters should know about location, amenities, pricing, and ownership.",apartment phoenix,recommended,720,58,commercial
https://www.brightplace.ai/resources/camden-copper-square-apartments-phoenix-az,Camden Copper Square Apartments Phoenix | brightplace,"camden copper square is a 332-unit gated community in downtown phoenix. what renters should know about location, amenities, pricing, and ownership.",apartment complexes phoenix az,recommended,70,51,commercial
https://www.brightplace.ai/resources/camden-copper-square-apartments-phoenix-az,Camden Copper Square Apartments Phoenix | brightplace,"camden copper square is a 332-unit gated community in downtown phoenix. what renters should know about location, amenities, pricing, and ownership.",apartment complexes phoenix,recommended,90,58,commercial
https://www.brightplace.ai/resources/camden-copper-square-apartments-phoenix-az,Camden Copper Square Apartments Phoenix | brightplace,"camden copper square is a 332-unit gated community in downtown phoenix. what renters should know about location, amenities, pricing, and ownership.",apartments in phoenix arizona,recommended,480,58,commercial
https://www.brightplace.ai/resources/camden-copper-square-apartments-phoenix-az,Camden Copper Square Apartments Phoenix | brightplace,"camden copper square is a 332-unit gated community in downtown phoenix. what renters should know about location, amenities, pricing, and ownership.",cheap apartments in downtown phoenix,recommended,70,24,commercial
https://www.brightplace.ai/resources/camden-copper-square-apartments-phoenix-az,Camden Copper Square Apartments Phoenix | brightplace,"camden copper square is a 332-unit gated community in downtown phoenix. what renters should know about location, amenities, pricing, and ownership.",apartment for rent phoenix,recommended,390,59,commercial
https://www.brightplace.ai/resources/camden-copper-square-apartments-phoenix-az,Camden Copper Square Apartments Phoenix | brightplace,"camden copper square is a 332-unit gated community in downtown phoenix. what renters should know about location, amenities, pricing, and ownership.",luxury apartments phoenix downtown,recommended,40,48,commercial
https://www.brightplace.ai/resources/camden-copper-square-apartments-phoenix-az,Camden Copper Square Apartments Phoenix | brightplace,"camden copper square is a 332-unit gated community in downtown phoenix. what renters should know about location, amenities, pricing, and ownership.",apartments near phoenix az,recommended,390,62,commercial
https://www.brightplace.ai/resources/camden-copper-square-apartments-phoenix-az,Camden Copper Square Apartments Phoenix | brightplace,"camden copper square is a 332-unit gated community in downtown phoenix. what renters should know about location, amenities, pricing, and ownership.",phoenix arizona apartment for rent,recommended,170,58,commercial
https://www.brightplace.ai/resources/camden-copper-square-apartments-phoenix-az,Camden Copper Square Apartments Phoenix | brightplace,"camden copper square is a 332-unit gated community in downtown phoenix. what renters should know about location, amenities, pricing, and ownership.",apartment complex phoenix,recommended,70,47,commercial
https://www.brightplace.ai/resources/camden-copper-square-apartments-phoenix-az,Camden Copper Square Apartments Phoenix | brightplace,"camden copper square is a 332-unit gated community in downtown phoenix. what renters should know about location, amenities, pricing, and ownership.",apartment for rent phoenix az,recommended,140,59,commercial
https://www.brightplace.ai/resources/camden-copper-square-apartments-phoenix-az,Camden Copper Square Apartments Phoenix | brightplace,"camden copper square is a 332-unit gated community in downtown phoenix. what renters should know about location, amenities, pricing, and ownership.",apartments to rent in phoenix,recommended,110,58,navigational
https://www.brightplace.ai/resources/camden-copper-square-apartments-phoenix-az,Camden Copper Square Apartments Phoenix | brightplace,"camden copper square is a 332-unit gated community in downtown phoenix. what renters should know about location, amenities, pricing, and ownership.",apartments for rent near phoenix az,recommended,110,59,navigational
https://www.brightplace.ai/resources/camden-copper-square-apartments-phoenix-az,Camden Copper Square Apartments Phoenix | brightplace,"camden copper square is a 332-unit gated community in downtown phoenix. what renters should know about location, amenities, pricing, and ownership.",apartments for rent phoenix downtown,recommended,0,0,
https://www.brightplace.ai/resources/camden-copper-square-apartments-phoenix-az,Camden Copper Square Apartments Phoenix | brightplace,"camden copper square is a 332-unit gated community in downtown phoenix. what renters should know about location, amenities, pricing, and ownership.",copper square phoenix apartments,recommended,0,0,
https://www.brightplace.ai/resources/camden-copper-square-apartments-phoenix-az,Camden Copper Square Apartments Phoenix | brightplace,"camden copper square is a 332-unit gated community in downtown phoenix. what renters should know about location, amenities, pricing, and ownership.",phoenix apartments near light rail,recommended,0,0,
https://www.brightplace.ai/resources/camden-copper-square-apartments-phoenix-az,Camden Copper Square Apartments Phoenix | brightplace,"camden copper square is a 332-unit gated community in downtown phoenix. what renters should know about location, amenities, pricing, and ownership.",apartments near uptown phoenix,recommended,40,20,navigational
https://www.brightplace.ai/resources/camden-copper-square-apartments-phoenix-az,Camden Copper Square Apartments Phoenix | brightplace,"camden copper square is a 332-unit gated community in downtown phoenix. what renters should know about location, amenities, pricing, and ownership.",condos for rent in downtown phoenix,recommended,70,19,commercial
https://www.brightplace.ai/resources/camden-copper-square-apartments-phoenix-az,Camden Copper Square Apartments Phoenix | brightplace,"camden copper square is a 332-unit gated community in downtown phoenix. what renters should know about location, amenities, pricing, and ownership.",downtown phoenix loft apartments,recommended,30,25,informational
https://www.brightplace.ai/resources/camden-copper-square-apartments-phoenix-az,Camden Copper Square Apartments Phoenix | brightplace,"camden copper square is a 332-unit gated community in downtown phoenix. what renters should know about location, amenities, pricing, and ownership.",apartments central phoenix,recommended,50,26,commercial
https://www.brightplace.ai/resources/camden-copper-square-apartments-phoenix-az,Camden Copper Square Apartments Phoenix | brightplace,"camden copper square is a 332-unit gated community in downtown phoenix. what renters should know about location, amenities, pricing, and ownership.",downtown phoenix apartment,recommended,70,38,transactional
https://www.brightplace.ai/resources/camden-copper-square-apartments-phoenix-az,Camden Copper Square Apartments Phoenix | brightplace,"camden copper square is a 332-unit gated community in downtown phoenix. what renters should know about location, amenities, pricing, and ownership.",apartments in downtown phoenix,recommended,1000,42,commercial
https://www.brightplace.ai/resources/pet-friendly-vacation-rentals-st-augustine-fl,Pet-Friendly Vacation Rentals St Augustine FL,"pet-friendly vacation rentals in st. augustine, fl vary by area, pet fee, and policy. here is what to check before you book.",st augustine fl pet friendly,recommended,1000,14,informational
https://www.brightplace.ai/resources/pet-friendly-vacation-rentals-st-augustine-fl,Pet-Friendly Vacation Rentals St Augustine FL,"pet-friendly vacation rentals in st. augustine, fl vary by area, pet fee, and policy. here is what to check before you book.",pet friendly hotels st augustine,recommended,880,27,commercial
https://www.brightplace.ai/resources/pet-friendly-vacation-rentals-st-augustine-fl,Pet-Friendly Vacation Rentals St Augustine FL,"pet-friendly vacation rentals in st. augustine, fl vary by area, pet fee, and policy. here is what to check before you book.",st augustine vacation rental,recommended,720,38,"informational, transactional"
https://www.brightplace.ai/resources/pet-friendly-vacation-rentals-st-augustine-fl,Pet-Friendly Vacation Rentals St Augustine FL,"pet-friendly vacation rentals in st. augustine, fl vary by area, pet fee, and policy. here is what to check before you book.",dog friendly st augustine,recommended,260,17,commercial
https://www.brightplace.ai/resources/pet-friendly-vacation-rentals-st-augustine-fl,Pet-Friendly Vacation Rentals St Augustine FL,"pet-friendly vacation rentals in st. augustine, fl vary by area, pet fee, and policy. here is what to check before you book.",pet friendly hotel st augustine fl,recommended,320,26,commercial
https://www.brightplace.ai/resources/pet-friendly-vacation-rentals-st-augustine-fl,Pet-Friendly Vacation Rentals St Augustine FL,"pet-friendly vacation rentals in st. augustine, fl vary by area, pet fee, and policy. here is what to check before you book.",st augustine pet friendly rentals,recommended,210,4,commercial
https://www.brightplace.ai/resources/pet-friendly-vacation-rentals-st-augustine-fl,Pet-Friendly Vacation Rentals St Augustine FL,"pet-friendly vacation rentals in st. augustine, fl vary by area, pet fee, and policy. here is what to check before you book.",vacation rentals st augustine beach fl,recommended,590,40,"informational, transactional"
https://www.brightplace.ai/resources/pet-friendly-vacation-rentals-st-augustine-fl,Pet-Friendly Vacation Rentals St Augustine FL,"pet-friendly vacation rentals in st. augustine, fl vary by area, pet fee, and policy. here is what to check before you book.",pet friendly vacation rentals st augustine fl,recommended,140,0,"informational, transactional"
https://www.brightplace.ai/resources/pet-friendly-vacation-rentals-st-augustine-fl,Pet-Friendly Vacation Rentals St Augustine FL,"pet-friendly vacation rentals in st. augustine, fl vary by area, pet fee, and policy. here is what to check before you book.",pet friendly rentals st augustine fl,recommended,210,16,commercial
https://www.brightplace.ai/resources/pet-friendly-vacation-rentals-st-augustine-fl,Pet-Friendly Vacation Rentals St Augustine FL,"pet-friendly vacation rentals in st. augustine, fl vary by area, pet fee, and policy. here is what to check before you book.",pet friendly vacation rentals st augustine,recommended,90,0,"informational, transactional"
https://www.brightplace.ai/resources/pet-friendly-vacation-rentals-st-augustine-fl,Pet-Friendly Vacation Rentals St Augustine FL,"pet-friendly vacation rentals in st. augustine, fl vary by area, pet fee, and policy. here is what to check before you book.",st augustine pet friendly,recommended,90,11,informational
https://www.brightplace.ai/resources/pet-friendly-vacation-rentals-st-augustine-fl,Pet-Friendly Vacation Rentals St Augustine FL,"pet-friendly vacation rentals in st. augustine, fl vary by area, pet fee, and policy. here is what to check before you book.",st augustine fl vacation rentals,recommended,720,36,transactional
https://www.brightplace.ai/resources/pet-friendly-vacation-rentals-st-augustine-fl,Pet-Friendly Vacation Rentals St Augustine FL,"pet-friendly vacation rentals in st. augustine, fl vary by area, pet fee, and policy. here is what to check before you book.",pet friendly st augustine florida,recommended,90,14,informational
https://www.brightplace.ai/resources/pet-friendly-vacation-rentals-st-augustine-fl,Pet-Friendly Vacation Rentals St Augustine FL,"pet-friendly vacation rentals in st. augustine, fl vary by area, pet fee, and policy. here is what to check before you book.",vacation rentals st augustine,recommended,880,42,transactional
https://www.brightplace.ai/resources/pet-friendly-vacation-rentals-st-augustine-fl,Pet-Friendly Vacation Rentals St Augustine FL,"pet-friendly vacation rentals in st. augustine, fl vary by area, pet fee, and policy. here is what to check before you book.",pet friendly hotels st augustine beach,recommended,390,28,informational
https://www.brightplace.ai/resources/pet-friendly-vacation-rentals-st-augustine-fl,Pet-Friendly Vacation Rentals St Augustine FL,"pet-friendly vacation rentals in st. augustine, fl vary by area, pet fee, and policy. here is what to check before you book.",dog friendly hotels st augustine fl,recommended,170,28,commercial
https://www.brightplace.ai/resources/pet-friendly-vacation-rentals-st-augustine-fl,Pet-Friendly Vacation Rentals St Augustine FL,"pet-friendly vacation rentals in st. augustine, fl vary by area, pet fee, and policy. here is what to check before you book.",pet friendly vacation rentals st augustine beach florida,recommended,70,0,"informational, transactional"
https://www.brightplace.ai/resources/pet-friendly-vacation-rentals-st-augustine-fl,Pet-Friendly Vacation Rentals St Augustine FL,"pet-friendly vacation rentals in st. augustine, fl vary by area, pet fee, and policy. here is what to check before you book.",st augustine beachfront rentals pet friendly,recommended,70,2,commercial
https://www.brightplace.ai/resources/pet-friendly-vacation-rentals-st-augustine-fl,Pet-Friendly Vacation Rentals St Augustine FL,"pet-friendly vacation rentals in st. augustine, fl vary by area, pet fee, and policy. here is what to check before you book.",st augustine fl pet friendly hotels,recommended,90,20,commercial
https://www.brightplace.ai/resources/pet-friendly-vacation-rentals-st-augustine-fl,Pet-Friendly Vacation Rentals St Augustine FL,"pet-friendly vacation rentals in st. augustine, fl vary by area, pet fee, and policy. here is what to check before you book.",dog friendly hotels st augustine beach,recommended,110,25,"informational, transactional"
https://www.brightplace.ai/resources/pet-friendly-vacation-rentals-st-augustine-fl,Pet-Friendly Vacation Rentals St Augustine FL,"pet-friendly vacation rentals in st. augustine, fl vary by area, pet fee, and policy. here is what to check before you book.",pet friendly hotels near st augustine fl,recommended,90,24,commercial
https://www.brightplace.ai/resources/pet-friendly-vacation-rentals-st-augustine-fl,Pet-Friendly Vacation Rentals St Augustine FL,"pet-friendly vacation rentals in st. augustine, fl vary by area, pet fee, and policy. here is what to check before you book.",pet friendly rentals st augustine beach,recommended,50,2,commercial
https://www.brightplace.ai/resources/pet-friendly-vacation-rentals-st-augustine-fl,Pet-Friendly Vacation Rentals St Augustine FL,"pet-friendly vacation rentals in st. augustine, fl vary by area, pet fee, and policy. here is what to check before you book.",pet friendly condos st augustine beach fl,recommended,50,2,commercial
https://www.brightplace.ai/resources/pet-friendly-vacation-rentals-st-augustine-fl,Pet-Friendly Vacation Rentals St Augustine FL,"pet-friendly vacation rentals in st. augustine, fl vary by area, pet fee, and policy. here is what to check before you book.",st augustine pet friendly lodging,recommended,50,18,commercial
https://www.brightplace.ai/resources/pet-friendly-vacation-rentals-st-augustine-fl,Pet-Friendly Vacation Rentals St Augustine FL,"pet-friendly vacation rentals in st. augustine, fl vary by area, pet fee, and policy. here is what to check before you book.",pet friendly bed and breakfast in st augustine florida,recommended,40,12,commercial
https://www.brightplace.ai/resources/pet-friendly-vacation-rentals-st-augustine-fl,Pet-Friendly Vacation Rentals St Augustine FL,"pet-friendly vacation rentals in st. augustine, fl vary by area, pet fee, and policy. here is what to check before you book.",pet friendly lodging st augustine fl,recommended,50,20,commercial
https://www.brightplace.ai/resources/pet-friendly-vacation-rentals-st-augustine-fl,Pet-Friendly Vacation Rentals St Augustine FL,"pet-friendly vacation rentals in st. augustine, fl vary by area, pet fee, and policy. here is what to check before you book.",pet friendly hotels near st augustine,recommended,50,20,commercial
https://www.brightplace.ai/resources/pet-friendly-vacation-rentals-st-augustine-fl,Pet-Friendly Vacation Rentals St Augustine FL,"pet-friendly vacation rentals in st. augustine, fl vary by area, pet fee, and policy. here is what to check before you book.",dog friendly bed and breakfast st augustine fl,recommended,40,16,commercial
https://www.brightplace.ai/resources/pet-friendly-vacation-rentals-st-augustine-fl,Pet-Friendly Vacation Rentals St Augustine FL,"pet-friendly vacation rentals in st. augustine, fl vary by area, pet fee, and policy. here is what to check before you book.",pet friendly hotels in saint augustine fl,recommended,40,19,commercial
https://www.brightplace.ai/resources/pet-friendly-vacation-rentals-st-augustine-fl,Pet-Friendly Vacation Rentals St Augustine FL,"pet-friendly vacation rentals in st. augustine, fl vary by area, pet fee, and policy. here is what to check before you book.",dog friendly hotels in st augustine beach fl,recommended,50,25,transactional
https://www.brightplace.ai/resources/sublet-apartments-nyc,Subletting in NYC: How It Works | brightplace,"sublet apartments in nyc offer flexible terms without a 12-month commitment. how they work, where to find them, and what the law requires.",how to find a sublet in nyc,recommended,170,18,informational
https://www.brightplace.ai/resources/sublet-apartments-nyc,Subletting in NYC: How It Works | brightplace,"sublet apartments in nyc offer flexible terms without a 12-month commitment. how they work, where to find them, and what the law requires.",how to sublet an apartment in nyc,recommended,110,19,informational
https://www.brightplace.ai/resources/sublet-apartments-nyc,Subletting in NYC: How It Works | brightplace,"sublet apartments in nyc offer flexible terms without a 12-month commitment. how they work, where to find them, and what the law requires.",how to find sublets in nyc,recommended,90,17,informational
https://www.brightplace.ai/resources/sublet-apartments-nyc,Subletting in NYC: How It Works | brightplace,"sublet apartments in nyc offer flexible terms without a 12-month commitment. how they work, where to find them, and what the law requires.",is subletting legal in nyc,recommended,140,24,informational
https://www.brightplace.ai/resources/sublet-apartments-nyc,Subletting in NYC: How It Works | brightplace,"sublet apartments in nyc offer flexible terms without a 12-month commitment. how they work, where to find them, and what the law requires.",where to find sublets nyc,recommended,40,15,informational
https://www.brightplace.ai/resources/sublet-apartments-nyc,Subletting in NYC: How It Works | brightplace,"sublet apartments in nyc offer flexible terms without a 12-month commitment. how they work, where to find them, and what the law requires.",how to sublease an apartment in nyc,recommended,70,31,informational
https://www.brightplace.ai/resources/sublet-apartments-nyc,Subletting in NYC: How It Works | brightplace,"sublet apartments in nyc offer flexible terms without a 12-month commitment. how they work, where to find them, and what the law requires.",sublease apartments nyc,recommended,480,16,informational
https://www.brightplace.ai/resources/sublet-apartments-nyc,Subletting in NYC: How It Works | brightplace,"sublet apartments in nyc offer flexible terms without a 12-month commitment. how they work, where to find them, and what the law requires.",sublet in nyc,recommended,480,17,informational
https://www.brightplace.ai/resources/sublet-apartments-nyc,Subletting in NYC: How It Works | brightplace,"sublet apartments in nyc offer flexible terms without a 12-month commitment. how they work, where to find them, and what the law requires.",sublet apt nyc,recommended,590,21,commercial
https://www.brightplace.ai/resources/sublet-apartments-nyc,Subletting in NYC: How It Works | brightplace,"sublet apartments in nyc offer flexible terms without a 12-month commitment. how they work, where to find them, and what the law requires.",new york sublet,recommended,1000,37,commercial
https://www.brightplace.ai/resources/sublet-apartments-nyc,Subletting in NYC: How It Works | brightplace,"sublet apartments in nyc offer flexible terms without a 12-month commitment. how they work, where to find them, and what the law requires.",nyc sublease,recommended,590,26,transactional
https://www.brightplace.ai/resources/sublet-apartments-nyc,Subletting in NYC: How It Works | brightplace,"sublet apartments in nyc offer flexible terms without a 12-month commitment. how they work, where to find them, and what the law requires.",sublets in nyc,recommended,390,25,commercial
https://www.brightplace.ai/resources/sublet-apartments-nyc,Subletting in NYC: How It Works | brightplace,"sublet apartments in nyc offer flexible terms without a 12-month commitment. how they work, where to find them, and what the law requires.",sublet brooklyn ny,recommended,320,18,informational
https://www.brightplace.ai/resources/sublet-apartments-nyc,Subletting in NYC: How It Works | brightplace,"sublet apartments in nyc offer flexible terms without a 12-month commitment. how they work, where to find them, and what the law requires.",nyc sublease rooms for rent,recommended,720,35,informational
https://www.brightplace.ai/resources/sublet-apartments-nyc,Subletting in NYC: How It Works | brightplace,"sublet apartments in nyc offer flexible terms without a 12-month commitment. how they work, where to find them, and what the law requires.",subletting new york,recommended,390,24,informational
https://www.brightplace.ai/resources/sublet-apartments-nyc,Subletting in NYC: How It Works | brightplace,"sublet apartments in nyc offer flexible terms without a 12-month commitment. how they work, where to find them, and what the law requires.",sublets brooklyn,recommended,140,5,informational
https://www.brightplace.ai/resources/sublet-apartments-nyc,Subletting in NYC: How It Works | brightplace,"sublet apartments in nyc offer flexible terms without a 12-month commitment. how they work, where to find them, and what the law requires.",subletting nyc,recommended,210,16,transactional
https://www.brightplace.ai/resources/sublet-apartments-nyc,Subletting in NYC: How It Works | brightplace,"sublet apartments in nyc offer flexible terms without a 12-month commitment. how they work, where to find them, and what the law requires.",nyc summer sublet,recommended,210,13,informational
https://www.brightplace.ai/resources/sublet-apartments-nyc,Subletting in NYC: How It Works | brightplace,"sublet apartments in nyc offer flexible terms without a 12-month commitment. how they work, where to find them, and what the law requires.",sublets in new york,recommended,210,18,commercial
https://www.brightplace.ai/resources/sublet-apartments-nyc,Subletting in NYC: How It Works | brightplace,"sublet apartments in nyc offer flexible terms without a 12-month commitment. how they work, where to find them, and what the law requires.",renting nyc apartments,recommended,2400,77,informational
https://www.brightplace.ai/resources/sublet-apartments-nyc,Subletting in NYC: How It Works | brightplace,"sublet apartments in nyc offer flexible terms without a 12-month commitment. how they work, where to find them, and what the law requires.",sublease nyc apartment,recommended,170,17,informational
https://www.brightplace.ai/resources/sublet-apartments-nyc,Subletting in NYC: How It Works | brightplace,"sublet apartments in nyc offer flexible terms without a 12-month commitment. how they work, where to find them, and what the law requires.",nyc sublet apartments,recommended,170,20,transactional
https://www.brightplace.ai/resources/sublet-apartments-nyc,Subletting in NYC: How It Works | brightplace,"sublet apartments in nyc offer flexible terms without a 12-month commitment. how they work, where to find them, and what the law requires.",short term sublet nyc,recommended,210,22,commercial
https://www.brightplace.ai/resources/sublet-apartments-nyc,Subletting in NYC: How It Works | brightplace,"sublet apartments in nyc offer flexible terms without a 12-month commitment. how they work, where to find them, and what the law requires.",new york sublets manhattan,recommended,170,17,informational
https://www.brightplace.ai/resources/sublet-apartments-nyc,Subletting in NYC: How It Works | brightplace,"sublet apartments in nyc offer flexible terms without a 12-month commitment. how they work, where to find them, and what the law requires.",nyc apartment sublets,recommended,110,19,commercial
https://www.brightplace.ai/resources/sublet-apartments-nyc,Subletting in NYC: How It Works | brightplace,"sublet apartments in nyc offer flexible terms without a 12-month commitment. how they work, where to find them, and what the law requires.",sublet brooklyn,recommended,70,6,commercial
https://www.brightplace.ai/resources/sublet-apartments-nyc,Subletting in NYC: How It Works | brightplace,"sublet apartments in nyc offer flexible terms without a 12-month commitment. how they work, where to find them, and what the law requires.",summer sublets nyc,recommended,140,20,"informational, transactional"
https://www.brightplace.ai/resources/sublet-apartments-nyc,Subletting in NYC: How It Works | brightplace,"sublet apartments in nyc offer flexible terms without a 12-month commitment. how they work, where to find them, and what the law requires.",subletting in brooklyn,recommended,70,8,informational
https://www.brightplace.ai/resources/sublet-apartments-nyc,Subletting in NYC: How It Works | brightplace,"sublet apartments in nyc offer flexible terms without a 12-month commitment. how they work, where to find them, and what the law requires.",nyc sublet laws,recommended,140,23,informational
https://www.brightplace.ai/resources/sublet-apartments-nyc,Subletting in NYC: How It Works | brightplace,"sublet apartments in nyc offer flexible terms without a 12-month commitment. how they work, where to find them, and what the law requires.",sublets nyc manhattan,recommended,90,17,commercial
https://www.brightplace.ai/guides/brooklyn-neighborhood-guide,Brooklyn Neighborhood Guide for Renters | brightplace,"a renter-focused guide to brooklyn neighborhoods. rent ranges, subway access, lifestyle fit, and property picks for park slope, fort greene, crown heights, williamsburg, and more.",apartment rentals brooklyn ny,recommended,480,54,commercial
https://www.brightplace.ai/guides/brooklyn-neighborhood-guide,Brooklyn Neighborhood Guide for Renters | brightplace,"a renter-focused guide to brooklyn neighborhoods. rent ranges, subway access, lifestyle fit, and property picks for park slope, fort greene, crown heights, williamsburg, and more.",brooklyn rentals,recommended,1600,47,informational
https://www.brightplace.ai/guides/brooklyn-neighborhood-guide,Brooklyn Neighborhood Guide for Renters | brightplace,"a renter-focused guide to brooklyn neighborhoods. rent ranges, subway access, lifestyle fit, and property picks for park slope, fort greene, crown heights, williamsburg, and more.",apartments for rent in brooklyn,recommended,1300,50,commercial
https://www.brightplace.ai/guides/brooklyn-neighborhood-guide,Brooklyn Neighborhood Guide for Renters | brightplace,"a renter-focused guide to brooklyn neighborhoods. rent ranges, subway access, lifestyle fit, and property picks for park slope, fort greene, crown heights, williamsburg, and more.",apartments for rent brooklyn new york,recommended,590,49,informational
https://www.brightplace.ai/guides/brooklyn-neighborhood-guide,Brooklyn Neighborhood Guide for Renters | brightplace,"a renter-focused guide to brooklyn neighborhoods. rent ranges, subway access, lifestyle fit, and property picks for park slope, fort greene, crown heights, williamsburg, and more.",brooklyn nyc apartments,recommended,720,59,navigational
https://www.brightplace.ai/guides/brooklyn-neighborhood-guide,Brooklyn Neighborhood Guide for Renters | brightplace,"a renter-focused guide to brooklyn neighborhoods. rent ranges, subway access, lifestyle fit, and property picks for park slope, fort greene, crown heights, williamsburg, and more.",brooklyn apartment rentals,recommended,210,49,informational
https://www.brightplace.ai/guides/brooklyn-neighborhood-guide,Brooklyn Neighborhood Guide for Renters | brightplace,"a renter-focused guide to brooklyn neighborhoods. rent ranges, subway access, lifestyle fit, and property picks for park slope, fort greene, crown heights, williamsburg, and more.",brooklyn apartments rent,recommended,110,48,informational
https://www.brightplace.ai/guides/brooklyn-neighborhood-guide,Brooklyn Neighborhood Guide for Renters | brightplace,"a renter-focused guide to brooklyn neighborhoods. rent ranges, subway access, lifestyle fit, and property picks for park slope, fort greene, crown heights, williamsburg, and more.",renting in brooklyn,recommended,70,48,"informational, transactional"
https://www.brightplace.ai/guides/brooklyn-neighborhood-guide,Brooklyn Neighborhood Guide for Renters | brightplace,"a renter-focused guide to brooklyn neighborhoods. rent ranges, subway access, lifestyle fit, and property picks for park slope, fort greene, crown heights, williamsburg, and more.",rental apartment brooklyn,recommended,110,53,commercial
https://www.brightplace.ai/guides/brooklyn-neighborhood-guide,Brooklyn Neighborhood Guide for Renters | brightplace,"a renter-focused guide to brooklyn neighborhoods. rent ranges, subway access, lifestyle fit, and property picks for park slope, fort greene, crown heights, williamsburg, and more.",rent in brooklyn new york,recommended,110,49,commercial
https://www.brightplace.ai/guides/brooklyn-neighborhood-guide,Brooklyn Neighborhood Guide for Renters | brightplace,"a renter-focused guide to brooklyn neighborhoods. rent ranges, subway access, lifestyle fit, and property picks for park slope, fort greene, crown heights, williamsburg, and more.",nyc apartments for rent brooklyn,recommended,110,47,informational
https://www.brightplace.ai/guides/brooklyn-neighborhood-guide,Brooklyn Neighborhood Guide for Renters | brightplace,"a renter-focused guide to brooklyn neighborhoods. rent ranges, subway access, lifestyle fit, and property picks for park slope, fort greene, crown heights, williamsburg, and more.",brooklyn nyc rentals,recommended,90,48,informational
https://www.brightplace.ai/guides/brooklyn-neighborhood-guide,Brooklyn Neighborhood Guide for Renters | brightplace,"a renter-focused guide to brooklyn neighborhoods. rent ranges, subway access, lifestyle fit, and property picks for park slope, fort greene, crown heights, williamsburg, and more.",brooklyn apt rentals,recommended,110,50,commercial
https://www.brightplace.ai/guides/brooklyn-neighborhood-guide,Brooklyn Neighborhood Guide for Renters | brightplace,"a renter-focused guide to brooklyn neighborhoods. rent ranges, subway access, lifestyle fit, and property picks for park slope, fort greene, crown heights, williamsburg, and more.",rent apartments in brooklyn,recommended,40,48,informational
https://www.brightplace.ai/guides/brooklyn-neighborhood-guide,Brooklyn Neighborhood Guide for Renters | brightplace,"a renter-focused guide to brooklyn neighborhoods. rent ranges, subway access, lifestyle fit, and property picks for park slope, fort greene, crown heights, williamsburg, and more.",brooklyn neighborhood guide renters,recommended,0,0,
https://www.brightplace.ai/guides/brooklyn-neighborhood-guide,Brooklyn Neighborhood Guide for Renters | brightplace,"a renter-focused guide to brooklyn neighborhoods. rent ranges, subway access, lifestyle fit, and property picks for park slope, fort greene, crown heights, williamsburg, and more.",renting in brooklyn neighborhoods,recommended,0,0,
https://www.brightplace.ai/guides/brooklyn-neighborhood-guide,Brooklyn Neighborhood Guide for Renters | brightplace,"a renter-focused guide to brooklyn neighborhoods. rent ranges, subway access, lifestyle fit, and property picks for park slope, fort greene, crown heights, williamsburg, and more.",best brooklyn neighborhoods to rent,recommended,0,0,
https://www.brightplace.ai/guides/brooklyn-neighborhood-guide,Brooklyn Neighborhood Guide for Renters | brightplace,"a renter-focused guide to brooklyn neighborhoods. rent ranges, subway access, lifestyle fit, and property picks for park slope, fort greene, crown heights, williamsburg, and more.",brooklyn apartments for rent guide,recommended,0,0,
https://www.brightplace.ai/guides/brooklyn-neighborhood-guide,Brooklyn Neighborhood Guide for Renters | brightplace,"a renter-focused guide to brooklyn neighborhoods. rent ranges, subway access, lifestyle fit, and property picks for park slope, fort greene, crown heights, williamsburg, and more.",brooklyn lifestyle neighborhoods,recommended,0,0,
https://www.brightplace.ai/guides/brooklyn-neighborhood-guide,Brooklyn Neighborhood Guide for Renters | brightplace,"a renter-focused guide to brooklyn neighborhoods. rent ranges, subway access, lifestyle fit, and property picks for park slope, fort greene, crown heights, williamsburg, and more.",best neighborhoods to live in brooklyn,recommended,210,6,commercial
https://www.brightplace.ai/guides/brooklyn-neighborhood-guide,Brooklyn Neighborhood Guide for Renters | brightplace,"a renter-focused guide to brooklyn neighborhoods. rent ranges, subway access, lifestyle fit, and property picks for park slope, fort greene, crown heights, williamsburg, and more.",brooklyn neighborhoods,recommended,5400,10,informational
https://www.brightplace.ai/guides/brooklyn-neighborhood-guide,Brooklyn Neighborhood Guide for Renters | brightplace,"a renter-focused guide to brooklyn neighborhoods. rent ranges, subway access, lifestyle fit, and property picks for park slope, fort greene, crown heights, williamsburg, and more.",good neighborhoods in brooklyn ny,recommended,720,10,informational
https://www.brightplace.ai/guides/brooklyn-neighborhood-guide,Brooklyn Neighborhood Guide for Renters | brightplace,"a renter-focused guide to brooklyn neighborhoods. rent ranges, subway access, lifestyle fit, and property picks for park slope, fort greene, crown heights, williamsburg, and more.",neighborhoods in brooklyn ny,recommended,110,11,informational
https://www.brightplace.ai/guides/brooklyn-neighborhood-guide,Brooklyn Neighborhood Guide for Renters | brightplace,"a renter-focused guide to brooklyn neighborhoods. rent ranges, subway access, lifestyle fit, and property picks for park slope, fort greene, crown heights, williamsburg, and more.",places in brooklyn to live,recommended,90,11,informational
https://www.brightplace.ai/guides/brooklyn-neighborhood-guide,Brooklyn Neighborhood Guide for Renters | brightplace,"a renter-focused guide to brooklyn neighborhoods. rent ranges, subway access, lifestyle fit, and property picks for park slope, fort greene, crown heights, williamsburg, and more.",neighbourhoods in brooklyn,recommended,50,11,informational
https://www.brightplace.ai/guides/brooklyn-neighborhood-guide,Brooklyn Neighborhood Guide for Renters | brightplace,"a renter-focused guide to brooklyn neighborhoods. rent ranges, subway access, lifestyle fit, and property picks for park slope, fort greene, crown heights, williamsburg, and more.",best brooklyn neighborhoods,recommended,480,20,commercial
https://www.brightplace.ai/guides/brooklyn-neighborhood-guide,Brooklyn Neighborhood Guide for Renters | brightplace,"a renter-focused guide to brooklyn neighborhoods. rent ranges, subway access, lifestyle fit, and property picks for park slope, fort greene, crown heights, williamsburg, and more.",brooklyn rental properties,recommended,50,34,commercial
https://www.brightplace.ai/guides/brooklyn-neighborhood-guide,Brooklyn Neighborhood Guide for Renters | brightplace,"a renter-focused guide to brooklyn neighborhoods. rent ranges, subway access, lifestyle fit, and property picks for park slope, fort greene, crown heights, williamsburg, and more.",real estate for rent brooklyn ny,recommended,90,36,informational
https://www.brightplace.ai/guides/brooklyn-neighborhood-guide,Brooklyn Neighborhood Guide for Renters | brightplace,"a renter-focused guide to brooklyn neighborhoods. rent ranges, subway access, lifestyle fit, and property picks for park slope, fort greene, crown heights, williamsburg, and more.",places to rent in brooklyn ny,recommended,90,45,informational
https://www.brightplace.ai/guides/brooklyn-neighborhood-guide,Brooklyn Neighborhood Guide for Renters | brightplace,"a renter-focused guide to brooklyn neighborhoods. rent ranges, subway access, lifestyle fit, and property picks for park slope, fort greene, crown heights, williamsburg, and more.",rental apartments brooklyn ny,recommended,110,47,informational
https://www.brightplace.ai/resources/apartments-near-university-of-texas-san-antonio,Apartments Near UTSA San Antonio | brightplace,"apartments near utsa range from $800 to $1,400/month depending on how close you want to be. here is what to know before you start searching.",apartments near utsa,recommended,1900,24,commercial
https://www.brightplace.ai/resources/apartments-near-university-of-texas-san-antonio,Apartments Near UTSA San Antonio | brightplace,"apartments near utsa range from $800 to $1,400/month depending on how close you want to be. here is what to know before you start searching.",houses for rent near utsa san antonio tx,recommended,50,12,commercial
https://www.brightplace.ai/resources/apartments-near-university-of-texas-san-antonio,Apartments Near UTSA San Antonio | brightplace,"apartments near utsa range from $800 to $1,400/month depending on how close you want to be. here is what to know before you start searching.",apartments near utsa san antonio,recommended,70,25,"informational, transactional"
https://www.brightplace.ai/resources/apartments-near-university-of-texas-san-antonio,Apartments Near UTSA San Antonio | brightplace,"apartments near utsa range from $800 to $1,400/month depending on how close you want to be. here is what to know before you start searching.",furnished apartments near utsa,recommended,70,25,commercial
https://www.brightplace.ai/resources/apartments-near-university-of-texas-san-antonio,Apartments Near UTSA San Antonio | brightplace,"apartments near utsa range from $800 to $1,400/month depending on how close you want to be. here is what to know before you start searching.",utsa blvd apartments san antonio,recommended,90,31,commercial
https://www.brightplace.ai/resources/apartments-near-university-of-texas-san-antonio,Apartments Near UTSA San Antonio | brightplace,"apartments near utsa range from $800 to $1,400/month depending on how close you want to be. here is what to know before you start searching.",apartments near uthsc san antonio,recommended,40,18,commercial
https://www.brightplace.ai/resources/apartments-near-university-of-texas-san-antonio,Apartments Near UTSA San Antonio | brightplace,"apartments near utsa range from $800 to $1,400/month depending on how close you want to be. here is what to know before you start searching.",house rentals near utsa san antonio,recommended,40,22,commercial
https://www.brightplace.ai/resources/apartments-near-university-of-texas-san-antonio,Apartments Near UTSA San Antonio | brightplace,"apartments near utsa range from $800 to $1,400/month depending on how close you want to be. here is what to know before you start searching.",utsa blvd apartments,recommended,40,33,commercial
https://www.brightplace.ai/resources/apartments-near-university-of-texas-san-antonio,Apartments Near UTSA San Antonio | brightplace,"apartments near utsa range from $800 to $1,400/month depending on how close you want to be. here is what to know before you start searching.",ut san antonio apartments,recommended,30,31,navigational
https://www.brightplace.ai/resources/apartments-near-university-of-texas-san-antonio,Apartments Near UTSA San Antonio | brightplace,"apartments near utsa range from $800 to $1,400/month depending on how close you want to be. here is what to know before you start searching.",apartments around university of texas,recommended,70,44,commercial
https://www.brightplace.ai/resources/apartments-near-university-of-texas-san-antonio,Apartments Near UTSA San Antonio | brightplace,"apartments near utsa range from $800 to $1,400/month depending on how close you want to be. here is what to know before you start searching.",apartments for rent near utsa,recommended,0,0,
https://www.brightplace.ai/resources/apartments-near-university-of-texas-san-antonio,Apartments Near UTSA San Antonio | brightplace,"apartments near utsa range from $800 to $1,400/month depending on how close you want to be. here is what to know before you start searching.",san antonio apartments near university,recommended,0,0,
https://www.brightplace.ai/resources/apartments-near-university-of-texas-san-antonio,Apartments Near UTSA San Antonio | brightplace,"apartments near utsa range from $800 to $1,400/month depending on how close you want to be. here is what to know before you start searching.",housing near utsa campus,recommended,0,0,
https://www.brightplace.ai/resources/apartments-near-university-of-texas-san-antonio,Apartments Near UTSA San Antonio | brightplace,"apartments near utsa range from $800 to $1,400/month depending on how close you want to be. here is what to know before you start searching.",ut san antonio student housing,recommended,0,0,
https://www.brightplace.ai/property-managers,High-Intent Renters for Property Managers | brightplace,"reach renters who arrive ready to lease. brightplace sends ai-discovered, high-intent traffic directly to your property website with full attribution.",leads for property management,recommended,50,11,informational
https://www.brightplace.ai/property-managers,High-Intent Renters for Property Managers | brightplace,"reach renters who arrive ready to lease. brightplace sends ai-discovered, high-intent traffic directly to your property website with full attribution.",property manager lead generation,recommended,0,0,
https://www.brightplace.ai/resources/renting-mission-beach-san-diego,Renting in Mission Beach San Diego | brightplace,"renting in mission beach, san diego means ocean proximity, tight inventory, and real tradeoffs. here is what the market looks like.",apartments for rent mission beach,recommended,0,0,
https://www.brightplace.ai/resources/renting-mission-beach-san-diego,Renting in Mission Beach San Diego | brightplace,"renting in mission beach, san diego means ocean proximity, tight inventory, and real tradeoffs. here is what the market looks like.",homes for sale in mission beach san diego ca,recommended,70,21,transactional
https://www.brightplace.ai/resources/renting-mission-beach-san-diego,Renting in Mission Beach San Diego | brightplace,"renting in mission beach, san diego means ocean proximity, tight inventory, and real tradeoffs. here is what the market looks like.",places to stay mission beach san diego,recommended,50,45,commercial
https://www.brightplace.ai/resources/renting-mission-beach-san-diego,Renting in Mission Beach San Diego | brightplace,"renting in mission beach, san diego means ocean proximity, tight inventory, and real tradeoffs. here is what the market looks like.",mission beach san diego accommodation,recommended,50,64,commercial
https://www.brightplace.ai/resources/renting-mission-beach-san-diego,Renting in Mission Beach San Diego | brightplace,"renting in mission beach, san diego means ocean proximity, tight inventory, and real tradeoffs. here is what the market looks like.",mission beach lodging san diego,recommended,50,64,commercial
https://www.brightplace.ai/resources/renting-mission-beach-san-diego,Renting in Mission Beach San Diego | brightplace,"renting in mission beach, san diego means ocean proximity, tight inventory, and real tradeoffs. here is what the market looks like.",renting in mission beach san diego,recommended,0,0,
https://www.brightplace.ai/resources/renting-mission-beach-san-diego,Renting in Mission Beach San Diego | brightplace,"renting in mission beach, san diego means ocean proximity, tight inventory, and real tradeoffs. here is what the market looks like.",mission beach san diego apartments,recommended,0,0,
https://www.brightplace.ai/resources/renting-mission-beach-san-diego,Renting in Mission Beach San Diego | brightplace,"renting in mission beach, san diego means ocean proximity, tight inventory, and real tradeoffs. here is what the market looks like.",san diego beach rentals mission beach,recommended,0,0,
https://www.brightplace.ai/resources/renting-mission-beach-san-diego,Renting in Mission Beach San Diego | brightplace,"renting in mission beach, san diego means ocean proximity, tight inventory, and real tradeoffs. here is what the market looks like.",short term rentals mission beach san diego,recommended,30,0,"informational, transactional"
https://www.brightplace.ai/resources/renting-mission-beach-san-diego,Renting in Mission Beach San Diego | brightplace,"renting in mission beach, san diego means ocean proximity, tight inventory, and real tradeoffs. here is what the market looks like.",mission beach san diego rentals,recommended,210,6,"informational, transactional"
https://www.brightplace.ai/resources/renting-mission-beach-san-diego,Renting in Mission Beach San Diego | brightplace,"renting in mission beach, san diego means ocean proximity, tight inventory, and real tradeoffs. here is what the market looks like.",rental mission beach san diego california,recommended,1300,9,informational
https://www.brightplace.ai/resources/renting-mission-beach-san-diego,Renting in Mission Beach San Diego | brightplace,"renting in mission beach, san diego means ocean proximity, tight inventory, and real tradeoffs. here is what the market looks like.",mission beach vacation rentals beachfront,recommended,70,6,"informational, transactional"
https://www.brightplace.ai/resources/renting-mission-beach-san-diego,Renting in Mission Beach San Diego | brightplace,"renting in mission beach, san diego means ocean proximity, tight inventory, and real tradeoffs. here is what the market looks like.",mission beach home rentals,recommended,50,9,informational
https://www.brightplace.ai/resources/renting-mission-beach-san-diego,Renting in Mission Beach San Diego | brightplace,"renting in mission beach, san diego means ocean proximity, tight inventory, and real tradeoffs. here is what the market looks like.",rentals mission beach ca,recommended,260,9,"informational, transactional"
https://www.brightplace.ai/resources/renting-mission-beach-san-diego,Renting in Mission Beach San Diego | brightplace,"renting in mission beach, san diego means ocean proximity, tight inventory, and real tradeoffs. here is what the market looks like.",mission beach condo rentals,recommended,320,9,commercial
https://www.brightplace.ai/resources/renting-mission-beach-san-diego,Renting in Mission Beach San Diego | brightplace,"renting in mission beach, san diego means ocean proximity, tight inventory, and real tradeoffs. here is what the market looks like.",beach rentals mission beach ca,recommended,50,10,commercial
https://www.brightplace.ai/resources/renting-mission-beach-san-diego,Renting in Mission Beach San Diego | brightplace,"renting in mission beach, san diego means ocean proximity, tight inventory, and real tradeoffs. here is what the market looks like.",mission bay beachfront rentals,recommended,40,10,commercial
https://www.brightplace.ai/resources/renting-mission-beach-san-diego,Renting in Mission Beach San Diego | brightplace,"renting in mission beach, san diego means ocean proximity, tight inventory, and real tradeoffs. here is what the market looks like.",mission beach short term rentals,recommended,30,9,"informational, transactional"
https://www.brightplace.ai/resources/renting-mission-beach-san-diego,Renting in Mission Beach San Diego | brightplace,"renting in mission beach, san diego means ocean proximity, tight inventory, and real tradeoffs. here is what the market looks like.",beach house rentals mission beach,recommended,140,11,"informational, commercial"
https://www.brightplace.ai/resources/renting-mission-beach-san-diego,Renting in Mission Beach San Diego | brightplace,"renting in mission beach, san diego means ocean proximity, tight inventory, and real tradeoffs. here is what the market looks like.",mission beach vacation rentals,recommended,1000,11,"informational, transactional"
https://www.brightplace.ai/resources/renting-mission-beach-san-diego,Renting in Mission Beach San Diego | brightplace,"renting in mission beach, san diego means ocean proximity, tight inventory, and real tradeoffs. here is what the market looks like.",beach rentals mission beach,recommended,260,12,"informational, transactional"
https://www.brightplace.ai/resources/renting-mission-beach-san-diego,Renting in Mission Beach San Diego | brightplace,"renting in mission beach, san diego means ocean proximity, tight inventory, and real tradeoffs. here is what the market looks like.",mission beach oceanfront rentals,recommended,70,12,commercial
https://www.brightplace.ai/resources/renting-mission-beach-san-diego,Renting in Mission Beach San Diego | brightplace,"renting in mission beach, san diego means ocean proximity, tight inventory, and real tradeoffs. here is what the market looks like.",mission beach rentals,recommended,1300,14,"informational, transactional"
https://www.brightplace.ai/resources/renting-mission-beach-san-diego,Renting in Mission Beach San Diego | brightplace,"renting in mission beach, san diego means ocean proximity, tight inventory, and real tradeoffs. here is what the market looks like.",mission bay vacation rentals san diego,recommended,260,12,commercial
https://www.brightplace.ai/resources/renting-mission-beach-san-diego,Renting in Mission Beach San Diego | brightplace,"renting in mission beach, san diego means ocean proximity, tight inventory, and real tradeoffs. here is what the market looks like.",mission beach vacation rentals oceanfront,recommended,30,12,commercial
https://www.brightplace.ai/resources/renting-mission-beach-san-diego,Renting in Mission Beach San Diego | brightplace,"renting in mission beach, san diego means ocean proximity, tight inventory, and real tradeoffs. here is what the market looks like.",rentals in mission beach,recommended,390,15,"informational, transactional"
https://www.brightplace.ai/resources/renting-mission-beach-san-diego,Renting in Mission Beach San Diego | brightplace,"renting in mission beach, san diego means ocean proximity, tight inventory, and real tradeoffs. here is what the market looks like.",mission beach homes for rent,recommended,70,16,"informational, transactional"
https://www.brightplace.ai/resources/renting-mission-beach-san-diego,Renting in Mission Beach San Diego | brightplace,"renting in mission beach, san diego means ocean proximity, tight inventory, and real tradeoffs. here is what the market looks like.",mission beach rental on beach,recommended,50,14,"informational, transactional"
https://www.brightplace.ai/resources/renting-mission-beach-san-diego,Renting in Mission Beach San Diego | brightplace,"renting in mission beach, san diego means ocean proximity, tight inventory, and real tradeoffs. here is what the market looks like.",mission bay beach rentals,recommended,50,14,commercial
https://www.brightplace.ai/resources/renting-mission-beach-san-diego,Renting in Mission Beach San Diego | brightplace,"renting in mission beach, san diego means ocean proximity, tight inventory, and real tradeoffs. here is what the market looks like.",vacation rentals mission beach san diego,recommended,480,17,"informational, transactional"
https://www.brightplace.ai/resources/how-to-get-an-apartment-with-bad-credit,How to Get an Apartment with Bad Credit: A Working Professional's Guide,"max came to brightplace as a working professional with bad credit, turned down on four apartment applications. katie walks through the four workarounds that actually work.",how to rent with bad credit,recommended,720,17,informational
https://www.brightplace.ai/resources/how-to-get-an-apartment-with-bad-credit,How to Get an Apartment with Bad Credit: A Working Professional's Guide,"max came to brightplace as a working professional with bad credit, turned down on four apartment applications. katie walks through the four workarounds that actually work.",how to get apartment with bad credit,recommended,390,23,informational
https://www.brightplace.ai/resources/how-to-get-an-apartment-with-bad-credit,How to Get an Apartment with Bad Credit: A Working Professional's Guide,"max came to brightplace as a working professional with bad credit, turned down on four apartment applications. katie walks through the four workarounds that actually work.",how to rent a house with bad credit history,recommended,210,7,informational
https://www.brightplace.ai/resources/how-to-get-an-apartment-with-bad-credit,How to Get an Apartment with Bad Credit: A Working Professional's Guide,"max came to brightplace as a working professional with bad credit, turned down on four apartment applications. katie walks through the four workarounds that actually work.",how do you rent an apartment with bad credit,recommended,210,27,informational
https://www.brightplace.ai/resources/how-to-get-an-apartment-with-bad-credit,How to Get an Apartment with Bad Credit: A Working Professional's Guide,"max came to brightplace as a working professional with bad credit, turned down on four apartment applications. katie walks through the four workarounds that actually work.",how to rent a house when you have bad credit,recommended,110,12,informational
https://www.brightplace.ai/resources/how-to-get-an-apartment-with-bad-credit,How to Get an Apartment with Bad Credit: A Working Professional's Guide,"max came to brightplace as a working professional with bad credit, turned down on four apartment applications. katie walks through the four workarounds that actually work.",how can i rent with bad credit history,recommended,260,27,informational
https://www.brightplace.ai/resources/how-to-get-an-apartment-with-bad-credit,How to Get an Apartment with Bad Credit: A Working Professional's Guide,"max came to brightplace as a working professional with bad credit, turned down on four apartment applications. katie walks through the four workarounds that actually work.",how to get approved for an apartment with bad credit,recommended,390,36,informational
https://www.brightplace.ai/resources/how-to-get-an-apartment-with-bad-credit,How to Get an Apartment with Bad Credit: A Working Professional's Guide,"max came to brightplace as a working professional with bad credit, turned down on four apartment applications. katie walks through the four workarounds that actually work.",can you get a apartment with bad credit,recommended,140,36,"informational, transactional"
https://www.brightplace.ai/resources/how-to-get-an-apartment-with-bad-credit,How to Get an Apartment with Bad Credit: A Working Professional's Guide,"max came to brightplace as a working professional with bad credit, turned down on four apartment applications. katie walks through the four workarounds that actually work.",can i rent with bad credit,recommended,70,20,informational
https://www.brightplace.ai/resources/how-to-get-an-apartment-with-bad-credit,How to Get an Apartment with Bad Credit: A Working Professional's Guide,"max came to brightplace as a working professional with bad credit, turned down on four apartment applications. katie walks through the four workarounds that actually work.",can i rent with bad credit history,recommended,70,23,informational
https://www.brightplace.ai/resources/how-to-get-an-apartment-with-bad-credit,How to Get an Apartment with Bad Credit: A Working Professional's Guide,"max came to brightplace as a working professional with bad credit, turned down on four apartment applications. katie walks through the four workarounds that actually work.",will apartments rent with bad credit,recommended,170,38,informational
https://www.brightplace.ai/resources/how-to-get-an-apartment-with-bad-credit,How to Get an Apartment with Bad Credit: A Working Professional's Guide,"max came to brightplace as a working professional with bad credit, turned down on four apartment applications. katie walks through the four workarounds that actually work.",can you rent apartment with bad credit,recommended,40,25,informational
https://www.brightplace.ai/resources/how-to-get-an-apartment-with-bad-credit,How to Get an Apartment with Bad Credit: A Working Professional's Guide,"max came to brightplace as a working professional with bad credit, turned down on four apartment applications. katie walks through the four workarounds that actually work.",how to get an apartment with bad credit and eviction,recommended,40,33,informational
https://www.brightplace.ai/resources/how-to-get-an-apartment-with-bad-credit,How to Get an Apartment with Bad Credit: A Working Professional's Guide,"max came to brightplace as a working professional with bad credit, turned down on four apartment applications. katie walks through the four workarounds that actually work.",how to find a place to live with bad credit,recommended,40,32,informational
https://www.brightplace.ai/resources/how-to-get-an-apartment-with-bad-credit,How to Get an Apartment with Bad Credit: A Working Professional's Guide,"max came to brightplace as a working professional with bad credit, turned down on four apartment applications. katie walks through the four workarounds that actually work.",how to get an apartment with low credit,recommended,30,40,informational
https://www.brightplace.ai/resources/how-to-get-an-apartment-with-bad-credit,How to Get an Apartment with Bad Credit: A Working Professional's Guide,"max came to brightplace as a working professional with bad credit, turned down on four apartment applications. katie walks through the four workarounds that actually work.",renting with bad credit,recommended,720,24,informational
https://www.brightplace.ai/resources/how-to-get-an-apartment-with-bad-credit,How to Get an Apartment with Bad Credit: A Working Professional's Guide,"max came to brightplace as a working professional with bad credit, turned down on four apartment applications. katie walks through the four workarounds that actually work.",renting bad credit history,recommended,720,27,informational
https://www.brightplace.ai/resources/how-to-get-an-apartment-with-bad-credit,How to Get an Apartment with Bad Credit: A Working Professional's Guide,"max came to brightplace as a working professional with bad credit, turned down on four apartment applications. katie walks through the four workarounds that actually work.",bad credit for apartments,recommended,480,24,informational
https://www.brightplace.ai/resources/how-to-get-an-apartment-with-bad-credit,How to Get an Apartment with Bad Credit: A Working Professional's Guide,"max came to brightplace as a working professional with bad credit, turned down on four apartment applications. katie walks through the four workarounds that actually work.",bad credit history renting house,recommended,390,18,informational
https://www.brightplace.ai/resources/how-to-get-an-apartment-with-bad-credit,How to Get an Apartment with Bad Credit: A Working Professional's Guide,"max came to brightplace as a working professional with bad credit, turned down on four apartment applications. katie walks through the four workarounds that actually work.",bad credit to rent a house,recommended,880,31,informational
https://www.brightplace.ai/resources/how-to-get-an-apartment-with-bad-credit,How to Get an Apartment with Bad Credit: A Working Professional's Guide,"max came to brightplace as a working professional with bad credit, turned down on four apartment applications. katie walks through the four workarounds that actually work.",bad credit score renting house,recommended,210,9,informational
https://www.brightplace.ai/resources/how-to-get-an-apartment-with-bad-credit,How to Get an Apartment with Bad Credit: A Working Professional's Guide,"max came to brightplace as a working professional with bad credit, turned down on four apartment applications. katie walks through the four workarounds that actually work.",rent with bad credit,recommended,260,16,informational
https://www.brightplace.ai/resources/how-to-get-an-apartment-with-bad-credit,How to Get an Apartment with Bad Credit: A Working Professional's Guide,"max came to brightplace as a working professional with bad credit, turned down on four apartment applications. katie walks through the four workarounds that actually work.",low credit score apartments,recommended,590,26,commercial
https://www.brightplace.ai/resources/how-to-get-an-apartment-with-bad-credit,How to Get an Apartment with Bad Credit: A Working Professional's Guide,"max came to brightplace as a working professional with bad credit, turned down on four apartment applications. katie walks through the four workarounds that actually work.",bad credit apartments near me,recommended,720,39,transactional
https://www.brightplace.ai/resources/how-to-get-an-apartment-with-bad-credit,How to Get an Apartment with Bad Credit: A Working Professional's Guide,"max came to brightplace as a working professional with bad credit, turned down on four apartment applications. katie walks through the four workarounds that actually work.",houses for rent with bad credit,recommended,110,26,informational
https://www.brightplace.ai/resources/how-to-get-an-apartment-with-bad-credit,How to Get an Apartment with Bad Credit: A Working Professional's Guide,"max came to brightplace as a working professional with bad credit, turned down on four apartment applications. katie walks through the four workarounds that actually work.",apartments with bad credit,recommended,390,35,commercial
https://www.brightplace.ai/resources/how-to-get-an-apartment-with-bad-credit,How to Get an Apartment with Bad Credit: A Working Professional's Guide,"max came to brightplace as a working professional with bad credit, turned down on four apartment applications. katie walks through the four workarounds that actually work.",renting with low credit,recommended,260,26,informational
https://www.brightplace.ai/resources/how-to-get-an-apartment-with-bad-credit,How to Get an Apartment with Bad Credit: A Working Professional's Guide,"max came to brightplace as a working professional with bad credit, turned down on four apartment applications. katie walks through the four workarounds that actually work.",rent a house bad credit,recommended,90,11,informational
https://www.brightplace.ai/resources/how-to-get-an-apartment-with-bad-credit,How to Get an Apartment with Bad Credit: A Working Professional's Guide,"max came to brightplace as a working professional with bad credit, turned down on four apartment applications. katie walks through the four workarounds that actually work.",places to rent with bad credit,recommended,210,29,informational
https://www.brightplace.ai/resources/how-to-get-an-apartment-with-bad-credit,How to Get an Apartment with Bad Credit: A Working Professional's Guide,"max came to brightplace as a working professional with bad credit, turned down on four apartment applications. katie walks through the four workarounds that actually work.",co applicant with bad credit apartment,recommended,70,11,informational
https://www.brightplace.ai/resources/apartment-checklist-first-apartment,First Apartment Checklist | brightplace,"a practical apartment checklist for first apartment renters: bedroom, kitchen, bathroom, living room, and the 12 items everyone forgets. save before moving day.",what will i need for my first apartment,recommended,90,11,informational
https://www.brightplace.ai/resources/apartment-checklist-first-apartment,First Apartment Checklist | brightplace,"a practical apartment checklist for first apartment renters: bedroom, kitchen, bathroom, living room, and the 12 items everyone forgets. save before moving day.",what to look for when renting an apartment checklist,recommended,50,19,informational
https://www.brightplace.ai/resources/apartment-checklist-first-apartment,First Apartment Checklist | brightplace,"a practical apartment checklist for first apartment renters: bedroom, kitchen, bathroom, living room, and the 12 items everyone forgets. save before moving day.",what to buy for first apartment,recommended,170,11,informational
https://www.brightplace.ai/resources/apartment-checklist-first-apartment,First Apartment Checklist | brightplace,"a practical apartment checklist for first apartment renters: bedroom, kitchen, bathroom, living room, and the 12 items everyone forgets. save before moving day.",what do you need in a new apartment,recommended,70,10,informational
https://www.brightplace.ai/resources/apartment-checklist-first-apartment,First Apartment Checklist | brightplace,"a practical apartment checklist for first apartment renters: bedroom, kitchen, bathroom, living room, and the 12 items everyone forgets. save before moving day.",what to buy when moving into a new apartment,recommended,90,16,informational
https://www.brightplace.ai/resources/apartment-checklist-first-apartment,First Apartment Checklist | brightplace,"a practical apartment checklist for first apartment renters: bedroom, kitchen, bathroom, living room, and the 12 items everyone forgets. save before moving day.",must haves for first apartment,recommended,70,19,informational
https://www.brightplace.ai/resources/apartment-checklist-first-apartment,First Apartment Checklist | brightplace,"a practical apartment checklist for first apartment renters: bedroom, kitchen, bathroom, living room, and the 12 items everyone forgets. save before moving day.",what do you need when you move into an apartment,recommended,50,16,informational
https://www.brightplace.ai/resources/apartment-checklist-first-apartment,First Apartment Checklist | brightplace,"a practical apartment checklist for first apartment renters: bedroom, kitchen, bathroom, living room, and the 12 items everyone forgets. save before moving day.",what to get for first apartment,recommended,40,13,informational
https://www.brightplace.ai/resources/apartment-checklist-first-apartment,First Apartment Checklist | brightplace,"a practical apartment checklist for first apartment renters: bedroom, kitchen, bathroom, living room, and the 12 items everyone forgets. save before moving day.",what do i need when moving into a new apartment,recommended,30,11,informational
https://www.brightplace.ai/resources/apartment-checklist-first-apartment,First Apartment Checklist | brightplace,"a practical apartment checklist for first apartment renters: bedroom, kitchen, bathroom, living room, and the 12 items everyone forgets. save before moving day.",items you need for an apartment,recommended,720,12,"informational, commercial"
https://www.brightplace.ai/resources/apartment-checklist-first-apartment,First Apartment Checklist | brightplace,"a practical apartment checklist for first apartment renters: bedroom, kitchen, bathroom, living room, and the 12 items everyone forgets. save before moving day.",new apartment essentials,recommended,1600,28,"informational, commercial"
https://www.brightplace.ai/resources/apartment-checklist-first-apartment,First Apartment Checklist | brightplace,"a practical apartment checklist for first apartment renters: bedroom, kitchen, bathroom, living room, and the 12 items everyone forgets. save before moving day.",moving apartment checklist,recommended,390,21,informational
https://www.brightplace.ai/resources/apartment-checklist-first-apartment,First Apartment Checklist | brightplace,"a practical apartment checklist for first apartment renters: bedroom, kitchen, bathroom, living room, and the 12 items everyone forgets. save before moving day.",apartment hunting checklist,recommended,210,17,informational
https://www.brightplace.ai/resources/apartment-checklist-first-apartment,First Apartment Checklist | brightplace,"a practical apartment checklist for first apartment renters: bedroom, kitchen, bathroom, living room, and the 12 items everyone forgets. save before moving day.",first apartment advice,recommended,90,16,informational
https://www.brightplace.ai/resources/apartment-checklist-first-apartment,First Apartment Checklist | brightplace,"a practical apartment checklist for first apartment renters: bedroom, kitchen, bathroom, living room, and the 12 items everyone forgets. save before moving day.",checklist for first time renters,recommended,90,15,informational
https://www.brightplace.ai/resources/apartment-checklist-first-apartment,First Apartment Checklist | brightplace,"a practical apartment checklist for first apartment renters: bedroom, kitchen, bathroom, living room, and the 12 items everyone forgets. save before moving day.",things you need in an apartment,recommended,390,10,informational
https://www.brightplace.ai/resources/apartment-checklist-first-apartment,First Apartment Checklist | brightplace,"a practical apartment checklist for first apartment renters: bedroom, kitchen, bathroom, living room, and the 12 items everyone forgets. save before moving day.",apartment requirements checklist,recommended,70,10,informational
https://www.brightplace.ai/resources/apartment-checklist-first-apartment,First Apartment Checklist | brightplace,"a practical apartment checklist for first apartment renters: bedroom, kitchen, bathroom, living room, and the 12 items everyone forgets. save before moving day.",apartment checklist,recommended,2400,15,informational
https://www.brightplace.ai/resources/apartment-checklist-first-apartment,First Apartment Checklist | brightplace,"a practical apartment checklist for first apartment renters: bedroom, kitchen, bathroom, living room, and the 12 items everyone forgets. save before moving day.",1st apartment checklist,recommended,1600,13,informational
https://www.brightplace.ai/resources/apartment-checklist-first-apartment,First Apartment Checklist | brightplace,"a practical apartment checklist for first apartment renters: bedroom, kitchen, bathroom, living room, and the 12 items everyone forgets. save before moving day.",grocery list for first apartment,recommended,140,6,informational
https://www.brightplace.ai/resources/apartment-checklist-first-apartment,First Apartment Checklist | brightplace,"a practical apartment checklist for first apartment renters: bedroom, kitchen, bathroom, living room, and the 12 items everyone forgets. save before moving day.",first time apartment renter checklist,recommended,70,17,"informational, commercial"
https://www.brightplace.ai/resources/apartment-checklist-first-apartment,First Apartment Checklist | brightplace,"a practical apartment checklist for first apartment renters: bedroom, kitchen, bathroom, living room, and the 12 items everyone forgets. save before moving day.",first time renter checklist,recommended,70,22,informational
https://www.brightplace.ai/resources/apartment-checklist-first-apartment,First Apartment Checklist | brightplace,"a practical apartment checklist for first apartment renters: bedroom, kitchen, bathroom, living room, and the 12 items everyone forgets. save before moving day.",new apartment checklist,recommended,1900,19,informational
https://www.brightplace.ai/resources/apartment-checklist-first-apartment,First Apartment Checklist | brightplace,"a practical apartment checklist for first apartment renters: bedroom, kitchen, bathroom, living room, and the 12 items everyone forgets. save before moving day.",1st apartment essentials,recommended,390,16,"informational, commercial"
https://www.brightplace.ai/resources/apartment-checklist-first-apartment,First Apartment Checklist | brightplace,"a practical apartment checklist for first apartment renters: bedroom, kitchen, bathroom, living room, and the 12 items everyone forgets. save before moving day.",first apartment checklist on a budget,recommended,140,5,informational
https://www.brightplace.ai/resources/apartment-checklist-first-apartment,First Apartment Checklist | brightplace,"a practical apartment checklist for first apartment renters: bedroom, kitchen, bathroom, living room, and the 12 items everyone forgets. save before moving day.",first apartment essentials,recommended,1900,18,"informational, commercial"
https://www.brightplace.ai/resources/apartment-checklist-first-apartment,First Apartment Checklist | brightplace,"a practical apartment checklist for first apartment renters: bedroom, kitchen, bathroom, living room, and the 12 items everyone forgets. save before moving day.",apartment moving out checklist,recommended,260,25,informational
https://www.brightplace.ai/resources/apartment-checklist-first-apartment,First Apartment Checklist | brightplace,"a practical apartment checklist for first apartment renters: bedroom, kitchen, bathroom, living room, and the 12 items everyone forgets. save before moving day.",items needed for new apartment,recommended,320,13,informational
https://www.brightplace.ai/resources/apartment-checklist-first-apartment,First Apartment Checklist | brightplace,"a practical apartment checklist for first apartment renters: bedroom, kitchen, bathroom, living room, and the 12 items everyone forgets. save before moving day.",tips for first apartment,recommended,50,17,informational
https://www.brightplace.ai/resources/apartment-checklist-first-apartment,First Apartment Checklist | brightplace,"a practical apartment checklist for first apartment renters: bedroom, kitchen, bathroom, living room, and the 12 items everyone forgets. save before moving day.",items for new apartment,recommended,210,11,informational
https://www.brightplace.ai/guides/dallas-families,Best Dallas Neighborhoods for Families (2026) | brightplace,"where to live in dallas with kids. school access, rent from $1,200 to $2,400/mo, park proximity, and family-friendly neighborhoods compared.",best dallas neighborhoods for families,recommended,0,0,
https://www.brightplace.ai/guides/dallas-families,Best Dallas Neighborhoods for Families (2026) | brightplace,"where to live in dallas with kids. school access, rent from $1,200 to $2,400/mo, park proximity, and family-friendly neighborhoods compared.",dallas suburbs for families,recommended,0,0,
https://www.brightplace.ai/guides/dallas-families,Best Dallas Neighborhoods for Families (2026) | brightplace,"where to live in dallas with kids. school access, rent from $1,200 to $2,400/mo, park proximity, and family-friendly neighborhoods compared.",family friendly apartments dallas,recommended,0,0,
https://www.brightplace.ai/guides/dallas-families,Best Dallas Neighborhoods for Families (2026) | brightplace,"where to live in dallas with kids. school access, rent from $1,200 to $2,400/mo, park proximity, and family-friendly neighborhoods compared.",renting in dallas with kids,recommended,0,0,
https://www.brightplace.ai/guides/dallas-families,Best Dallas Neighborhoods for Families (2026) | brightplace,"where to live in dallas with kids. school access, rent from $1,200 to $2,400/mo, park proximity, and family-friendly neighborhoods compared.",best places to live in dallas texas for families,recommended,110,11,commercial
https://www.brightplace.ai/guides/dallas-families,Best Dallas Neighborhoods for Families (2026) | brightplace,"where to live in dallas with kids. school access, rent from $1,200 to $2,400/mo, park proximity, and family-friendly neighborhoods compared.",best place to live in dallas with family,recommended,50,12,commercial
https://www.brightplace.ai/guides/dallas-families,Best Dallas Neighborhoods for Families (2026) | brightplace,"where to live in dallas with kids. school access, rent from $1,200 to $2,400/mo, park proximity, and family-friendly neighborhoods compared.",best areas to live in dallas for families,recommended,30,14,commercial
https://www.brightplace.ai/guides/dallas-families,Best Dallas Neighborhoods for Families (2026) | brightplace,"where to live in dallas with kids. school access, rent from $1,200 to $2,400/mo, park proximity, and family-friendly neighborhoods compared.",best dallas suburbs for families,recommended,210,15,commercial
https://www.brightplace.ai/guides/dallas-families,Best Dallas Neighborhoods for Families (2026) | brightplace,"where to live in dallas with kids. school access, rent from $1,200 to $2,400/mo, park proximity, and family-friendly neighborhoods compared.",good neighborhoods in dallas,recommended,110,17,informational
https://www.brightplace.ai/guides/huntsville-renters-orientation,Renting in Huntsville AL: Neighborhood Guide | brightplace,"the aerospace capital of the south, where rents haven't caught up to the job market. neighborhoods, rent ranges, and commute context for renters.",apartments in huntsville al,recommended,1900,39,commercial
https://www.brightplace.ai/guides/huntsville-renters-orientation,Renting in Huntsville AL: Neighborhood Guide | brightplace,"the aerospace capital of the south, where rents haven't caught up to the job market. neighborhoods, rent ranges, and commute context for renters.",apartment buildings in huntsville al,recommended,1600,44,commercial
https://www.brightplace.ai/guides/huntsville-renters-orientation,Renting in Huntsville AL: Neighborhood Guide | brightplace,"the aerospace capital of the south, where rents haven't caught up to the job market. neighborhoods, rent ranges, and commute context for renters.",homes for rent in huntsville al,recommended,590,52,informational
https://www.brightplace.ai/guides/huntsville-renters-orientation,Renting in Huntsville AL: Neighborhood Guide | brightplace,"the aerospace capital of the south, where rents haven't caught up to the job market. neighborhoods, rent ranges, and commute context for renters.",rental houses huntsville,recommended,720,56,informational
https://www.brightplace.ai/guides/huntsville-renters-orientation,Renting in Huntsville AL: Neighborhood Guide | brightplace,"the aerospace capital of the south, where rents haven't caught up to the job market. neighborhoods, rent ranges, and commute context for renters.",apts for rent in huntsville al,recommended,260,41,informational
https://www.brightplace.ai/guides/huntsville-renters-orientation,Renting in Huntsville AL: Neighborhood Guide | brightplace,"the aerospace capital of the south, where rents haven't caught up to the job market. neighborhoods, rent ranges, and commute context for renters.",apartment complex huntsville al,recommended,260,47,commercial
https://www.brightplace.ai/guides/huntsville-renters-orientation,Renting in Huntsville AL: Neighborhood Guide | brightplace,"the aerospace capital of the south, where rents haven't caught up to the job market. neighborhoods, rent ranges, and commute context for renters.",rental homes huntsville al,recommended,260,54,informational
https://www.brightplace.ai/guides/huntsville-renters-orientation,Renting in Huntsville AL: Neighborhood Guide | brightplace,"the aerospace capital of the south, where rents haven't caught up to the job market. neighborhoods, rent ranges, and commute context for renters.",apartment huntsville al,recommended,90,35,commercial
https://www.brightplace.ai/guides/huntsville-renters-orientation,Renting in Huntsville AL: Neighborhood Guide | brightplace,"the aerospace capital of the south, where rents haven't caught up to the job market. neighborhoods, rent ranges, and commute context for renters.",best huntsville al apartments,recommended,40,16,commercial
https://www.brightplace.ai/guides/huntsville-renters-orientation,Renting in Huntsville AL: Neighborhood Guide | brightplace,"the aerospace capital of the south, where rents haven't caught up to the job market. neighborhoods, rent ranges, and commute context for renters.",apartments near huntsville,recommended,110,43,commercial
https://www.brightplace.ai/guides/huntsville-renters-orientation,Renting in Huntsville AL: Neighborhood Guide | brightplace,"the aerospace capital of the south, where rents haven't caught up to the job market. neighborhoods, rent ranges, and commute context for renters.",apartments for rent in huntsville tx,recommended,90,37,commercial
https://www.brightplace.ai/guides/huntsville-renters-orientation,Renting in Huntsville AL: Neighborhood Guide | brightplace,"the aerospace capital of the south, where rents haven't caught up to the job market. neighborhoods, rent ranges, and commute context for renters.",huntsville al apartment deals,recommended,30,17,commercial
https://www.brightplace.ai/guides/huntsville-renters-orientation,Renting in Huntsville AL: Neighborhood Guide | brightplace,"the aerospace capital of the south, where rents haven't caught up to the job market. neighborhoods, rent ranges, and commute context for renters.",apts huntsville al,recommended,70,40,commercial
https://www.brightplace.ai/guides/huntsville-renters-orientation,Renting in Huntsville AL: Neighborhood Guide | brightplace,"the aerospace capital of the south, where rents haven't caught up to the job market. neighborhoods, rent ranges, and commute context for renters.",houses for rent in huntsville,recommended,110,51,informational
https://www.brightplace.ai/guides/huntsville-renters-orientation,Renting in Huntsville AL: Neighborhood Guide | brightplace,"the aerospace capital of the south, where rents haven't caught up to the job market. neighborhoods, rent ranges, and commute context for renters.",homes for lease in huntsville al,recommended,110,53,informational
https://www.brightplace.ai/guides/huntsville-renters-orientation,Renting in Huntsville AL: Neighborhood Guide | brightplace,"the aerospace capital of the south, where rents haven't caught up to the job market. neighborhoods, rent ranges, and commute context for renters.",huntsville homes for rent,recommended,110,54,informational
https://www.brightplace.ai/guides/huntsville-renters-orientation,Renting in Huntsville AL: Neighborhood Guide | brightplace,"the aerospace capital of the south, where rents haven't caught up to the job market. neighborhoods, rent ranges, and commute context for renters.",home for rent huntsville al,recommended,70,53,informational
https://www.brightplace.ai/guides/huntsville-renters-orientation,Renting in Huntsville AL: Neighborhood Guide | brightplace,"the aerospace capital of the south, where rents haven't caught up to the job market. neighborhoods, rent ranges, and commute context for renters.",huntsville rental homes,recommended,70,53,informational
https://www.brightplace.ai/guides/huntsville-renters-orientation,Renting in Huntsville AL: Neighborhood Guide | brightplace,"the aerospace capital of the south, where rents haven't caught up to the job market. neighborhoods, rent ranges, and commute context for renters.",apartment in huntsville alabama,recommended,30,32,commercial
https://www.brightplace.ai/guides/huntsville-renters-orientation,Renting in Huntsville AL: Neighborhood Guide | brightplace,"the aerospace capital of the south, where rents haven't caught up to the job market. neighborhoods, rent ranges, and commute context for renters.",rental properties huntsville al,recommended,40,47,commercial
https://www.brightplace.ai/guides/huntsville-renters-orientation,Renting in Huntsville AL: Neighborhood Guide | brightplace,"the aerospace capital of the south, where rents haven't caught up to the job market. neighborhoods, rent ranges, and commute context for renters.",huntsville alabama homes for rent,recommended,40,51,informational
https://www.brightplace.ai/guides/huntsville-renters-orientation,Renting in Huntsville AL: Neighborhood Guide | brightplace,"the aerospace capital of the south, where rents haven't caught up to the job market. neighborhoods, rent ranges, and commute context for renters.",huntsville alabama rental homes,recommended,50,58,commercial
https://www.brightplace.ai/guides/huntsville-renters-orientation,Renting in Huntsville AL: Neighborhood Guide | brightplace,"the aerospace capital of the south, where rents haven't caught up to the job market. neighborhoods, rent ranges, and commute context for renters.",huntsville al neighborhoods for renters,recommended,0,0,
https://www.brightplace.ai/guides/huntsville-renters-orientation,Renting in Huntsville AL: Neighborhood Guide | brightplace,"the aerospace capital of the south, where rents haven't caught up to the job market. neighborhoods, rent ranges, and commute context for renters.",renting in huntsville al neighborhood guide,recommended,0,0,
https://www.brightplace.ai/guides/huntsville-renters-orientation,Renting in Huntsville AL: Neighborhood Guide | brightplace,"the aerospace capital of the south, where rents haven't caught up to the job market. neighborhoods, rent ranges, and commute context for renters.",huntsville al apartment guide,recommended,0,0,
https://www.brightplace.ai/guides/huntsville-renters-orientation,Renting in Huntsville AL: Neighborhood Guide | brightplace,"the aerospace capital of the south, where rents haven't caught up to the job market. neighborhoods, rent ranges, and commute context for renters.",apartments for rent huntsville alabama,recommended,0,0,
https://www.brightplace.ai/guides/huntsville-renters-orientation,Renting in Huntsville AL: Neighborhood Guide | brightplace,"the aerospace capital of the south, where rents haven't caught up to the job market. neighborhoods, rent ranges, and commute context for renters.",best neighborhoods huntsville alabama,recommended,0,0,
https://www.brightplace.ai/guides/huntsville-renters-orientation,Renting in Huntsville AL: Neighborhood Guide | brightplace,"the aerospace capital of the south, where rents haven't caught up to the job market. neighborhoods, rent ranges, and commute context for renters.",neighborhoods in huntsville al,recommended,40,9,"informational, commercial"
https://www.brightplace.ai/guides/huntsville-renters-orientation,Renting in Huntsville AL: Neighborhood Guide | brightplace,"the aerospace capital of the south, where rents haven't caught up to the job market. neighborhoods, rent ranges, and commute context for renters.",best neighborhood in huntsville al,recommended,30,11,commercial
https://www.brightplace.ai/guides/huntsville-renters-orientation,Renting in Huntsville AL: Neighborhood Guide | brightplace,"the aerospace capital of the south, where rents haven't caught up to the job market. neighborhoods, rent ranges, and commute context for renters.",best neighborhoods in huntsville al,recommended,140,16,commercial
https://www.brightplace.ai/fair-housing,Fair Housing Commitment | brightplace,"brightplace is committed to the fair housing act. learn how we build fairness into our ai-powered apartment search, including our financial tools and data practices.",affirmatively furthering fair housing,recommended,320,35,informational
https://www.brightplace.ai/fair-housing,Fair Housing Commitment | brightplace,"brightplace is committed to the fair housing act. learn how we build fairness into our ai-powered apartment search, including our financial tools and data practices.",affirmative fair housing,recommended,40,31,informational
https://www.brightplace.ai/fair-housing,Fair Housing Commitment | brightplace,"brightplace is committed to the fair housing act. learn how we build fairness into our ai-powered apartment search, including our financial tools and data practices.",fair housing commitment,recommended,0,0,
https://www.brightplace.ai/fair-housing,Fair Housing Commitment | brightplace,"brightplace is committed to the fair housing act. learn how we build fairness into our ai-powered apartment search, including our financial tools and data practices.",brightplace fair housing policy,recommended,0,0,
https://www.brightplace.ai/fair-housing,Fair Housing Commitment | brightplace,"brightplace is committed to the fair housing act. learn how we build fairness into our ai-powered apartment search, including our financial tools and data practices.",fair housing act compliance,recommended,0,0,
https://www.brightplace.ai/fair-housing,Fair Housing Commitment | brightplace,"brightplace is committed to the fair housing act. learn how we build fairness into our ai-powered apartment search, including our financial tools and data practices.",fair housing act guidelines,recommended,880,23,informational
https://www.brightplace.ai/fair-housing,Fair Housing Commitment | brightplace,"brightplace is committed to the fair housing act. learn how we build fairness into our ai-powered apartment search, including our financial tools and data practices.",fair housing act meaning,recommended,140,28,informational
https://www.brightplace.ai/fair-housing,Fair Housing Commitment | brightplace,"brightplace is committed to the fair housing act. learn how we build fairness into our ai-powered apartment search, including our financial tools and data practices.",what is fair housing law,recommended,50,35,informational
https://www.brightplace.ai/fair-housing,Fair Housing Commitment | brightplace,"brightplace is committed to the fair housing act. learn how we build fairness into our ai-powered apartment search, including our financial tools and data practices.",fair housing laws and regulations,recommended,260,37,informational
https://www.brightplace.ai/fair-housing,Fair Housing Commitment | brightplace,"brightplace is committed to the fair housing act. learn how we build fairness into our ai-powered apartment search, including our financial tools and data practices.",what are fair housing laws,recommended,70,41,informational
https://www.brightplace.ai/fair-housing,Fair Housing Commitment | brightplace,"brightplace is committed to the fair housing act. learn how we build fairness into our ai-powered apartment search, including our financial tools and data practices.",fair housing definition,recommended,320,41,informational
https://www.brightplace.ai/fair-housing,Fair Housing Commitment | brightplace,"brightplace is committed to the fair housing act. learn how we build fairness into our ai-powered apartment search, including our financial tools and data practices.",fair housing ca,recommended,40,42,commercial
https://www.brightplace.ai/fair-housing,Fair Housing Commitment | brightplace,"brightplace is committed to the fair housing act. learn how we build fairness into our ai-powered apartment search, including our financial tools and data practices.",fair housing real estate,recommended,70,44,informational
https://www.brightplace.ai/fair-housing,Fair Housing Commitment | brightplace,"brightplace is committed to the fair housing act. learn how we build fairness into our ai-powered apartment search, including our financial tools and data practices.",what is fair housing,recommended,260,45,informational
https://www.brightplace.ai/fair-housing,Fair Housing Commitment | brightplace,"brightplace is committed to the fair housing act. learn how we build fairness into our ai-powered apartment search, including our financial tools and data practices.",fair housing guidelines,recommended,70,46,informational
https://www.brightplace.ai/fair-housing,Fair Housing Commitment | brightplace,"brightplace is committed to the fair housing act. learn how we build fairness into our ai-powered apartment search, including our financial tools and data practices.",fair housing law,recommended,390,52,informational
https://www.brightplace.ai/fair-housing,Fair Housing Commitment | brightplace,"brightplace is committed to the fair housing act. learn how we build fairness into our ai-powered apartment search, including our financial tools and data practices.",fair housing act laws,recommended,70,53,"informational, commercial"
https://www.brightplace.ai/fair-housing,Fair Housing Commitment | brightplace,"brightplace is committed to the fair housing act. learn how we build fairness into our ai-powered apartment search, including our financial tools and data practices.",fair housing act real estate,recommended,70,54,informational
https://www.brightplace.ai/fair-housing,Fair Housing Commitment | brightplace,"brightplace is committed to the fair housing act. learn how we build fairness into our ai-powered apartment search, including our financial tools and data practices.",fair housing and equal opportunity,recommended,210,55,informational
https://www.brightplace.ai/fair-housing,Fair Housing Commitment | brightplace,"brightplace is committed to the fair housing act. learn how we build fairness into our ai-powered apartment search, including our financial tools and data practices.",what is the fair housing act,recommended,880,55,informational
https://www.brightplace.ai/fair-housing,Fair Housing Commitment | brightplace,"brightplace is committed to the fair housing act. learn how we build fairness into our ai-powered apartment search, including our financial tools and data practices.",fair housing act definition,recommended,260,59,informational
https://www.brightplace.ai/fair-housing,Fair Housing Commitment | brightplace,"brightplace is committed to the fair housing act. learn how we build fairness into our ai-powered apartment search, including our financial tools and data practices.",fair housing regulations,recommended,1000,59,"informational, commercial"
https://www.brightplace.ai/fair-housing,Fair Housing Commitment | brightplace,"brightplace is committed to the fair housing act. learn how we build fairness into our ai-powered apartment search, including our financial tools and data practices.",fair housing act rules,recommended,140,60,informational
https://www.brightplace.ai/fair-housing,Fair Housing Commitment | brightplace,"brightplace is committed to the fair housing act. learn how we build fairness into our ai-powered apartment search, including our financial tools and data practices.",fair housing authority,recommended,390,64,commercial
https://www.brightplace.ai/fair-housing,Fair Housing Commitment | brightplace,"brightplace is committed to the fair housing act. learn how we build fairness into our ai-powered apartment search, including our financial tools and data practices.",fair housing agency,recommended,50,64,commercial
https://www.brightplace.ai/guides/philadelphia-city-orientation,Renting in Philadelphia: Neighborhood Guide | brightplace,"philadelphia neighborhoods for renters, block by block. rent ranges, transit access, walkability, and which areas match your commute and lifestyle.",where to live in philadelphia pa,recommended,110,20,informational
https://www.brightplace.ai/guides/philadelphia-city-orientation,Renting in Philadelphia: Neighborhood Guide | brightplace,"philadelphia neighborhoods for renters, block by block. rent ranges, transit access, walkability, and which areas match your commute and lifestyle.",best apartment complexes in philadelphia,recommended,210,26,commercial
https://www.brightplace.ai/guides/philadelphia-city-orientation,Renting in Philadelphia: Neighborhood Guide | brightplace,"philadelphia neighborhoods for renters, block by block. rent ranges, transit access, walkability, and which areas match your commute and lifestyle.",affordable apartments philadelphia,recommended,170,30,commercial
https://www.brightplace.ai/guides/philadelphia-city-orientation,Renting in Philadelphia: Neighborhood Guide | brightplace,"philadelphia neighborhoods for renters, block by block. rent ranges, transit access, walkability, and which areas match your commute and lifestyle.",northeast philadelphia houses for rent,recommended,50,12,informational
https://www.brightplace.ai/guides/philadelphia-city-orientation,Renting in Philadelphia: Neighborhood Guide | brightplace,"philadelphia neighborhoods for renters, block by block. rent ranges, transit access, walkability, and which areas match your commute and lifestyle.",affordable apartments for rent in philadelphia,recommended,40,32,commercial
https://www.brightplace.ai/guides/philadelphia-city-orientation,Renting in Philadelphia: Neighborhood Guide | brightplace,"philadelphia neighborhoods for renters, block by block. rent ranges, transit access, walkability, and which areas match your commute and lifestyle.",philadelphia cheap apartments,recommended,40,33,commercial
https://www.brightplace.ai/guides/philadelphia-city-orientation,Renting in Philadelphia: Neighborhood Guide | brightplace,"philadelphia neighborhoods for renters, block by block. rent ranges, transit access, walkability, and which areas match your commute and lifestyle.",philadelphia neighborhoods for renters,recommended,0,0,
https://www.brightplace.ai/guides/philadelphia-city-orientation,Renting in Philadelphia: Neighborhood Guide | brightplace,"philadelphia neighborhoods for renters, block by block. rent ranges, transit access, walkability, and which areas match your commute and lifestyle.",renting in philadelphia neighborhood guide,recommended,0,0,
https://www.brightplace.ai/guides/philadelphia-city-orientation,Renting in Philadelphia: Neighborhood Guide | brightplace,"philadelphia neighborhoods for renters, block by block. rent ranges, transit access, walkability, and which areas match your commute and lifestyle.",philadelphia apartment guide,recommended,0,0,
https://www.brightplace.ai/guides/philadelphia-city-orientation,Renting in Philadelphia: Neighborhood Guide | brightplace,"philadelphia neighborhoods for renters, block by block. rent ranges, transit access, walkability, and which areas match your commute and lifestyle.",apartments for rent philadelphia,recommended,0,0,
https://www.brightplace.ai/guides/philadelphia-city-orientation,Renting in Philadelphia: Neighborhood Guide | brightplace,"philadelphia neighborhoods for renters, block by block. rent ranges, transit access, walkability, and which areas match your commute and lifestyle.",best philadelphia neighborhoods to live,recommended,0,0,
https://www.brightplace.ai/guides/philadelphia-city-orientation,Renting in Philadelphia: Neighborhood Guide | brightplace,"philadelphia neighborhoods for renters, block by block. rent ranges, transit access, walkability, and which areas match your commute and lifestyle.",neighborhood guide philadelphia,recommended,90,12,informational
https://www.brightplace.ai/guides/philadelphia-city-orientation,Renting in Philadelphia: Neighborhood Guide | brightplace,"philadelphia neighborhoods for renters, block by block. rent ranges, transit access, walkability, and which areas match your commute and lifestyle.",apartments for rent in north philadelphia,recommended,90,14,commercial
https://www.brightplace.ai/guides/philadelphia-city-orientation,Renting in Philadelphia: Neighborhood Guide | brightplace,"philadelphia neighborhoods for renters, block by block. rent ranges, transit access, walkability, and which areas match your commute and lifestyle.",best areas to live in philadelphia,recommended,480,21,commercial
https://www.brightplace.ai/guides/philadelphia-city-orientation,Renting in Philadelphia: Neighborhood Guide | brightplace,"philadelphia neighborhoods for renters, block by block. rent ranges, transit access, walkability, and which areas match your commute and lifestyle.",apartments for rent in northeast philadelphia,recommended,590,22,commercial
https://www.brightplace.ai/guides/philadelphia-city-orientation,Renting in Philadelphia: Neighborhood Guide | brightplace,"philadelphia neighborhoods for renters, block by block. rent ranges, transit access, walkability, and which areas match your commute and lifestyle.",places to live in philadelphia,recommended,90,25,informational
https://www.brightplace.ai/guides/philadelphia-city-orientation,Renting in Philadelphia: Neighborhood Guide | brightplace,"philadelphia neighborhoods for renters, block by block. rent ranges, transit access, walkability, and which areas match your commute and lifestyle.",best neighborhoods in philadelphia,recommended,1600,26,commercial
https://www.brightplace.ai/guides/philadelphia-city-orientation,Renting in Philadelphia: Neighborhood Guide | brightplace,"philadelphia neighborhoods for renters, block by block. rent ranges, transit access, walkability, and which areas match your commute and lifestyle.",nice areas to live in philadelphia,recommended,70,25,informational
https://www.brightplace.ai/guides/philadelphia-city-orientation,Renting in Philadelphia: Neighborhood Guide | brightplace,"philadelphia neighborhoods for renters, block by block. rent ranges, transit access, walkability, and which areas match your commute and lifestyle.",neighborhoods in philadelphia,recommended,720,26,informational
https://www.brightplace.ai/guides/philadelphia-city-orientation,Renting in Philadelphia: Neighborhood Guide | brightplace,"philadelphia neighborhoods for renters, block by block. rent ranges, transit access, walkability, and which areas match your commute and lifestyle.",areas to live in philadelphia,recommended,70,28,"informational, commercial"
https://www.brightplace.ai/guides/philadelphia-city-orientation,Renting in Philadelphia: Neighborhood Guide | brightplace,"philadelphia neighborhoods for renters, block by block. rent ranges, transit access, walkability, and which areas match your commute and lifestyle.",apartments for rent downtown philadelphia,recommended,70,29,commercial
https://www.brightplace.ai/guides/philadelphia-city-orientation,Renting in Philadelphia: Neighborhood Guide | brightplace,"philadelphia neighborhoods for renters, block by block. rent ranges, transit access, walkability, and which areas match your commute and lifestyle.",best apartments philadelphia,recommended,140,31,commercial
https://www.brightplace.ai/guides/philadelphia-city-orientation,Renting in Philadelphia: Neighborhood Guide | brightplace,"philadelphia neighborhoods for renters, block by block. rent ranges, transit access, walkability, and which areas match your commute and lifestyle.",philadelphia best places to live,recommended,90,34,commercial
https://www.brightplace.ai/guides/philadelphia-city-orientation,Renting in Philadelphia: Neighborhood Guide | brightplace,"philadelphia neighborhoods for renters, block by block. rent ranges, transit access, walkability, and which areas match your commute and lifestyle.",philadelphia realtors apartment rentals,recommended,110,35,commercial
https://www.brightplace.ai/guides/philadelphia-city-orientation,Renting in Philadelphia: Neighborhood Guide | brightplace,"philadelphia neighborhoods for renters, block by block. rent ranges, transit access, walkability, and which areas match your commute and lifestyle.",apartment rentals in philadelphia pa,recommended,30,37,commercial
https://www.brightplace.ai/guides/philadelphia-city-orientation,Renting in Philadelphia: Neighborhood Guide | brightplace,"philadelphia neighborhoods for renters, block by block. rent ranges, transit access, walkability, and which areas match your commute and lifestyle.",philadelphia realty rentals,recommended,90,39,commercial
https://www.brightplace.ai/guides/philadelphia-city-orientation,Renting in Philadelphia: Neighborhood Guide | brightplace,"philadelphia neighborhoods for renters, block by block. rent ranges, transit access, walkability, and which areas match your commute and lifestyle.",apartment locator philadelphia,recommended,50,42,commercial
https://www.brightplace.ai/guides/philadelphia-city-orientation,Renting in Philadelphia: Neighborhood Guide | brightplace,"philadelphia neighborhoods for renters, block by block. rent ranges, transit access, walkability, and which areas match your commute and lifestyle.",for rent in philadelphia,recommended,70,47,"informational, transactional"
https://www.brightplace.ai/guides/philadelphia-city-orientation,Renting in Philadelphia: Neighborhood Guide | brightplace,"philadelphia neighborhoods for renters, block by block. rent ranges, transit access, walkability, and which areas match your commute and lifestyle.",places for rent philadelphia,recommended,30,50,informational
https://www.brightplace.ai/guides/philadelphia-city-orientation,Renting in Philadelphia: Neighborhood Guide | brightplace,"philadelphia neighborhoods for renters, block by block. rent ranges, transit access, walkability, and which areas match your commute and lifestyle.",rental properties philadelphia,recommended,50,49,commercial
https://www.brightplace.ai/category/neighborhood-guides,Neighborhood Guides for Renters | brightplace,"city-by-city neighborhood breakdowns for renters. walkability, rent ranges, commute times, and lifestyle fit for every area worth knowing.",neighborhood guides for renters,recommended,0,0,
https://www.brightplace.ai/category/neighborhood-guides,Neighborhood Guides for Renters | brightplace,"city-by-city neighborhood breakdowns for renters. walkability, rent ranges, commute times, and lifestyle fit for every area worth knowing.",apartment search neighborhood guide,recommended,0,0,
https://www.brightplace.ai/category/neighborhood-guides,Neighborhood Guides for Renters | brightplace,"city-by-city neighborhood breakdowns for renters. walkability, rent ranges, commute times, and lifestyle fit for every area worth knowing.",city neighborhood guides,recommended,0,0,
https://www.brightplace.ai/guides/lexington-student-neighborhoods-uk,Student Housing Near UK in Lexington KY | brightplace,"where university of kentucky students rent off campus. neighborhoods by distance to uk, rent per bedroom, bus routes, and walkability scores.",apartments near university of kentucky,recommended,720,48,commercial
https://www.brightplace.ai/guides/lexington-student-neighborhoods-uk,Student Housing Near UK in Lexington KY | brightplace,"where university of kentucky students rent off campus. neighborhoods by distance to uk, rent per bedroom, bus routes, and walkability scores.",houses for rent near university of kentucky campus,recommended,40,7,informational
https://www.brightplace.ai/guides/lexington-student-neighborhoods-uk,Student Housing Near UK in Lexington KY | brightplace,"where university of kentucky students rent off campus. neighborhoods by distance to uk, rent per bedroom, bus routes, and walkability scores.",housing near university of kentucky,recommended,260,37,informational
https://www.brightplace.ai/guides/lexington-student-neighborhoods-uk,Student Housing Near UK in Lexington KY | brightplace,"where university of kentucky students rent off campus. neighborhoods by distance to uk, rent per bedroom, bus routes, and walkability scores.",student apartments lexington ky,recommended,260,39,navigational
https://www.brightplace.ai/guides/lexington-student-neighborhoods-uk,Student Housing Near UK in Lexington KY | brightplace,"where university of kentucky students rent off campus. neighborhoods by distance to uk, rent per bedroom, bus routes, and walkability scores.",off campus housing lexington ky,recommended,40,34,commercial
https://www.brightplace.ai/guides/lexington-student-neighborhoods-uk,Student Housing Near UK in Lexington KY | brightplace,"where university of kentucky students rent off campus. neighborhoods by distance to uk, rent per bedroom, bus routes, and walkability scores.",student housing lexington ky,recommended,0,0,
https://www.brightplace.ai/guides/lexington-student-neighborhoods-uk,Student Housing Near UK in Lexington KY | brightplace,"where university of kentucky students rent off campus. neighborhoods by distance to uk, rent per bedroom, bus routes, and walkability scores.",housing near uk campus,recommended,0,0,
https://www.brightplace.ai/guides/lexington-student-neighborhoods-uk,Student Housing Near UK in Lexington KY | brightplace,"where university of kentucky students rent off campus. neighborhoods by distance to uk, rent per bedroom, bus routes, and walkability scores.",lexington ky student rentals,recommended,0,0,
https://www.brightplace.ai/resources/apartments-with-attached-garages,Apartments with Attached Garages | brightplace,"attached garages are rare in most apartment communities. here is how to search for them, what building types offer them, and what to budget.",how to find garage apartments for rent,recommended,30,10,informational
https://www.brightplace.ai/resources/apartments-with-attached-garages,Apartments with Attached Garages | brightplace,"attached garages are rare in most apartment communities. here is how to search for them, what building types offer them, and what to budget.",apartment for rent with garage,recommended,880,22,informational
https://www.brightplace.ai/resources/apartments-with-attached-garages,Apartments with Attached Garages | brightplace,"attached garages are rare in most apartment communities. here is how to search for them, what building types offer them, and what to budget.",apartments with garages,recommended,4400,25,navigational
https://www.brightplace.ai/resources/apartments-with-attached-garages,Apartments with Attached Garages | brightplace,"attached garages are rare in most apartment communities. here is how to search for them, what building types offer them, and what to budget.",2 car garage with apartment,recommended,1000,13,informational
https://www.brightplace.ai/resources/apartments-with-attached-garages,Apartments with Attached Garages | brightplace,"attached garages are rare in most apartment communities. here is how to search for them, what building types offer them, and what to budget.",garage apartment,recommended,2900,24,informational
https://www.brightplace.ai/resources/apartments-with-attached-garages,Apartments with Attached Garages | brightplace,"attached garages are rare in most apartment communities. here is how to search for them, what building types offer them, and what to budget.",garage apartments near me,recommended,1600,18,transactional
https://www.brightplace.ai/resources/apartments-with-attached-garages,Apartments with Attached Garages | brightplace,"attached garages are rare in most apartment communities. here is how to search for them, what building types offer them, and what to budget.",garage with apartment,recommended,1600,22,informational
https://www.brightplace.ai/resources/apartments-with-attached-garages,Apartments with Attached Garages | brightplace,"attached garages are rare in most apartment communities. here is how to search for them, what building types offer them, and what to budget.",detached garage with apartment,recommended,880,13,informational
https://www.brightplace.ai/resources/apartments-with-attached-garages,Apartments with Attached Garages | brightplace,"attached garages are rare in most apartment communities. here is how to search for them, what building types offer them, and what to budget.",garage apartments,recommended,1300,27,commercial
https://www.brightplace.ai/resources/apartments-with-attached-garages,Apartments with Attached Garages | brightplace,"attached garages are rare in most apartment communities. here is how to search for them, what building types offer them, and what to budget.",apartments with attached garage,recommended,720,23,navigational
https://www.brightplace.ai/resources/apartments-with-attached-garages,Apartments with Attached Garages | brightplace,"attached garages are rare in most apartment communities. here is how to search for them, what building types offer them, and what to budget.",garage apartment for rent near me,recommended,590,15,transactional
https://www.brightplace.ai/resources/apartments-with-attached-garages,Apartments with Attached Garages | brightplace,"attached garages are rare in most apartment communities. here is how to search for them, what building types offer them, and what to budget.",apartments near me with garages,recommended,720,23,transactional
https://www.brightplace.ai/resources/apartments-with-attached-garages,Apartments with Attached Garages | brightplace,"attached garages are rare in most apartment communities. here is how to search for them, what building types offer them, and what to budget.",apartment garage house,recommended,720,20,commercial
https://www.brightplace.ai/resources/apartments-with-attached-garages,Apartments with Attached Garages | brightplace,"attached garages are rare in most apartment communities. here is how to search for them, what building types offer them, and what to budget.",apartments attached garage,recommended,880,30,commercial
https://www.brightplace.ai/resources/apartments-with-attached-garages,Apartments with Attached Garages | brightplace,"attached garages are rare in most apartment communities. here is how to search for them, what building types offer them, and what to budget.",garages with apartment plans,recommended,320,23,commercial
https://www.brightplace.ai/resources/apartments-with-attached-garages,Apartments with Attached Garages | brightplace,"attached garages are rare in most apartment communities. here is how to search for them, what building types offer them, and what to budget.",apartments near me with garage,recommended,210,21,transactional
https://www.brightplace.ai/resources/apartments-with-attached-garages,Apartments with Attached Garages | brightplace,"attached garages are rare in most apartment communities. here is how to search for them, what building types offer them, and what to budget.",apt with garage for rent,recommended,390,17,commercial
https://www.brightplace.ai/resources/apartments-with-attached-garages,Apartments with Attached Garages | brightplace,"attached garages are rare in most apartment communities. here is how to search for them, what building types offer them, and what to budget.",garage plans with apartment above,recommended,390,16,commercial
https://www.brightplace.ai/resources/apartments-with-attached-garages,Apartments with Attached Garages | brightplace,"attached garages are rare in most apartment communities. here is how to search for them, what building types offer them, and what to budget.",apartment complexes with garages,recommended,260,16,commercial
https://www.brightplace.ai/resources/apartments-with-attached-garages,Apartments with Attached Garages | brightplace,"attached garages are rare in most apartment communities. here is how to search for them, what building types offer them, and what to budget.",garage with appartment,recommended,210,14,informational
https://www.brightplace.ai/resources/apartments-with-attached-garages,Apartments with Attached Garages | brightplace,"attached garages are rare in most apartment communities. here is how to search for them, what building types offer them, and what to budget.",garage apartment near me,recommended,390,27,transactional
https://www.brightplace.ai/resources/apartments-with-attached-garages,Apartments with Attached Garages | brightplace,"attached garages are rare in most apartment communities. here is how to search for them, what building types offer them, and what to budget.",rentals with garage,recommended,170,11,informational
https://www.brightplace.ai/resources/apartments-with-attached-garages,Apartments with Attached Garages | brightplace,"attached garages are rare in most apartment communities. here is how to search for them, what building types offer them, and what to budget.",3 bedroom apartments with garage,recommended,140,7,informational
https://www.brightplace.ai/resources/apartments-with-attached-garages,Apartments with Attached Garages | brightplace,"attached garages are rare in most apartment communities. here is how to search for them, what building types offer them, and what to budget.",garage apartment rentals near me,recommended,210,18,transactional
https://www.brightplace.ai/resources/apartments-with-attached-garages,Apartments with Attached Garages | brightplace,"attached garages are rare in most apartment communities. here is how to search for them, what building types offer them, and what to budget.",garage plans with apartments,recommended,260,23,informational
https://www.brightplace.ai/resources/apartments-with-attached-garages,Apartments with Attached Garages | brightplace,"attached garages are rare in most apartment communities. here is how to search for them, what building types offer them, and what to budget.",apartments with garage parking,recommended,140,17,navigational
https://www.brightplace.ai/resources/apartments-with-attached-garages,Apartments with Attached Garages | brightplace,"attached garages are rare in most apartment communities. here is how to search for them, what building types offer them, and what to budget.",garage with upstairs apartment,recommended,170,17,informational
https://www.brightplace.ai/resources/apartments-with-attached-garages,Apartments with Attached Garages | brightplace,"attached garages are rare in most apartment communities. here is how to search for them, what building types offer them, and what to budget.",garage apartment rental,recommended,260,28,informational
https://www.brightplace.ai/resources/apartments-with-attached-garages,Apartments with Attached Garages | brightplace,"attached garages are rare in most apartment communities. here is how to search for them, what building types offer them, and what to budget.",apartment homes with attached garage,recommended,90,14,commercial
https://www.brightplace.ai/resources/apartments-with-attached-garages,Apartments with Attached Garages | brightplace,"attached garages are rare in most apartment communities. here is how to search for them, what building types offer them, and what to budget.",garage loft apartments,recommended,140,20,commercial
https://www.brightplace.ai/resources/apartments-with-dog-parks,"Apartments with Dog Parks: Costs, Amenities & Best Cities (2026) | brightplace","apartments with dog parks vary widely. here is what the amenity includes, what it costs, and what to ask before you sign a lease.",dog friendly apartments near me,recommended,3600,25,transactional
https://www.brightplace.ai/resources/apartments-with-dog-parks,"Apartments with Dog Parks: Costs, Amenities & Best Cities (2026) | brightplace","apartments with dog parks vary widely. here is what the amenity includes, what it costs, and what to ask before you sign a lease.",pet friendly apartments for rent,recommended,2400,24,informational
https://www.brightplace.ai/resources/apartments-with-dog-parks,"Apartments with Dog Parks: Costs, Amenities & Best Cities (2026) | brightplace","apartments with dog parks vary widely. here is what the amenity includes, what it costs, and what to ask before you sign a lease.",apartments that allow dogs,recommended,880,33,commercial
https://www.brightplace.ai/resources/apartments-with-dog-parks,"Apartments with Dog Parks: Costs, Amenities & Best Cities (2026) | brightplace","apartments with dog parks vary widely. here is what the amenity includes, what it costs, and what to ask before you sign a lease.",apartments that allow pets,recommended,590,31,transactional
https://www.brightplace.ai/resources/apartments-with-dog-parks,"Apartments with Dog Parks: Costs, Amenities & Best Cities (2026) | brightplace","apartments with dog parks vary widely. here is what the amenity includes, what it costs, and what to ask before you sign a lease.",animal friendly apartments for rent,recommended,880,36,informational
https://www.brightplace.ai/resources/apartments-with-dog-parks,"Apartments with Dog Parks: Costs, Amenities & Best Cities (2026) | brightplace","apartments with dog parks vary widely. here is what the amenity includes, what it costs, and what to ask before you sign a lease.",apartments pet friendly,recommended,390,25,commercial
https://www.brightplace.ai/resources/apartments-with-dog-parks,"Apartments with Dog Parks: Costs, Amenities & Best Cities (2026) | brightplace","apartments with dog parks vary widely. here is what the amenity includes, what it costs, and what to ask before you sign a lease.",apartments that accept dogs,recommended,320,23,informational
https://www.brightplace.ai/resources/apartments-with-dog-parks,"Apartments with Dog Parks: Costs, Amenities & Best Cities (2026) | brightplace","apartments with dog parks vary widely. here is what the amenity includes, what it costs, and what to ask before you sign a lease.",dog friendly apartments for rent,recommended,210,19,informational
https://www.brightplace.ai/resources/apartments-with-dog-parks,"Apartments with Dog Parks: Costs, Amenities & Best Cities (2026) | brightplace","apartments with dog parks vary widely. here is what the amenity includes, what it costs, and what to ask before you sign a lease.",animal friendly apartments,recommended,320,33,commercial
https://www.brightplace.ai/resources/apartments-with-dog-parks,"Apartments with Dog Parks: Costs, Amenities & Best Cities (2026) | brightplace","apartments with dog parks vary widely. here is what the amenity includes, what it costs, and what to ask before you sign a lease.",apartments that are pet friendly,recommended,390,26,commercial
https://www.brightplace.ai/resources/apartments-with-dog-parks,"Apartments with Dog Parks: Costs, Amenities & Best Cities (2026) | brightplace","apartments with dog parks vary widely. here is what the amenity includes, what it costs, and what to ask before you sign a lease.",apartments near me allow dogs,recommended,170,22,transactional
https://www.brightplace.ai/resources/apartments-with-dog-parks,"Apartments with Dog Parks: Costs, Amenities & Best Cities (2026) | brightplace","apartments with dog parks vary widely. here is what the amenity includes, what it costs, and what to ask before you sign a lease.",apartments for rent with pets,recommended,110,22,informational
https://www.brightplace.ai/resources/apartments-with-dog-parks,"Apartments with Dog Parks: Costs, Amenities & Best Cities (2026) | brightplace","apartments with dog parks vary widely. here is what the amenity includes, what it costs, and what to ask before you sign a lease.",apartments with dogs allowed,recommended,140,25,commercial
https://www.brightplace.ai/resources/apartments-with-dog-parks,"Apartments with Dog Parks: Costs, Amenities & Best Cities (2026) | brightplace","apartments with dog parks vary widely. here is what the amenity includes, what it costs, and what to ask before you sign a lease.",apartments for rent with dogs,recommended,70,14,informational
https://www.brightplace.ai/resources/apartments-with-dog-parks,"Apartments with Dog Parks: Costs, Amenities & Best Cities (2026) | brightplace","apartments with dog parks vary widely. here is what the amenity includes, what it costs, and what to ask before you sign a lease.",dog friendly apartment for rent,recommended,70,18,commercial
https://www.brightplace.ai/resources/apartments-with-dog-parks,"Apartments with Dog Parks: Costs, Amenities & Best Cities (2026) | brightplace","apartments with dog parks vary widely. here is what the amenity includes, what it costs, and what to ask before you sign a lease.",two bedroom apartment for rent with dog park,recommended,320,21,"informational, transactional"
https://www.brightplace.ai/resources/apartments-with-dog-parks,"Apartments with Dog Parks: Costs, Amenities & Best Cities (2026) | brightplace","apartments with dog parks vary widely. here is what the amenity includes, what it costs, and what to ask before you sign a lease.",apartments for rent pets allowed dogs,recommended,170,29,commercial
https://www.brightplace.ai/resources/apartments-with-dog-parks,"Apartments with Dog Parks: Costs, Amenities & Best Cities (2026) | brightplace","apartments with dog parks vary widely. here is what the amenity includes, what it costs, and what to ask before you sign a lease.",apartments with dog parks,recommended,1900,16,informational
https://www.brightplace.ai/resources/apartments-with-dog-parks,"Apartments with Dog Parks: Costs, Amenities & Best Cities (2026) | brightplace","apartments with dog parks vary widely. here is what the amenity includes, what it costs, and what to ask before you sign a lease.",apartments for rent that take dogs,recommended,260,28,commercial
https://www.brightplace.ai/resources/apartments-with-dog-parks,"Apartments with Dog Parks: Costs, Amenities & Best Cities (2026) | brightplace","apartments with dog parks vary widely. here is what the amenity includes, what it costs, and what to ask before you sign a lease.",apartments with pets,recommended,70,34,informational
https://www.brightplace.ai/resources/apartments-with-dog-parks,"Apartments with Dog Parks: Costs, Amenities & Best Cities (2026) | brightplace","apartments with dog parks vary widely. here is what the amenity includes, what it costs, and what to ask before you sign a lease.",apartment with dog park,recommended,210,6,commercial
https://www.brightplace.ai/resources/apartments-with-dog-parks,"Apartments with Dog Parks: Costs, Amenities & Best Cities (2026) | brightplace","apartments with dog parks vary widely. here is what the amenity includes, what it costs, and what to ask before you sign a lease.",pet friendly apartment complex,recommended,50,33,commercial
https://www.brightplace.ai/resources/apartments-with-dog-parks,"Apartments with Dog Parks: Costs, Amenities & Best Cities (2026) | brightplace","apartments with dog parks vary widely. here is what the amenity includes, what it costs, and what to ask before you sign a lease.",apartment complexes with dog parks,recommended,390,7,commercial
https://www.brightplace.ai/resources/apartments-with-dog-parks,"Apartments with Dog Parks: Costs, Amenities & Best Cities (2026) | brightplace","apartments with dog parks vary widely. here is what the amenity includes, what it costs, and what to ask before you sign a lease.",apartments with a dog park near me,recommended,40,4,transactional
https://www.brightplace.ai/resources/apartments-with-dog-parks,"Apartments with Dog Parks: Costs, Amenities & Best Cities (2026) | brightplace","apartments with dog parks vary widely. here is what the amenity includes, what it costs, and what to ask before you sign a lease.",pet allowed apartments,recommended,30,30,informational
https://www.brightplace.ai/resources/apartments-with-dog-parks,"Apartments with Dog Parks: Costs, Amenities & Best Cities (2026) | brightplace","apartments with dog parks vary widely. here is what the amenity includes, what it costs, and what to ask before you sign a lease.",apartments that take dogs,recommended,50,25,commercial
https://www.brightplace.ai/resources/apartments-with-dog-parks,"Apartments with Dog Parks: Costs, Amenities & Best Cities (2026) | brightplace","apartments with dog parks vary widely. here is what the amenity includes, what it costs, and what to ask before you sign a lease.",dog friendly apartment complexes,recommended,90,24,transactional
https://www.brightplace.ai/resources/apartments-with-dog-parks,"Apartments with Dog Parks: Costs, Amenities & Best Cities (2026) | brightplace","apartments with dog parks vary widely. here is what the amenity includes, what it costs, and what to ask before you sign a lease.",pet friendly apartments near,recommended,40,25,transactional
https://www.brightplace.ai/resources/apartments-with-dog-parks,"Apartments with Dog Parks: Costs, Amenities & Best Cities (2026) | brightplace","apartments with dog parks vary widely. here is what the amenity includes, what it costs, and what to ask before you sign a lease.",apartment complex with dog park,recommended,50,10,commercial
https://www.brightplace.ai/resources/apartments-with-dog-parks,"Apartments with Dog Parks: Costs, Amenities & Best Cities (2026) | brightplace","apartments with dog parks vary widely. here is what the amenity includes, what it costs, and what to ask before you sign a lease.",apartments allow dogs,recommended,40,29,commercial
https://www.brightplace.ai/resources/the-quaye-at-palm-beach-gardens-fl,The Quaye at Palm Beach Gardens FL | brightplace,"the quaye at palm beach gardens is a gated rental community in palm beach county. what renters should know about pricing, floorplans, and the area.",palm beach gardens apartments,recommended,1300,30,commercial
https://www.brightplace.ai/resources/the-quaye-at-palm-beach-gardens-fl,The Quaye at Palm Beach Gardens FL | brightplace,"the quaye at palm beach gardens is a gated rental community in palm beach county. what renters should know about pricing, floorplans, and the area.",palm beach apartments for rent,recommended,590,29,commercial
https://www.brightplace.ai/resources/the-quaye-at-palm-beach-gardens-fl,The Quaye at Palm Beach Gardens FL | brightplace,"the quaye at palm beach gardens is a gated rental community in palm beach county. what renters should know about pricing, floorplans, and the area.",homes for rent in palm beach gardens,recommended,210,13,informational
https://www.brightplace.ai/resources/the-quaye-at-palm-beach-gardens-fl,The Quaye at Palm Beach Gardens FL | brightplace,"the quaye at palm beach gardens is a gated rental community in palm beach county. what renters should know about pricing, floorplans, and the area.",homes for rent palm beach gardens fl,recommended,210,13,informational
https://www.brightplace.ai/resources/the-quaye-at-palm-beach-gardens-fl,The Quaye at Palm Beach Gardens FL | brightplace,"the quaye at palm beach gardens is a gated rental community in palm beach county. what renters should know about pricing, floorplans, and the area.",palm beach gardens rentals,recommended,390,29,commercial
https://www.brightplace.ai/resources/the-quaye-at-palm-beach-gardens-fl,The Quaye at Palm Beach Gardens FL | brightplace,"the quaye at palm beach gardens is a gated rental community in palm beach county. what renters should know about pricing, floorplans, and the area.",palm beach gardens apts for rent,recommended,480,40,commercial
https://www.brightplace.ai/resources/the-quaye-at-palm-beach-gardens-fl,The Quaye at Palm Beach Gardens FL | brightplace,"the quaye at palm beach gardens is a gated rental community in palm beach county. what renters should know about pricing, floorplans, and the area.",apartments in palm beach county,recommended,170,18,commercial
https://www.brightplace.ai/resources/the-quaye-at-palm-beach-gardens-fl,The Quaye at Palm Beach Gardens FL | brightplace,"the quaye at palm beach gardens is a gated rental community in palm beach county. what renters should know about pricing, floorplans, and the area.",apartments in palm beach,recommended,390,40,commercial
https://www.brightplace.ai/resources/the-quaye-at-palm-beach-gardens-fl,The Quaye at Palm Beach Gardens FL | brightplace,"the quaye at palm beach gardens is a gated rental community in palm beach county. what renters should know about pricing, floorplans, and the area.",palm beach gardens apartments for rent,recommended,260,34,commercial
https://www.brightplace.ai/resources/the-quaye-at-palm-beach-gardens-fl,The Quaye at Palm Beach Gardens FL | brightplace,"the quaye at palm beach gardens is a gated rental community in palm beach county. what renters should know about pricing, floorplans, and the area.",palm beach gardens communities,recommended,70,4,commercial
https://www.brightplace.ai/resources/the-quaye-at-palm-beach-gardens-fl,The Quaye at Palm Beach Gardens FL | brightplace,"the quaye at palm beach gardens is a gated rental community in palm beach county. what renters should know about pricing, floorplans, and the area.",houses in palm beach gardens,recommended,210,34,commercial
https://www.brightplace.ai/resources/the-quaye-at-palm-beach-gardens-fl,The Quaye at Palm Beach Gardens FL | brightplace,"the quaye at palm beach gardens is a gated rental community in palm beach county. what renters should know about pricing, floorplans, and the area.",luxury apartments palm beach gardens,recommended,210,38,commercial
https://www.brightplace.ai/resources/the-quaye-at-palm-beach-gardens-fl,The Quaye at Palm Beach Gardens FL | brightplace,"the quaye at palm beach gardens is a gated rental community in palm beach county. what renters should know about pricing, floorplans, and the area.",apartments for rent palm beach county,recommended,90,24,transactional
https://www.brightplace.ai/resources/the-quaye-at-palm-beach-gardens-fl,The Quaye at Palm Beach Gardens FL | brightplace,"the quaye at palm beach gardens is a gated rental community in palm beach county. what renters should know about pricing, floorplans, and the area.",apartments near palm beach gardens mall,recommended,50,11,transactional
https://www.brightplace.ai/resources/the-quaye-at-palm-beach-gardens-fl,The Quaye at Palm Beach Gardens FL | brightplace,"the quaye at palm beach gardens is a gated rental community in palm beach county. what renters should know about pricing, floorplans, and the area.",rent in palm beach gardens,recommended,140,34,informational
https://www.brightplace.ai/resources/the-quaye-at-palm-beach-gardens-fl,The Quaye at Palm Beach Gardens FL | brightplace,"the quaye at palm beach gardens is a gated rental community in palm beach county. what renters should know about pricing, floorplans, and the area.",palm beach florida apartments,recommended,140,37,commercial
https://www.brightplace.ai/resources/the-quaye-at-palm-beach-gardens-fl,The Quaye at Palm Beach Gardens FL | brightplace,"the quaye at palm beach gardens is a gated rental community in palm beach county. what renters should know about pricing, floorplans, and the area.",rent palm beach gardens,recommended,140,34,informational
https://www.brightplace.ai/resources/the-quaye-at-palm-beach-gardens-fl,The Quaye at Palm Beach Gardens FL | brightplace,"the quaye at palm beach gardens is a gated rental community in palm beach county. what renters should know about pricing, floorplans, and the area.",apartments in palm beach gardens fl,recommended,140,40,commercial
https://www.brightplace.ai/resources/the-quaye-at-palm-beach-gardens-fl,The Quaye at Palm Beach Gardens FL | brightplace,"the quaye at palm beach gardens is a gated rental community in palm beach county. what renters should know about pricing, floorplans, and the area.",apartments for rent palm beach gardens fl,recommended,110,37,commercial
https://www.brightplace.ai/resources/the-quaye-at-palm-beach-gardens-fl,The Quaye at Palm Beach Gardens FL | brightplace,"the quaye at palm beach gardens is a gated rental community in palm beach county. what renters should know about pricing, floorplans, and the area.",apartment complexes in palm beach gardens,recommended,90,33,commercial
https://www.brightplace.ai/resources/the-quaye-at-palm-beach-gardens-fl,The Quaye at Palm Beach Gardens FL | brightplace,"the quaye at palm beach gardens is a gated rental community in palm beach county. what renters should know about pricing, floorplans, and the area.",furnished apartments palm beach gardens fl,recommended,40,16,commercial
https://www.brightplace.ai/resources/the-quaye-at-palm-beach-gardens-fl,The Quaye at Palm Beach Gardens FL | brightplace,"the quaye at palm beach gardens is a gated rental community in palm beach county. what renters should know about pricing, floorplans, and the area.",rentals in palm beach gardens florida,recommended,90,34,commercial
https://www.brightplace.ai/resources/the-quaye-at-palm-beach-gardens-fl,The Quaye at Palm Beach Gardens FL | brightplace,"the quaye at palm beach gardens is a gated rental community in palm beach county. what renters should know about pricing, floorplans, and the area.",palm beach gardens fl real estate,recommended,170,30,commercial
https://www.brightplace.ai/resources/the-quaye-at-palm-beach-gardens-fl,The Quaye at Palm Beach Gardens FL | brightplace,"the quaye at palm beach gardens is a gated rental community in palm beach county. what renters should know about pricing, floorplans, and the area.",condos in palm beach gardens,recommended,90,21,commercial
https://www.brightplace.ai/resources/the-quaye-at-palm-beach-gardens-fl,The Quaye at Palm Beach Gardens FL | brightplace,"the quaye at palm beach gardens is a gated rental community in palm beach county. what renters should know about pricing, floorplans, and the area.",palm beach gardens condo,recommended,50,17,commercial
https://www.brightplace.ai/resources/the-quaye-at-palm-beach-gardens-fl,The Quaye at Palm Beach Gardens FL | brightplace,"the quaye at palm beach gardens is a gated rental community in palm beach county. what renters should know about pricing, floorplans, and the area.",places for rent in palm beach gardens,recommended,50,32,informational
https://www.brightplace.ai/resources/the-quaye-at-palm-beach-gardens-fl,The Quaye at Palm Beach Gardens FL | brightplace,"the quaye at palm beach gardens is a gated rental community in palm beach county. what renters should know about pricing, floorplans, and the area.",luxury apartments palm beach county,recommended,50,30,commercial
https://www.brightplace.ai/resources/the-quaye-at-palm-beach-gardens-fl,The Quaye at Palm Beach Gardens FL | brightplace,"the quaye at palm beach gardens is a gated rental community in palm beach county. what renters should know about pricing, floorplans, and the area.",apartment for rent in palm beach gardens fl,recommended,50,35,commercial
https://www.brightplace.ai/resources/the-quaye-at-palm-beach-gardens-fl,The Quaye at Palm Beach Gardens FL | brightplace,"the quaye at palm beach gardens is a gated rental community in palm beach county. what renters should know about pricing, floorplans, and the area.",apartment rentals palm beach,recommended,50,33,commercial
https://www.brightplace.ai/resources/the-quaye-at-palm-beach-gardens-fl,The Quaye at Palm Beach Gardens FL | brightplace,"the quaye at palm beach gardens is a gated rental community in palm beach county. what renters should know about pricing, floorplans, and the area.",gardens east apartments palm beach gardens,recommended,50,20,commercial
https://www.brightplace.ai/guides/dog-friendly-neighborhoods-san-diego,Dog-Friendly Neighborhoods in San Diego | brightplace,"the best san diego neighborhoods for dog owners. off-leash beaches, trail access, brewery patios, and apartment pet policies compared across ocean beach, pacific beach, north park, hillcrest, and normal heights.",dog parks in san diego ca,recommended,320,20,commercial
https://www.brightplace.ai/guides/dog-friendly-neighborhoods-san-diego,Dog-Friendly Neighborhoods in San Diego | brightplace,"the best san diego neighborhoods for dog owners. off-leash beaches, trail access, brewery patios, and apartment pet policies compared across ocean beach, pacific beach, north park, hillcrest, and normal heights.",san diego dog parks,recommended,260,20,commercial
https://www.brightplace.ai/guides/dog-friendly-neighborhoods-san-diego,Dog-Friendly Neighborhoods in San Diego | brightplace,"the best san diego neighborhoods for dog owners. off-leash beaches, trail access, brewery patios, and apartment pet policies compared across ocean beach, pacific beach, north park, hillcrest, and normal heights.",best dog parks in san diego,recommended,90,16,commercial
https://www.brightplace.ai/guides/dog-friendly-neighborhoods-san-diego,Dog-Friendly Neighborhoods in San Diego | brightplace,"the best san diego neighborhoods for dog owners. off-leash beaches, trail access, brewery patios, and apartment pet policies compared across ocean beach, pacific beach, north park, hillcrest, and normal heights.",dog friendly parks san diego,recommended,70,16,commercial
https://www.brightplace.ai/guides/dog-friendly-neighborhoods-san-diego,Dog-Friendly Neighborhoods in San Diego | brightplace,"the best san diego neighborhoods for dog owners. off-leash beaches, trail access, brewery patios, and apartment pet policies compared across ocean beach, pacific beach, north park, hillcrest, and normal heights.",is san diego dog friendly,recommended,40,15,informational
https://www.brightplace.ai/guides/dog-friendly-neighborhoods-san-diego,Dog-Friendly Neighborhoods in San Diego | brightplace,"the best san diego neighborhoods for dog owners. off-leash beaches, trail access, brewery patios, and apartment pet policies compared across ocean beach, pacific beach, north park, hillcrest, and normal heights.",dog friendly neighborhoods san diego,recommended,0,0,
https://www.brightplace.ai/guides/dog-friendly-neighborhoods-san-diego,Dog-Friendly Neighborhoods in San Diego | brightplace,"the best san diego neighborhoods for dog owners. off-leash beaches, trail access, brewery patios, and apartment pet policies compared across ocean beach, pacific beach, north park, hillcrest, and normal heights.",san diego apartments for dogs,recommended,0,0,
https://www.brightplace.ai/guides/dog-friendly-neighborhoods-san-diego,Dog-Friendly Neighborhoods in San Diego | brightplace,"the best san diego neighborhoods for dog owners. off-leash beaches, trail access, brewery patios, and apartment pet policies compared across ocean beach, pacific beach, north park, hillcrest, and normal heights.",best areas for dog owners san diego,recommended,0,0,
https://www.brightplace.ai/guides/dog-friendly-neighborhoods-san-diego,Dog-Friendly Neighborhoods in San Diego | brightplace,"the best san diego neighborhoods for dog owners. off-leash beaches, trail access, brewery patios, and apartment pet policies compared across ocean beach, pacific beach, north park, hillcrest, and normal heights.",san diego dog parks apartments,recommended,0,0,
https://www.brightplace.ai/guides/dog-friendly-neighborhoods-san-diego,Dog-Friendly Neighborhoods in San Diego | brightplace,"the best san diego neighborhoods for dog owners. off-leash beaches, trail access, brewery patios, and apartment pet policies compared across ocean beach, pacific beach, north park, hillcrest, and normal heights.",pet friendly rentals san diego,recommended,0,0,
https://www.brightplace.ai/guides/dog-friendly-neighborhoods-san-diego,Dog-Friendly Neighborhoods in San Diego | brightplace,"the best san diego neighborhoods for dog owners. off-leash beaches, trail access, brewery patios, and apartment pet policies compared across ocean beach, pacific beach, north park, hillcrest, and normal heights.",dog friendly vacation rentals san diego,recommended,70,0,"informational, transactional"
https://www.brightplace.ai/guides/dog-friendly-neighborhoods-san-diego,Dog-Friendly Neighborhoods in San Diego | brightplace,"the best san diego neighborhoods for dog owners. off-leash beaches, trail access, brewery patios, and apartment pet policies compared across ocean beach, pacific beach, north park, hillcrest, and normal heights.",vacation rentals pet friendly san diego,recommended,90,0,"informational, transactional"
https://www.brightplace.ai/guides/dog-friendly-neighborhoods-san-diego,Dog-Friendly Neighborhoods in San Diego | brightplace,"the best san diego neighborhoods for dog owners. off-leash beaches, trail access, brewery patios, and apartment pet policies compared across ocean beach, pacific beach, north park, hillcrest, and normal heights.",pet friendly homes for rent in san diego,recommended,90,6,commercial
https://www.brightplace.ai/guides/dog-friendly-neighborhoods-san-diego,Dog-Friendly Neighborhoods in San Diego | brightplace,"the best san diego neighborhoods for dog owners. off-leash beaches, trail access, brewery patios, and apartment pet policies compared across ocean beach, pacific beach, north park, hillcrest, and normal heights.",pet friendly san diego,recommended,260,12,commercial
https://www.brightplace.ai/guides/dog-friendly-neighborhoods-san-diego,Dog-Friendly Neighborhoods in San Diego | brightplace,"the best san diego neighborhoods for dog owners. off-leash beaches, trail access, brewery patios, and apartment pet policies compared across ocean beach, pacific beach, north park, hillcrest, and normal heights.",dog friendly places in san diego,recommended,260,13,commercial
https://www.brightplace.ai/guides/dog-friendly-neighborhoods-san-diego,Dog-Friendly Neighborhoods in San Diego | brightplace,"the best san diego neighborhoods for dog owners. off-leash beaches, trail access, brewery patios, and apartment pet policies compared across ocean beach, pacific beach, north park, hillcrest, and normal heights.",pet friendly apartments san diego,recommended,210,14,informational
https://www.brightplace.ai/guides/dog-friendly-neighborhoods-san-diego,Dog-Friendly Neighborhoods in San Diego | brightplace,"the best san diego neighborhoods for dog owners. off-leash beaches, trail access, brewery patios, and apartment pet policies compared across ocean beach, pacific beach, north park, hillcrest, and normal heights.",pet friendly apartment in san diego ca,recommended,30,18,commercial
https://www.brightplace.ai/guides/dog-friendly-neighborhoods-san-diego,Dog-Friendly Neighborhoods in San Diego | brightplace,"the best san diego neighborhoods for dog owners. off-leash beaches, trail access, brewery patios, and apartment pet policies compared across ocean beach, pacific beach, north park, hillcrest, and normal heights.",pet friendly apartments for rent in san diego ca,recommended,50,18,commercial
https://www.brightplace.ai/guides/dog-friendly-neighborhoods-san-diego,Dog-Friendly Neighborhoods in San Diego | brightplace,"the best san diego neighborhoods for dog owners. off-leash beaches, trail access, brewery patios, and apartment pet policies compared across ocean beach, pacific beach, north park, hillcrest, and normal heights.",apartments in san diego that allow dogs,recommended,30,19,commercial
https://www.brightplace.ai/guides/dog-friendly-neighborhoods-san-diego,Dog-Friendly Neighborhoods in San Diego | brightplace,"the best san diego neighborhoods for dog owners. off-leash beaches, trail access, brewery patios, and apartment pet policies compared across ocean beach, pacific beach, north park, hillcrest, and normal heights.",dog friendly apartments san diego,recommended,110,20,commercial
https://www.brightplace.ai/guides/knoxville-young-professionals,Where Young Professionals Rent in Knoxville | brightplace,"a college town that grew up, with rents that still work. neighborhood breakdowns, rent ranges, and commute times for knoxville's best areas.",apartments knoxville tn young professionals,recommended,0,0,
https://www.brightplace.ai/guides/knoxville-young-professionals,Where Young Professionals Rent in Knoxville | brightplace,"a college town that grew up, with rents that still work. neighborhood breakdowns, rent ranges, and commute times for knoxville's best areas.",knoxville apartments young professionals,recommended,0,0,
https://www.brightplace.ai/guides/knoxville-young-professionals,Where Young Professionals Rent in Knoxville | brightplace,"a college town that grew up, with rents that still work. neighborhood breakdowns, rent ranges, and commute times for knoxville's best areas.",renting in knoxville for young adults,recommended,0,0,
https://www.brightplace.ai/guides/knoxville-young-professionals,Where Young Professionals Rent in Knoxville | brightplace,"a college town that grew up, with rents that still work. neighborhood breakdowns, rent ranges, and commute times for knoxville's best areas.",knoxville neighborhoods young professionals,recommended,0,0,
https://www.brightplace.ai/resources/apartments-with-no-credit-check,Apartments with No Credit Check: How to Rent Without Credit | brightplace,"how to rent an apartment with no credit check. learn where to find no-credit-check apartments, what to offer instead, and how to avoid rental scams.",can you get an apartment without credit,recommended,480,20,"informational, transactional"
https://www.brightplace.ai/resources/apartments-with-no-credit-check,Apartments with No Credit Check: How to Rent Without Credit | brightplace,"how to rent an apartment with no credit check. learn where to find no-credit-check apartments, what to offer instead, and how to avoid rental scams.",how to get an apartment with no credit,recommended,390,26,informational
https://www.brightplace.ai/resources/apartments-with-no-credit-check,Apartments with No Credit Check: How to Rent Without Credit | brightplace,"how to rent an apartment with no credit check. learn where to find no-credit-check apartments, what to offer instead, and how to avoid rental scams.",can you get an apartment with no credit,recommended,590,22,transactional
https://www.brightplace.ai/resources/apartments-with-no-credit-check,Apartments with No Credit Check: How to Rent Without Credit | brightplace,"how to rent an apartment with no credit check. learn where to find no-credit-check apartments, what to offer instead, and how to avoid rental scams.",how to get apartment without credit,recommended,170,20,informational
https://www.brightplace.ai/resources/apartments-with-no-credit-check,Apartments with No Credit Check: How to Rent Without Credit | brightplace,"how to rent an apartment with no credit check. learn where to find no-credit-check apartments, what to offer instead, and how to avoid rental scams.",how to rent an apartment with no credit,recommended,260,27,informational
https://www.brightplace.ai/resources/apartments-with-no-credit-check,Apartments with No Credit Check: How to Rent Without Credit | brightplace,"how to rent an apartment with no credit check. learn where to find no-credit-check apartments, what to offer instead, and how to avoid rental scams.",can i rent an apartment with no credit,recommended,170,20,informational
https://www.brightplace.ai/resources/apartments-with-no-credit-check,Apartments with No Credit Check: How to Rent Without Credit | brightplace,"how to rent an apartment with no credit check. learn where to find no-credit-check apartments, what to offer instead, and how to avoid rental scams.",can you rent a house with no credit,recommended,90,11,informational
https://www.brightplace.ai/resources/apartments-with-no-credit-check,Apartments with No Credit Check: How to Rent Without Credit | brightplace,"how to rent an apartment with no credit check. learn where to find no-credit-check apartments, what to offer instead, and how to avoid rental scams.",how do i rent a house with no credit,recommended,50,20,informational
https://www.brightplace.ai/resources/apartments-with-no-credit-check,Apartments with No Credit Check: How to Rent Without Credit | brightplace,"how to rent an apartment with no credit check. learn where to find no-credit-check apartments, what to offer instead, and how to avoid rental scams.",how to find apartments without credit check,recommended,0,0,
https://www.brightplace.ai/resources/apartments-with-no-credit-check,Apartments with No Credit Check: How to Rent Without Credit | brightplace,"how to rent an apartment with no credit check. learn where to find no-credit-check apartments, what to offer instead, and how to avoid rental scams.",no credit check apartments,recommended,14800,30,commercial
https://www.brightplace.ai/resources/apartments-with-no-credit-check,Apartments with No Credit Check: How to Rent Without Credit | brightplace,"how to rent an apartment with no credit check. learn where to find no-credit-check apartments, what to offer instead, and how to avoid rental scams.",apartments for rent no credit check,recommended,2400,34,"informational, commercial"
https://www.brightplace.ai/resources/apartments-with-no-credit-check,Apartments with No Credit Check: How to Rent Without Credit | brightplace,"how to rent an apartment with no credit check. learn where to find no-credit-check apartments, what to offer instead, and how to avoid rental scams.",no credit check homes for rent near me,recommended,590,55,transactional
https://www.brightplace.ai/resources/apartments-with-no-credit-check,Apartments with No Credit Check: How to Rent Without Credit | brightplace,"how to rent an apartment with no credit check. learn where to find no-credit-check apartments, what to offer instead, and how to avoid rental scams.",cheap apartments no credit check,recommended,320,27,commercial
https://www.brightplace.ai/resources/apartments-with-no-credit-check,Apartments with No Credit Check: How to Rent Without Credit | brightplace,"how to rent an apartment with no credit check. learn where to find no-credit-check apartments, what to offer instead, and how to avoid rental scams.",no credit check apartments nyc,recommended,320,25,commercial
https://www.brightplace.ai/resources/apartments-with-no-credit-check,Apartments with No Credit Check: How to Rent Without Credit | brightplace,"how to rent an apartment with no credit check. learn where to find no-credit-check apartments, what to offer instead, and how to avoid rental scams.",housing with no credit check,recommended,210,19,commercial
https://www.brightplace.ai/resources/apartments-with-no-credit-check,Apartments with No Credit Check: How to Rent Without Credit | brightplace,"how to rent an apartment with no credit check. learn where to find no-credit-check apartments, what to offer instead, and how to avoid rental scams.",rental homes no credit check,recommended,110,35,informational
https://www.brightplace.ai/resources/apartments-with-no-credit-check,Apartments with No Credit Check: How to Rent Without Credit | brightplace,"how to rent an apartment with no credit check. learn where to find no-credit-check apartments, what to offer instead, and how to avoid rental scams.",rental with no credit check,recommended,260,23,informational
https://www.brightplace.ai/resources/apartments-with-no-credit-check,Apartments with No Credit Check: How to Rent Without Credit | brightplace,"how to rent an apartment with no credit check. learn where to find no-credit-check apartments, what to offer instead, and how to avoid rental scams.",rent an apartment with no credit check,recommended,170,20,informational
https://www.brightplace.ai/resources/apartments-with-no-credit-check,Apartments with No Credit Check: How to Rent Without Credit | brightplace,"how to rent an apartment with no credit check. learn where to find no-credit-check apartments, what to offer instead, and how to avoid rental scams.",houses for rent no credit,recommended,40,17,informational
https://www.brightplace.ai/resources/apartments-with-no-credit-check,Apartments with No Credit Check: How to Rent Without Credit | brightplace,"how to rent an apartment with no credit check. learn where to find no-credit-check apartments, what to offer instead, and how to avoid rental scams.",no credit check apartments new york,recommended,210,24,informational
https://www.brightplace.ai/resources/apartments-with-no-credit-check,Apartments with No Credit Check: How to Rent Without Credit | brightplace,"how to rent an apartment with no credit check. learn where to find no-credit-check apartments, what to offer instead, and how to avoid rental scams.",affordable apartments near me no credit check,recommended,70,21,transactional
https://www.brightplace.ai/resources/apartments-with-no-credit-check,Apartments with No Credit Check: How to Rent Without Credit | brightplace,"how to rent an apartment with no credit check. learn where to find no-credit-check apartments, what to offer instead, and how to avoid rental scams.",no credit check rentals,recommended,1000,29,informational
https://www.brightplace.ai/resources/apartments-with-no-credit-check,Apartments with No Credit Check: How to Rent Without Credit | brightplace,"how to rent an apartment with no credit check. learn where to find no-credit-check apartments, what to offer instead, and how to avoid rental scams.",no credit score apartments,recommended,90,20,commercial
https://www.brightplace.ai/resources/apartments-with-no-credit-check,Apartments with No Credit Check: How to Rent Without Credit | brightplace,"how to rent an apartment with no credit check. learn where to find no-credit-check apartments, what to offer instead, and how to avoid rental scams.",renting an apartment without credit,recommended,90,24,informational
https://www.brightplace.ai/resources/apartments-with-no-credit-check,Apartments with No Credit Check: How to Rent Without Credit | brightplace,"how to rent an apartment with no credit check. learn where to find no-credit-check apartments, what to offer instead, and how to avoid rental scams.",no credit check apartment rental,recommended,90,20,commercial
https://www.brightplace.ai/resources/apartments-with-no-credit-check,Apartments with No Credit Check: How to Rent Without Credit | brightplace,"how to rent an apartment with no credit check. learn where to find no-credit-check apartments, what to offer instead, and how to avoid rental scams.",apartment with no credit,recommended,390,30,informational
https://www.brightplace.ai/resources/apartments-with-no-credit-check,Apartments with No Credit Check: How to Rent Without Credit | brightplace,"how to rent an apartment with no credit check. learn where to find no-credit-check apartments, what to offer instead, and how to avoid rental scams.",renting an apartment with no credit,recommended,70,21,informational
https://www.brightplace.ai/resources/apartments-with-no-credit-check,Apartments with No Credit Check: How to Rent Without Credit | brightplace,"how to rent an apartment with no credit check. learn where to find no-credit-check apartments, what to offer instead, and how to avoid rental scams.",apartment with no credit check,recommended,880,41,commercial
https://www.brightplace.ai/resources/apartments-with-no-credit-check,Apartments with No Credit Check: How to Rent Without Credit | brightplace,"how to rent an apartment with no credit check. learn where to find no-credit-check apartments, what to offer instead, and how to avoid rental scams.",renting no credit check,recommended,590,35,informational
https://www.brightplace.ai/resources/apartments-with-no-credit-check,Apartments with No Credit Check: How to Rent Without Credit | brightplace,"how to rent an apartment with no credit check. learn where to find no-credit-check apartments, what to offer instead, and how to avoid rental scams.",no credit check for rent,recommended,70,17,informational
https://www.brightplace.ai/resources/weston-oaks-apartments-holiday-florida,Weston Oaks Apartments Holiday FL | brightplace,"weston oaks apartments florida is an income-restricted community in holiday, fl. see floor plans, rent ranges, income limits, and how to apply.",apartments in holiday fl,recommended,210,30,commercial
https://www.brightplace.ai/resources/weston-oaks-apartments-holiday-florida,Weston Oaks Apartments Holiday FL | brightplace,"weston oaks apartments florida is an income-restricted community in holiday, fl. see floor plans, rent ranges, income limits, and how to apply.",houses for rent holiday fl,recommended,90,13,informational
https://www.brightplace.ai/resources/weston-oaks-apartments-holiday-florida,Weston Oaks Apartments Holiday FL | brightplace,"weston oaks apartments florida is an income-restricted community in holiday, fl. see floor plans, rent ranges, income limits, and how to apply.",apartments for rent holiday fl,recommended,70,22,commercial
https://www.brightplace.ai/resources/weston-oaks-apartments-holiday-florida,Weston Oaks Apartments Holiday FL | brightplace,"weston oaks apartments florida is an income-restricted community in holiday, fl. see floor plans, rent ranges, income limits, and how to apply.",florida apartments for rent,recommended,1600,46,"informational, transactional"
https://www.brightplace.ai/resources/weston-oaks-apartments-holiday-florida,Weston Oaks Apartments Holiday FL | brightplace,"weston oaks apartments florida is an income-restricted community in holiday, fl. see floor plans, rent ranges, income limits, and how to apply.",apartments holiday fl,recommended,70,26,commercial
https://www.brightplace.ai/resources/weston-oaks-apartments-holiday-florida,Weston Oaks Apartments Holiday FL | brightplace,"weston oaks apartments florida is an income-restricted community in holiday, fl. see floor plans, rent ranges, income limits, and how to apply.",weston oaks apartments holiday fl,recommended,30,22,navigational
https://www.brightplace.ai/resources/weston-oaks-apartments-holiday-florida,Weston Oaks Apartments Holiday FL | brightplace,"weston oaks apartments florida is an income-restricted community in holiday, fl. see floor plans, rent ranges, income limits, and how to apply.",apartments for rent in fl,recommended,90,47,commercial
https://www.brightplace.ai/resources/weston-oaks-apartments-holiday-florida,Weston Oaks Apartments Holiday FL | brightplace,"weston oaks apartments florida is an income-restricted community in holiday, fl. see floor plans, rent ranges, income limits, and how to apply.",apartment rentals florida,recommended,50,49,informational
https://www.brightplace.ai/resources/weston-oaks-apartments-holiday-florida,Weston Oaks Apartments Holiday FL | brightplace,"weston oaks apartments florida is an income-restricted community in holiday, fl. see floor plans, rent ranges, income limits, and how to apply.",holiday fl rental properties,recommended,0,0,
https://www.brightplace.ai/resources/weston-oaks-apartments-holiday-florida,Weston Oaks Apartments Holiday FL | brightplace,"weston oaks apartments florida is an income-restricted community in holiday, fl. see floor plans, rent ranges, income limits, and how to apply.",income restricted apartments holiday fl,recommended,0,0,
https://www.brightplace.ai/guides/minneapolis-city-orientation,Renting in Minneapolis: Neighborhood Guide | brightplace,"a renter's map of minneapolis neighborhoods. rent ranges, transit access, walkability, and what each area is like to live in across seasons.",where to live in minneapolis mn,recommended,70,18,informational
https://www.brightplace.ai/guides/minneapolis-city-orientation,Renting in Minneapolis: Neighborhood Guide | brightplace,"a renter's map of minneapolis neighborhoods. rent ranges, transit access, walkability, and what each area is like to live in across seasons.",northeast minneapolis houses for rent,recommended,70,16,informational
https://www.brightplace.ai/guides/minneapolis-city-orientation,Renting in Minneapolis: Neighborhood Guide | brightplace,"a renter's map of minneapolis neighborhoods. rent ranges, transit access, walkability, and what each area is like to live in across seasons.",apartments for rent in minneapolis,recommended,880,50,commercial
https://www.brightplace.ai/guides/minneapolis-city-orientation,Renting in Minneapolis: Neighborhood Guide | brightplace,"a renter's map of minneapolis neighborhoods. rent ranges, transit access, walkability, and what each area is like to live in across seasons.",monthly rentals minneapolis,recommended,70,16,"informational, transactional"
https://www.brightplace.ai/guides/minneapolis-city-orientation,Renting in Minneapolis: Neighborhood Guide | brightplace,"a renter's map of minneapolis neighborhoods. rent ranges, transit access, walkability, and what each area is like to live in across seasons.",best apartments in minneapolis,recommended,210,36,commercial
https://www.brightplace.ai/guides/minneapolis-city-orientation,Renting in Minneapolis: Neighborhood Guide | brightplace,"a renter's map of minneapolis neighborhoods. rent ranges, transit access, walkability, and what each area is like to live in across seasons.",cheap houses for rent in minneapolis,recommended,50,17,commercial
https://www.brightplace.ai/guides/minneapolis-city-orientation,Renting in Minneapolis: Neighborhood Guide | brightplace,"a renter's map of minneapolis neighborhoods. rent ranges, transit access, walkability, and what each area is like to live in across seasons.",monthly rentals minnesota,recommended,30,8,informational
https://www.brightplace.ai/guides/minneapolis-city-orientation,Renting in Minneapolis: Neighborhood Guide | brightplace,"a renter's map of minneapolis neighborhoods. rent ranges, transit access, walkability, and what each area is like to live in across seasons.",houses for rent in north minneapolis,recommended,30,12,informational
https://www.brightplace.ai/guides/minneapolis-city-orientation,Renting in Minneapolis: Neighborhood Guide | brightplace,"a renter's map of minneapolis neighborhoods. rent ranges, transit access, walkability, and what each area is like to live in across seasons.",rental house minneapolis,recommended,30,34,informational
https://www.brightplace.ai/guides/minneapolis-city-orientation,Renting in Minneapolis: Neighborhood Guide | brightplace,"a renter's map of minneapolis neighborhoods. rent ranges, transit access, walkability, and what each area is like to live in across seasons.",apts in minneapolis,recommended,50,48,commercial
https://www.brightplace.ai/guides/minneapolis-city-orientation,Renting in Minneapolis: Neighborhood Guide | brightplace,"a renter's map of minneapolis neighborhoods. rent ranges, transit access, walkability, and what each area is like to live in across seasons.",renting in minneapolis,recommended,0,0,
https://www.brightplace.ai/guides/minneapolis-city-orientation,Renting in Minneapolis: Neighborhood Guide | brightplace,"a renter's map of minneapolis neighborhoods. rent ranges, transit access, walkability, and what each area is like to live in across seasons.",best minneapolis neighborhoods to rent,recommended,0,0,
https://www.brightplace.ai/guides/minneapolis-city-orientation,Renting in Minneapolis: Neighborhood Guide | brightplace,"a renter's map of minneapolis neighborhoods. rent ranges, transit access, walkability, and what each area is like to live in across seasons.",minneapolis rental market,recommended,0,0,
https://www.brightplace.ai/guides/minneapolis-city-orientation,Renting in Minneapolis: Neighborhood Guide | brightplace,"a renter's map of minneapolis neighborhoods. rent ranges, transit access, walkability, and what each area is like to live in across seasons.",minneapolis cheap apartments,recommended,30,22,"informational, transactional"
https://www.brightplace.ai/guides/minneapolis-city-orientation,Renting in Minneapolis: Neighborhood Guide | brightplace,"a renter's map of minneapolis neighborhoods. rent ranges, transit access, walkability, and what each area is like to live in across seasons.",minneapolis neighborhood guide,recommended,0,0,
https://www.brightplace.ai/guides/minneapolis-city-orientation,Renting in Minneapolis: Neighborhood Guide | brightplace,"a renter's map of minneapolis neighborhoods. rent ranges, transit access, walkability, and what each area is like to live in across seasons.",for rent by owner minneapolis,recommended,70,3,informational
https://www.brightplace.ai/guides/minneapolis-city-orientation,Renting in Minneapolis: Neighborhood Guide | brightplace,"a renter's map of minneapolis neighborhoods. rent ranges, transit access, walkability, and what each area is like to live in across seasons.",cheapest apartments minneapolis,recommended,30,17,transactional
https://www.brightplace.ai/guides/minneapolis-city-orientation,Renting in Minneapolis: Neighborhood Guide | brightplace,"a renter's map of minneapolis neighborhoods. rent ranges, transit access, walkability, and what each area is like to live in across seasons.",minnesota rental homes,recommended,40,21,informational
https://www.brightplace.ai/guides/minneapolis-city-orientation,Renting in Minneapolis: Neighborhood Guide | brightplace,"a renter's map of minneapolis neighborhoods. rent ranges, transit access, walkability, and what each area is like to live in across seasons.",homes for rent minnesota,recommended,140,22,informational
https://www.brightplace.ai/guides/minneapolis-city-orientation,Renting in Minneapolis: Neighborhood Guide | brightplace,"a renter's map of minneapolis neighborhoods. rent ranges, transit access, walkability, and what each area is like to live in across seasons.",best places to live in minneapolis mn,recommended,140,21,commercial
https://www.brightplace.ai/guides/minneapolis-city-orientation,Renting in Minneapolis: Neighborhood Guide | brightplace,"a renter's map of minneapolis neighborhoods. rent ranges, transit access, walkability, and what each area is like to live in across seasons.",casas en renta en minneapolis,recommended,110,22,informational
https://www.brightplace.ai/guides/minneapolis-city-orientation,Renting in Minneapolis: Neighborhood Guide | brightplace,"a renter's map of minneapolis neighborhoods. rent ranges, transit access, walkability, and what each area is like to live in across seasons.",affordable apartments minneapolis mn,recommended,30,22,transactional
https://www.brightplace.ai/guides/minneapolis-city-orientation,Renting in Minneapolis: Neighborhood Guide | brightplace,"a renter's map of minneapolis neighborhoods. rent ranges, transit access, walkability, and what each area is like to live in across seasons.",rent in minnesota,recommended,260,24,informational
https://www.brightplace.ai/guides/minneapolis-city-orientation,Renting in Minneapolis: Neighborhood Guide | brightplace,"a renter's map of minneapolis neighborhoods. rent ranges, transit access, walkability, and what each area is like to live in across seasons.",for rent minnesota,recommended,110,24,informational
https://www.brightplace.ai/guides/minneapolis-city-orientation,Renting in Minneapolis: Neighborhood Guide | brightplace,"a renter's map of minneapolis neighborhoods. rent ranges, transit access, walkability, and what each area is like to live in across seasons.",downtown minneapolis rent,recommended,30,31,commercial
https://www.brightplace.ai/guides/minneapolis-city-orientation,Renting in Minneapolis: Neighborhood Guide | brightplace,"a renter's map of minneapolis neighborhoods. rent ranges, transit access, walkability, and what each area is like to live in across seasons.",apartments for rent northeast minneapolis,recommended,210,31,commercial
https://www.brightplace.ai/guides/minneapolis-city-orientation,Renting in Minneapolis: Neighborhood Guide | brightplace,"a renter's map of minneapolis neighborhoods. rent ranges, transit access, walkability, and what each area is like to live in across seasons.",home for rent in minneapolis,recommended,50,33,informational
https://www.brightplace.ai/guides/minneapolis-city-orientation,Renting in Minneapolis: Neighborhood Guide | brightplace,"a renter's map of minneapolis neighborhoods. rent ranges, transit access, walkability, and what each area is like to live in across seasons.",downtown minneapolis rentals,recommended,50,32,commercial
https://www.brightplace.ai/guides/minneapolis-city-orientation,Renting in Minneapolis: Neighborhood Guide | brightplace,"a renter's map of minneapolis neighborhoods. rent ranges, transit access, walkability, and what each area is like to live in across seasons.",minneapolis rental homes,recommended,50,35,informational
https://www.brightplace.ai/guides/minneapolis-city-orientation,Renting in Minneapolis: Neighborhood Guide | brightplace,"a renter's map of minneapolis neighborhoods. rent ranges, transit access, walkability, and what each area is like to live in across seasons.",apartments for rent downtown minneapolis,recommended,210,33,navigational
https://www.brightplace.ai/resources/4-bedroom-apartments-orlando,4 Bedroom Apartments Orlando | brightplace,"4 bedroom apartments orlando rent $2,200 to $3,800/month. pricing by neighborhood, product type, and what affects total cost.",apartments for rent orlando fl,recommended,1300,50,commercial
https://www.brightplace.ai/resources/4-bedroom-apartments-orlando,4 Bedroom Apartments Orlando | brightplace,"4 bedroom apartments orlando rent $2,200 to $3,800/month. pricing by neighborhood, product type, and what affects total cost.",apartments orlando,recommended,8100,49,commercial
https://www.brightplace.ai/resources/4-bedroom-apartments-orlando,4 Bedroom Apartments Orlando | brightplace,"4 bedroom apartments orlando rent $2,200 to $3,800/month. pricing by neighborhood, product type, and what affects total cost.",4 bedroom apartments orlando,recommended,390,0,commercial
https://www.brightplace.ai/resources/4-bedroom-apartments-orlando,4 Bedroom Apartments Orlando | brightplace,"4 bedroom apartments orlando rent $2,200 to $3,800/month. pricing by neighborhood, product type, and what affects total cost.",3 bedroom apartments in orlando,recommended,260,19,commercial
https://www.brightplace.ai/resources/4-bedroom-apartments-orlando,4 Bedroom Apartments Orlando | brightplace,"4 bedroom apartments orlando rent $2,200 to $3,800/month. pricing by neighborhood, product type, and what affects total cost.",4 bedroom resort orlando,recommended,90,4,transactional
https://www.brightplace.ai/resources/4-bedroom-apartments-orlando,4 Bedroom Apartments Orlando | brightplace,"4 bedroom apartments orlando rent $2,200 to $3,800/month. pricing by neighborhood, product type, and what affects total cost.",orlando fl apartments,recommended,1000,51,navigational
https://www.brightplace.ai/resources/4-bedroom-apartments-orlando,4 Bedroom Apartments Orlando | brightplace,"4 bedroom apartments orlando rent $2,200 to $3,800/month. pricing by neighborhood, product type, and what affects total cost.",apartment for rent orlando,recommended,1000,52,commercial
https://www.brightplace.ai/resources/4-bedroom-apartments-orlando,4 Bedroom Apartments Orlando | brightplace,"4 bedroom apartments orlando rent $2,200 to $3,800/month. pricing by neighborhood, product type, and what affects total cost.",apartments to rent in orlando,recommended,140,47,commercial
https://www.brightplace.ai/resources/4-bedroom-apartments-orlando,4 Bedroom Apartments Orlando | brightplace,"4 bedroom apartments orlando rent $2,200 to $3,800/month. pricing by neighborhood, product type, and what affects total cost.",apartments for rent near orlando fl,recommended,170,53,commercial
https://www.brightplace.ai/resources/4-bedroom-apartments-orlando,4 Bedroom Apartments Orlando | brightplace,"4 bedroom apartments orlando rent $2,200 to $3,800/month. pricing by neighborhood, product type, and what affects total cost.",4 bedroom house for rent orlando,recommended,90,15,informational
https://www.brightplace.ai/resources/4-bedroom-apartments-orlando,4 Bedroom Apartments Orlando | brightplace,"4 bedroom apartments orlando rent $2,200 to $3,800/month. pricing by neighborhood, product type, and what affects total cost.",orlando florida apartment for rent,recommended,480,47,informational
https://www.brightplace.ai/resources/4-bedroom-apartments-orlando,4 Bedroom Apartments Orlando | brightplace,"4 bedroom apartments orlando rent $2,200 to $3,800/month. pricing by neighborhood, product type, and what affects total cost.",4 bedroom house in orlando florida,recommended,70,15,commercial
https://www.brightplace.ai/resources/4-bedroom-apartments-orlando,4 Bedroom Apartments Orlando | brightplace,"4 bedroom apartments orlando rent $2,200 to $3,800/month. pricing by neighborhood, product type, and what affects total cost.",4 bedroom homes for rent orlando,recommended,50,13,commercial
https://www.brightplace.ai/resources/4-bedroom-apartments-orlando,4 Bedroom Apartments Orlando | brightplace,"4 bedroom apartments orlando rent $2,200 to $3,800/month. pricing by neighborhood, product type, and what affects total cost.",orlando rent apartment,recommended,260,47,commercial
https://www.brightplace.ai/resources/4-bedroom-apartments-orlando,4 Bedroom Apartments Orlando | brightplace,"4 bedroom apartments orlando rent $2,200 to $3,800/month. pricing by neighborhood, product type, and what affects total cost.",3 bedroom apartment orlando fl,recommended,40,22,commercial
https://www.brightplace.ai/resources/4-bedroom-apartments-orlando,4 Bedroom Apartments Orlando | brightplace,"4 bedroom apartments orlando rent $2,200 to $3,800/month. pricing by neighborhood, product type, and what affects total cost.",orlando rental apartments,recommended,140,49,commercial
https://www.brightplace.ai/resources/4-bedroom-apartments-orlando,4 Bedroom Apartments Orlando | brightplace,"4 bedroom apartments orlando rent $2,200 to $3,800/month. pricing by neighborhood, product type, and what affects total cost.",3 bedroom apartments for rent in orlando,recommended,40,33,commercial
https://www.brightplace.ai/resources/4-bedroom-apartments-orlando,4 Bedroom Apartments Orlando | brightplace,"4 bedroom apartments orlando rent $2,200 to $3,800/month. pricing by neighborhood, product type, and what affects total cost.",orlando apartments rent,recommended,70,52,commercial
https://www.brightplace.ai/resources/4-bedroom-apartments-orlando,4 Bedroom Apartments Orlando | brightplace,"4 bedroom apartments orlando rent $2,200 to $3,800/month. pricing by neighborhood, product type, and what affects total cost.",apartment orlando florida,recommended,110,50,commercial
https://www.brightplace.ai/resources/4-bedroom-apartments-orlando,4 Bedroom Apartments Orlando | brightplace,"4 bedroom apartments orlando rent $2,200 to $3,800/month. pricing by neighborhood, product type, and what affects total cost.",apartment rentals orlando,recommended,50,45,commercial
https://www.brightplace.ai/resources/4-bedroom-apartments-orlando,4 Bedroom Apartments Orlando | brightplace,"4 bedroom apartments orlando rent $2,200 to $3,800/month. pricing by neighborhood, product type, and what affects total cost.",apartments for rent orlando 4 bedroom,recommended,0,0,
https://www.brightplace.ai/resources/4-bedroom-apartments-orlando,4 Bedroom Apartments Orlando | brightplace,"4 bedroom apartments orlando rent $2,200 to $3,800/month. pricing by neighborhood, product type, and what affects total cost.",orlando 4 bedroom rentals,recommended,0,0,
https://www.brightplace.ai/guides/tampa-renters-orientation,Renting in Tampa: Neighborhood Guide (2026) | brightplace,"tampa neighborhoods for renters, beyond the tourist zones. rent ranges, commute times, walkability, and which areas match how you actually live.",where to live in tampa fl,recommended,110,11,informational
https://www.brightplace.ai/guides/tampa-renters-orientation,Renting in Tampa: Neighborhood Guide (2026) | brightplace,"tampa neighborhoods for renters, beyond the tourist zones. rent ranges, commute times, walkability, and which areas match how you actually live.",south tampa rentals,recommended,170,13,"informational, transactional"
https://www.brightplace.ai/guides/tampa-renters-orientation,Renting in Tampa: Neighborhood Guide (2026) | brightplace,"tampa neighborhoods for renters, beyond the tourist zones. rent ranges, commute times, walkability, and which areas match how you actually live.",apts in south tampa,recommended,260,24,commercial
https://www.brightplace.ai/guides/tampa-renters-orientation,Renting in Tampa: Neighborhood Guide (2026) | brightplace,"tampa neighborhoods for renters, beyond the tourist zones. rent ranges, commute times, walkability, and which areas match how you actually live.",houses for rent in south tampa,recommended,110,13,"informational, transactional"
https://www.brightplace.ai/guides/tampa-renters-orientation,Renting in Tampa: Neighborhood Guide (2026) | brightplace,"tampa neighborhoods for renters, beyond the tourist zones. rent ranges, commute times, walkability, and which areas match how you actually live.",houses for rent in tampa palms fl,recommended,90,13,"informational, transactional"
https://www.brightplace.ai/guides/tampa-renters-orientation,Renting in Tampa: Neighborhood Guide (2026) | brightplace,"tampa neighborhoods for renters, beyond the tourist zones. rent ranges, commute times, walkability, and which areas match how you actually live.",houses rent tampa florida,recommended,5400,38,commercial
https://www.brightplace.ai/guides/tampa-renters-orientation,Renting in Tampa: Neighborhood Guide (2026) | brightplace,"tampa neighborhoods for renters, beyond the tourist zones. rent ranges, commute times, walkability, and which areas match how you actually live.",house for rent south tampa,recommended,40,13,informational
https://www.brightplace.ai/guides/tampa-renters-orientation,Renting in Tampa: Neighborhood Guide (2026) | brightplace,"tampa neighborhoods for renters, beyond the tourist zones. rent ranges, commute times, walkability, and which areas match how you actually live.",best areas in tampa to live,recommended,320,6,commercial
https://www.brightplace.ai/guides/tampa-renters-orientation,Renting in Tampa: Neighborhood Guide (2026) | brightplace,"tampa neighborhoods for renters, beyond the tourist zones. rent ranges, commute times, walkability, and which areas match how you actually live.",nice places to live in tampa,recommended,720,21,informational
https://www.brightplace.ai/guides/tampa-renters-orientation,Renting in Tampa: Neighborhood Guide (2026) | brightplace,"tampa neighborhoods for renters, beyond the tourist zones. rent ranges, commute times, walkability, and which areas match how you actually live.",apartments near south tampa,recommended,40,23,commercial
https://www.brightplace.ai/guides/tampa-renters-orientation,Renting in Tampa: Neighborhood Guide (2026) | brightplace,"tampa neighborhoods for renters, beyond the tourist zones. rent ranges, commute times, walkability, and which areas match how you actually live.",best places to live tampa,recommended,260,12,commercial
https://www.brightplace.ai/guides/tampa-renters-orientation,Renting in Tampa: Neighborhood Guide (2026) | brightplace,"tampa neighborhoods for renters, beyond the tourist zones. rent ranges, commute times, walkability, and which areas match how you actually live.",best tampa neighborhoods,recommended,480,20,commercial
https://www.brightplace.ai/guides/tampa-renters-orientation,Renting in Tampa: Neighborhood Guide (2026) | brightplace,"tampa neighborhoods for renters, beyond the tourist zones. rent ranges, commute times, walkability, and which areas match how you actually live.",house rentals in tampa bay,recommended,90,45,informational
https://www.brightplace.ai/guides/tampa-renters-orientation,Renting in Tampa: Neighborhood Guide (2026) | brightplace,"tampa neighborhoods for renters, beyond the tourist zones. rent ranges, commute times, walkability, and which areas match how you actually live.",houses for rent in tampa fl,recommended,1600,41,informational
https://www.brightplace.ai/guides/tampa-renters-orientation,Renting in Tampa: Neighborhood Guide (2026) | brightplace,"tampa neighborhoods for renters, beyond the tourist zones. rent ranges, commute times, walkability, and which areas match how you actually live.",homes for rent tampa,recommended,1000,38,commercial
https://www.brightplace.ai/guides/tampa-renters-orientation,Renting in Tampa: Neighborhood Guide (2026) | brightplace,"tampa neighborhoods for renters, beyond the tourist zones. rent ranges, commute times, walkability, and which areas match how you actually live.",apartments for rent tampa,recommended,2900,52,commercial
https://www.brightplace.ai/guides/tampa-renters-orientation,Renting in Tampa: Neighborhood Guide (2026) | brightplace,"tampa neighborhoods for renters, beyond the tourist zones. rent ranges, commute times, walkability, and which areas match how you actually live.",rental homes in tampa,recommended,480,30,informational
https://www.brightplace.ai/guides/tampa-renters-orientation,Renting in Tampa: Neighborhood Guide (2026) | brightplace,"tampa neighborhoods for renters, beyond the tourist zones. rent ranges, commute times, walkability, and which areas match how you actually live.",apartments in tampa florida,recommended,1900,45,navigational
https://www.brightplace.ai/guides/tampa-renters-orientation,Renting in Tampa: Neighborhood Guide (2026) | brightplace,"tampa neighborhoods for renters, beyond the tourist zones. rent ranges, commute times, walkability, and which areas match how you actually live.",homes for rent in new tampa,recommended,30,27,informational
https://www.brightplace.ai/guides/tampa-renters-orientation,Renting in Tampa: Neighborhood Guide (2026) | brightplace,"tampa neighborhoods for renters, beyond the tourist zones. rent ranges, commute times, walkability, and which areas match how you actually live.",home for rent in tampa,recommended,880,41,informational
https://www.brightplace.ai/guides/tampa-renters-orientation,Renting in Tampa: Neighborhood Guide (2026) | brightplace,"tampa neighborhoods for renters, beyond the tourist zones. rent ranges, commute times, walkability, and which areas match how you actually live.",apartamentos en renta tampa,recommended,590,36,commercial
https://www.brightplace.ai/guides/tampa-renters-orientation,Renting in Tampa: Neighborhood Guide (2026) | brightplace,"tampa neighborhoods for renters, beyond the tourist zones. rent ranges, commute times, walkability, and which areas match how you actually live.",house for rent tampa,recommended,720,40,informational
https://www.brightplace.ai/guides/tampa-renters-orientation,Renting in Tampa: Neighborhood Guide (2026) | brightplace,"tampa neighborhoods for renters, beyond the tourist zones. rent ranges, commute times, walkability, and which areas match how you actually live.",tampa florida neighborhoods,recommended,390,32,informational
https://www.brightplace.ai/guides/tampa-renters-orientation,Renting in Tampa: Neighborhood Guide (2026) | brightplace,"tampa neighborhoods for renters, beyond the tourist zones. rent ranges, commute times, walkability, and which areas match how you actually live.",apartments near downtown tampa,recommended,320,32,commercial
https://www.brightplace.ai/guides/tampa-renters-orientation,Renting in Tampa: Neighborhood Guide (2026) | brightplace,"tampa neighborhoods for renters, beyond the tourist zones. rent ranges, commute times, walkability, and which areas match how you actually live.",for rent tampa fl,recommended,720,46,commercial
https://www.brightplace.ai/guides/tampa-renters-orientation,Renting in Tampa: Neighborhood Guide (2026) | brightplace,"tampa neighborhoods for renters, beyond the tourist zones. rent ranges, commute times, walkability, and which areas match how you actually live.",rentas en tampa,recommended,210,29,informational
https://www.brightplace.ai/guides/tampa-renters-orientation,Renting in Tampa: Neighborhood Guide (2026) | brightplace,"tampa neighborhoods for renters, beyond the tourist zones. rent ranges, commute times, walkability, and which areas match how you actually live.",apartments for rent in south tampa,recommended,110,22,navigational
https://www.brightplace.ai/guides/tampa-renters-orientation,Renting in Tampa: Neighborhood Guide (2026) | brightplace,"tampa neighborhoods for renters, beyond the tourist zones. rent ranges, commute times, walkability, and which areas match how you actually live.",tampa areas to live,recommended,70,16,informational
https://www.brightplace.ai/guides/tampa-renters-orientation,Renting in Tampa: Neighborhood Guide (2026) | brightplace,"tampa neighborhoods for renters, beyond the tourist zones. rent ranges, commute times, walkability, and which areas match how you actually live.",south tampa apts for rent,recommended,210,30,commercial
https://www.brightplace.ai/guides/tampa-renters-orientation,Renting in Tampa: Neighborhood Guide (2026) | brightplace,"tampa neighborhoods for renters, beyond the tourist zones. rent ranges, commute times, walkability, and which areas match how you actually live.",downtown tampa apartments for rent,recommended,170,29,informational
https://www.brightplace.ai/guides/dc-empty-nesters,Best DC Suburbs for Downsizing in 2026 | brightplace,"where empty nesters are renting in the dc metro. walkable suburbs with rent from $2,000 to $3,600+/mo, transit access, and low-maintenance apartment living.",suburbs of dc,recommended,320,18,informational
https://www.brightplace.ai/guides/dc-empty-nesters,Best DC Suburbs for Downsizing in 2026 | brightplace,"where empty nesters are renting in the dc metro. walkable suburbs with rent from $2,000 to $3,600+/mo, transit access, and low-maintenance apartment living.",affordable suburbs of dc,recommended,70,8,informational
https://www.brightplace.ai/guides/dc-empty-nesters,Best DC Suburbs for Downsizing in 2026 | brightplace,"where empty nesters are renting in the dc metro. walkable suburbs with rent from $2,000 to $3,600+/mo, transit access, and low-maintenance apartment living.",dc suburbs for downsizing,recommended,0,0,
https://www.brightplace.ai/guides/dc-empty-nesters,Best DC Suburbs for Downsizing in 2026 | brightplace,"where empty nesters are renting in the dc metro. walkable suburbs with rent from $2,000 to $3,600+/mo, transit access, and low-maintenance apartment living.",renting in dc suburbs,recommended,0,0,
https://www.brightplace.ai/guides/dc-empty-nesters,Best DC Suburbs for Downsizing in 2026 | brightplace,"where empty nesters are renting in the dc metro. walkable suburbs with rent from $2,000 to $3,600+/mo, transit access, and low-maintenance apartment living.",dc metro area apartments downsizing,recommended,0,0,
https://www.brightplace.ai/resources/prorated-rent,"What Is Prorated Rent? Meaning, Formula & How to Calculate It | brightplace","what is prorated rent? learn the prorated rent meaning, the exact formula to calculate it, a worked example, and what to ask your landlord before signing a lease.",what is prorated rent,recommended,3600,22,informational
https://www.brightplace.ai/resources/prorated-rent,"What Is Prorated Rent? Meaning, Formula & How to Calculate It | brightplace","what is prorated rent? learn the prorated rent meaning, the exact formula to calculate it, a worked example, and what to ask your landlord before signing a lease.",how to calculate prorated rent,recommended,1300,29,informational
https://www.brightplace.ai/resources/prorated-rent,"What Is Prorated Rent? Meaning, Formula & How to Calculate It | brightplace","what is prorated rent? learn the prorated rent meaning, the exact formula to calculate it, a worked example, and what to ask your landlord before signing a lease.",what does prorate rent mean,recommended,140,6,informational
https://www.brightplace.ai/resources/prorated-rent,"What Is Prorated Rent? Meaning, Formula & How to Calculate It | brightplace","what is prorated rent? learn the prorated rent meaning, the exact formula to calculate it, a worked example, and what to ask your landlord before signing a lease.",what is pro rated rent,recommended,320,15,informational
https://www.brightplace.ai/resources/prorated-rent,"What Is Prorated Rent? Meaning, Formula & How to Calculate It | brightplace","what is prorated rent? learn the prorated rent meaning, the exact formula to calculate it, a worked example, and what to ask your landlord before signing a lease.",how do you prorate rent,recommended,880,31,informational
https://www.brightplace.ai/resources/prorated-rent,"What Is Prorated Rent? Meaning, Formula & How to Calculate It | brightplace","what is prorated rent? learn the prorated rent meaning, the exact formula to calculate it, a worked example, and what to ask your landlord before signing a lease.",how to calculate pro rata rent,recommended,590,28,informational
https://www.brightplace.ai/resources/prorated-rent,"What Is Prorated Rent? Meaning, Formula & How to Calculate It | brightplace","what is prorated rent? learn the prorated rent meaning, the exact formula to calculate it, a worked example, and what to ask your landlord before signing a lease.",what is prorated rent for first month,recommended,170,20,informational
https://www.brightplace.ai/resources/prorated-rent,"What Is Prorated Rent? Meaning, Formula & How to Calculate It | brightplace","what is prorated rent? learn the prorated rent meaning, the exact formula to calculate it, a worked example, and what to ask your landlord before signing a lease.",what does pro rated rent mean,recommended,90,17,informational
https://www.brightplace.ai/resources/prorated-rent,"What Is Prorated Rent? Meaning, Formula & How to Calculate It | brightplace","what is prorated rent? learn the prorated rent meaning, the exact formula to calculate it, a worked example, and what to ask your landlord before signing a lease.",how much is prorated rent,recommended,70,19,informational
https://www.brightplace.ai/resources/prorated-rent,"What Is Prorated Rent? Meaning, Formula & How to Calculate It | brightplace","what is prorated rent? learn the prorated rent meaning, the exact formula to calculate it, a worked example, and what to ask your landlord before signing a lease.",how to prorate monthly rent,recommended,110,21,informational
https://www.brightplace.ai/resources/prorated-rent,"What Is Prorated Rent? Meaning, Formula & How to Calculate It | brightplace","what is prorated rent? learn the prorated rent meaning, the exact formula to calculate it, a worked example, and what to ask your landlord before signing a lease.",what is prorating rent,recommended,50,12,informational
https://www.brightplace.ai/resources/prorated-rent,"What Is Prorated Rent? Meaning, Formula & How to Calculate It | brightplace","what is prorated rent? learn the prorated rent meaning, the exact formula to calculate it, a worked example, and what to ask your landlord before signing a lease.",what is the prorated rent,recommended,40,20,informational
https://www.brightplace.ai/resources/prorated-rent,"What Is Prorated Rent? Meaning, Formula & How to Calculate It | brightplace","what is prorated rent? learn the prorated rent meaning, the exact formula to calculate it, a worked example, and what to ask your landlord before signing a lease.",prorated rent meaning,recommended,4400,18,informational
https://www.brightplace.ai/resources/prorated-rent,"What Is Prorated Rent? Meaning, Formula & How to Calculate It | brightplace","what is prorated rent? learn the prorated rent meaning, the exact formula to calculate it, a worked example, and what to ask your landlord before signing a lease.",prorated rent,recommended,12100,40,informational
https://www.brightplace.ai/resources/prorated-rent,"What Is Prorated Rent? Meaning, Formula & How to Calculate It | brightplace","what is prorated rent? learn the prorated rent meaning, the exact formula to calculate it, a worked example, and what to ask your landlord before signing a lease.",calculate prorated rent,recommended,720,29,informational
https://www.brightplace.ai/resources/prorated-rent,"What Is Prorated Rent? Meaning, Formula & How to Calculate It | brightplace","what is prorated rent? learn the prorated rent meaning, the exact formula to calculate it, a worked example, and what to ask your landlord before signing a lease.",definition of prorated rent,recommended,140,12,informational
https://www.brightplace.ai/resources/prorated-rent,"What Is Prorated Rent? Meaning, Formula & How to Calculate It | brightplace","what is prorated rent? learn the prorated rent meaning, the exact formula to calculate it, a worked example, and what to ask your landlord before signing a lease.",prorated rent calculation,recommended,480,28,informational
https://www.brightplace.ai/resources/prorated-rent,"What Is Prorated Rent? Meaning, Formula & How to Calculate It | brightplace","what is prorated rent? learn the prorated rent meaning, the exact formula to calculate it, a worked example, and what to ask your landlord before signing a lease.",prorated calculator rent,recommended,260,29,informational
https://www.brightplace.ai/resources/prorated-rent,"What Is Prorated Rent? Meaning, Formula & How to Calculate It | brightplace","what is prorated rent? learn the prorated rent meaning, the exact formula to calculate it, a worked example, and what to ask your landlord before signing a lease.",prorated meaning in rent,recommended,70,17,informational
https://www.brightplace.ai/resources/prorated-rent,"What Is Prorated Rent? Meaning, Formula & How to Calculate It | brightplace","what is prorated rent? learn the prorated rent meaning, the exact formula to calculate it, a worked example, and what to ask your landlord before signing a lease.",prorated rent lease agreement,recommended,70,15,informational
https://www.brightplace.ai/resources/prorated-rent,"What Is Prorated Rent? Meaning, Formula & How to Calculate It | brightplace","what is prorated rent? learn the prorated rent meaning, the exact formula to calculate it, a worked example, and what to ask your landlord before signing a lease.",prorated definition rent,recommended,50,16,informational
https://www.brightplace.ai/resources/prorated-rent,"What Is Prorated Rent? Meaning, Formula & How to Calculate It | brightplace","what is prorated rent? learn the prorated rent meaning, the exact formula to calculate it, a worked example, and what to ask your landlord before signing a lease.",calculating prorated rent,recommended,110,26,informational
https://www.brightplace.ai/resources/prorated-rent,"What Is Prorated Rent? Meaning, Formula & How to Calculate It | brightplace","what is prorated rent? learn the prorated rent meaning, the exact formula to calculate it, a worked example, and what to ask your landlord before signing a lease.",rent prorate,recommended,90,22,informational
https://www.brightplace.ai/resources/prorated-rent,"What Is Prorated Rent? Meaning, Formula & How to Calculate It | brightplace","what is prorated rent? learn the prorated rent meaning, the exact formula to calculate it, a worked example, and what to ask your landlord before signing a lease.",prorated monthly rent,recommended,40,18,informational
https://www.brightplace.ai/resources/prorated-rent,"What Is Prorated Rent? Meaning, Formula & How to Calculate It | brightplace","what is prorated rent? learn the prorated rent meaning, the exact formula to calculate it, a worked example, and what to ask your landlord before signing a lease.",prorated lease,recommended,50,18,informational
https://www.brightplace.ai/resources/prorated-rent,"What Is Prorated Rent? Meaning, Formula & How to Calculate It | brightplace","what is prorated rent? learn the prorated rent meaning, the exact formula to calculate it, a worked example, and what to ask your landlord before signing a lease.",pro rata rental,recommended,50,19,"informational, transactional"
https://www.brightplace.ai/resources/prorated-rent,"What Is Prorated Rent? Meaning, Formula & How to Calculate It | brightplace","what is prorated rent? learn the prorated rent meaning, the exact formula to calculate it, a worked example, and what to ask your landlord before signing a lease.",prorated meaning apartment,recommended,40,18,informational
https://www.brightplace.ai/resources/prorated-rent,"What Is Prorated Rent? Meaning, Formula & How to Calculate It | brightplace","what is prorated rent? learn the prorated rent meaning, the exact formula to calculate it, a worked example, and what to ask your landlord before signing a lease.",prorated amount of rent,recommended,50,28,informational
https://www.brightplace.ai/resources/prorated-rent,"What Is Prorated Rent? Meaning, Formula & How to Calculate It | brightplace","what is prorated rent? learn the prorated rent meaning, the exact formula to calculate it, a worked example, and what to ask your landlord before signing a lease.",figure out prorated rent,recommended,40,27,informational
https://www.brightplace.ai/resources/prorated-rent,"What Is Prorated Rent? Meaning, Formula & How to Calculate It | brightplace","what is prorated rent? learn the prorated rent meaning, the exact formula to calculate it, a worked example, and what to ask your landlord before signing a lease.",prorate the rent,recommended,50,29,informational
https://www.brightplace.ai/resources/bronx-apartments-for-rent-under-1300,"How to Find Bronx Apartments for Rent Under $1,300: A Student's Guide","rachel lambert came to brightplace as a student looking for bronx apartments under $1,300. katie walks through which neighborhoods, what the price point buys, and how to avoid the listings that waste your time.",affordable houses in the bronx,recommended,1300,16,commercial
https://www.brightplace.ai/resources/bronx-apartments-for-rent-under-1300,"How to Find Bronx Apartments for Rent Under $1,300: A Student's Guide","rachel lambert came to brightplace as a student looking for bronx apartments under $1,300. katie walks through which neighborhoods, what the price point buys, and how to avoid the listings that waste your time.",apartments in the bronx,recommended,1300,46,commercial
https://www.brightplace.ai/resources/bronx-apartments-for-rent-under-1300,"How to Find Bronx Apartments for Rent Under $1,300: A Student's Guide","rachel lambert came to brightplace as a student looking for bronx apartments under $1,300. katie walks through which neighborhoods, what the price point buys, and how to avoid the listings that waste your time.",apartment for rent bronx ny,recommended,1000,41,commercial
https://www.brightplace.ai/resources/bronx-apartments-for-rent-under-1300,"How to Find Bronx Apartments for Rent Under $1,300: A Student's Guide","rachel lambert came to brightplace as a student looking for bronx apartments under $1,300. katie walks through which neighborhoods, what the price point buys, and how to avoid the listings that waste your time.",apts in bronx ny,recommended,1300,47,commercial
https://www.brightplace.ai/resources/bronx-apartments-for-rent-under-1300,"How to Find Bronx Apartments for Rent Under $1,300: A Student's Guide","rachel lambert came to brightplace as a student looking for bronx apartments under $1,300. katie walks through which neighborhoods, what the price point buys, and how to avoid the listings that waste your time.",apartments for rent in the bronx,recommended,1000,44,informational
https://www.brightplace.ai/resources/bronx-apartments-for-rent-under-1300,"How to Find Bronx Apartments for Rent Under $1,300: A Student's Guide","rachel lambert came to brightplace as a student looking for bronx apartments under $1,300. katie walks through which neighborhoods, what the price point buys, and how to avoid the listings that waste your time.",cheap rent in the bronx,recommended,260,35,commercial
https://www.brightplace.ai/resources/bronx-apartments-for-rent-under-1300,"How to Find Bronx Apartments for Rent Under $1,300: A Student's Guide","rachel lambert came to brightplace as a student looking for bronx apartments under $1,300. katie walks through which neighborhoods, what the price point buys, and how to avoid the listings that waste your time.",the bronx apartments,recommended,590,50,commercial
https://www.brightplace.ai/resources/bronx-apartments-for-rent-under-1300,"How to Find Bronx Apartments for Rent Under $1,300: A Student's Guide","rachel lambert came to brightplace as a student looking for bronx apartments under $1,300. katie walks through which neighborhoods, what the price point buys, and how to avoid the listings that waste your time.",bronx ny apartments,recommended,480,50,commercial
https://www.brightplace.ai/resources/bronx-apartments-for-rent-under-1300,"How to Find Bronx Apartments for Rent Under $1,300: A Student's Guide","rachel lambert came to brightplace as a student looking for bronx apartments under $1,300. katie walks through which neighborhoods, what the price point buys, and how to avoid the listings that waste your time.",rent in bronx ny,recommended,320,40,informational
https://www.brightplace.ai/resources/bronx-apartments-for-rent-under-1300,"How to Find Bronx Apartments for Rent Under $1,300: A Student's Guide","rachel lambert came to brightplace as a student looking for bronx apartments under $1,300. katie walks through which neighborhoods, what the price point buys, and how to avoid the listings that waste your time.",apts for rent bronx,recommended,480,51,commercial
https://www.brightplace.ai/resources/bronx-apartments-for-rent-under-1300,"How to Find Bronx Apartments for Rent Under $1,300: A Student's Guide","rachel lambert came to brightplace as a student looking for bronx apartments under $1,300. katie walks through which neighborhoods, what the price point buys, and how to avoid the listings that waste your time.",bronx rent,recommended,320,42,informational
https://www.brightplace.ai/resources/bronx-apartments-for-rent-under-1300,"How to Find Bronx Apartments for Rent Under $1,300: A Student's Guide","rachel lambert came to brightplace as a student looking for bronx apartments under $1,300. katie walks through which neighborhoods, what the price point buys, and how to avoid the listings that waste your time.",apartment in the bronx,recommended,390,50,commercial
https://www.brightplace.ai/resources/bronx-apartments-for-rent-under-1300,"How to Find Bronx Apartments for Rent Under $1,300: A Student's Guide","rachel lambert came to brightplace as a student looking for bronx apartments under $1,300. katie walks through which neighborhoods, what the price point buys, and how to avoid the listings that waste your time.",rent in the bronx,recommended,260,42,informational
https://www.brightplace.ai/resources/bronx-apartments-for-rent-under-1300,"How to Find Bronx Apartments for Rent Under $1,300: A Student's Guide","rachel lambert came to brightplace as a student looking for bronx apartments under $1,300. katie walks through which neighborhoods, what the price point buys, and how to avoid the listings that waste your time.",low income apartments bronx ny,recommended,320,47,commercial
https://www.brightplace.ai/resources/bronx-apartments-for-rent-under-1300,"How to Find Bronx Apartments for Rent Under $1,300: A Student's Guide","rachel lambert came to brightplace as a student looking for bronx apartments under $1,300. katie walks through which neighborhoods, what the price point buys, and how to avoid the listings that waste your time.",rental apartments bronx ny,recommended,320,51,informational
https://www.brightplace.ai/resources/bronx-apartments-for-rent-under-1300,"How to Find Bronx Apartments for Rent Under $1,300: A Student's Guide","rachel lambert came to brightplace as a student looking for bronx apartments under $1,300. katie walks through which neighborhoods, what the price point buys, and how to avoid the listings that waste your time.",affordable apartments bronx,recommended,110,31,commercial
https://www.brightplace.ai/resources/bronx-apartments-for-rent-under-1300,"How to Find Bronx Apartments for Rent Under $1,300: A Student's Guide","rachel lambert came to brightplace as a student looking for bronx apartments under $1,300. katie walks through which neighborhoods, what the price point buys, and how to avoid the listings that waste your time.",affordable bronx apartments for rent,recommended,140,37,commercial
https://www.brightplace.ai/resources/bronx-apartments-for-rent-under-1300,"How to Find Bronx Apartments for Rent Under $1,300: A Student's Guide","rachel lambert came to brightplace as a student looking for bronx apartments under $1,300. katie walks through which neighborhoods, what the price point buys, and how to avoid the listings that waste your time.",cheap apartments bronx,recommended,110,35,informational
https://www.brightplace.ai/resources/bronx-apartments-for-rent-under-1300,"How to Find Bronx Apartments for Rent Under $1,300: A Student's Guide","rachel lambert came to brightplace as a student looking for bronx apartments under $1,300. katie walks through which neighborhoods, what the price point buys, and how to avoid the listings that waste your time.",affordable condos bronx ny,recommended,70,23,informational
https://www.brightplace.ai/resources/bronx-apartments-for-rent-under-1300,"How to Find Bronx Apartments for Rent Under $1,300: A Student's Guide","rachel lambert came to brightplace as a student looking for bronx apartments under $1,300. katie walks through which neighborhoods, what the price point buys, and how to avoid the listings that waste your time.",apartment bronx,recommended,210,47,commercial
https://www.brightplace.ai/resources/bronx-apartments-for-rent-under-1300,"How to Find Bronx Apartments for Rent Under $1,300: A Student's Guide","rachel lambert came to brightplace as a student looking for bronx apartments under $1,300. katie walks through which neighborhoods, what the price point buys, and how to avoid the listings that waste your time.",cheap studio apartments in the bronx,recommended,50,20,commercial
https://www.brightplace.ai/resources/bronx-apartments-for-rent-under-1300,"How to Find Bronx Apartments for Rent Under $1,300: A Student's Guide","rachel lambert came to brightplace as a student looking for bronx apartments under $1,300. katie walks through which neighborhoods, what the price point buys, and how to avoid the listings that waste your time.",cheap one bedroom apartments in the bronx,recommended,70,28,commercial
https://www.brightplace.ai/resources/bronx-apartments-for-rent-under-1300,"How to Find Bronx Apartments for Rent Under $1,300: A Student's Guide","rachel lambert came to brightplace as a student looking for bronx apartments under $1,300. katie walks through which neighborhoods, what the price point buys, and how to avoid the listings that waste your time.",apartamentos para rentar en el bronx,recommended,90,33,"informational, transactional"
https://www.brightplace.ai/resources/bronx-apartments-for-rent-under-1300,"How to Find Bronx Apartments for Rent Under $1,300: A Student's Guide","rachel lambert came to brightplace as a student looking for bronx apartments under $1,300. katie walks through which neighborhoods, what the price point buys, and how to avoid the listings that waste your time.",apartamentos en alquiler bronx,recommended,110,38,informational
https://www.brightplace.ai/resources/bronx-apartments-for-rent-under-1300,"How to Find Bronx Apartments for Rent Under $1,300: A Student's Guide","rachel lambert came to brightplace as a student looking for bronx apartments under $1,300. katie walks through which neighborhoods, what the price point buys, and how to avoid the listings that waste your time.",bronx apt for rent,recommended,110,42,informational
https://www.brightplace.ai/resources/bronx-apartments-for-rent-under-1300,"How to Find Bronx Apartments for Rent Under $1,300: A Student's Guide","rachel lambert came to brightplace as a student looking for bronx apartments under $1,300. katie walks through which neighborhoods, what the price point buys, and how to avoid the listings that waste your time.",apartment complexes bronx ny,recommended,140,48,commercial
https://www.brightplace.ai/resources/bronx-apartments-for-rent-under-1300,"How to Find Bronx Apartments for Rent Under $1,300: A Student's Guide","rachel lambert came to brightplace as a student looking for bronx apartments under $1,300. katie walks through which neighborhoods, what the price point buys, and how to avoid the listings that waste your time.",bronx apartment rentals,recommended,110,47,commercial
https://www.brightplace.ai/resources/bronx-apartments-for-rent-under-1300,"How to Find Bronx Apartments for Rent Under $1,300: A Student's Guide","rachel lambert came to brightplace as a student looking for bronx apartments under $1,300. katie walks through which neighborhoods, what the price point buys, and how to avoid the listings that waste your time.",cheap bronx apartments for rent,recommended,50,33,transactional
https://www.brightplace.ai/resources/bronx-apartments-for-rent-under-1300,"How to Find Bronx Apartments for Rent Under $1,300: A Student's Guide","rachel lambert came to brightplace as a student looking for bronx apartments under $1,300. katie walks through which neighborhoods, what the price point buys, and how to avoid the listings that waste your time.",low income apartments rent bronx,recommended,90,43,commercial
https://www.brightplace.ai/resources/bronx-apartments-for-rent-under-1300,"How to Find Bronx Apartments for Rent Under $1,300: A Student's Guide","rachel lambert came to brightplace as a student looking for bronx apartments under $1,300. katie walks through which neighborhoods, what the price point buys, and how to avoid the listings that waste your time.",rent apartments in bronx,recommended,90,46,commercial
https://www.brightplace.ai/resources,Rental Guides and Apartment Resources | brightplace,"practical guides for renters: neighborhood breakdowns, property profiles, pricing data, and decision frameworks for finding the right apartment.",apartment rental guide,recommended,210,43,navigational
https://www.brightplace.ai/resources,Rental Guides and Apartment Resources | brightplace,"practical guides for renters: neighborhood breakdowns, property profiles, pricing data, and decision frameworks for finding the right apartment.",renters guide,recommended,110,24,informational
https://www.brightplace.ai/resources,Rental Guides and Apartment Resources | brightplace,"practical guides for renters: neighborhood breakdowns, property profiles, pricing data, and decision frameworks for finding the right apartment.",apartment rent guide,recommended,140,50,informational
https://www.brightplace.ai/resources,Rental Guides and Apartment Resources | brightplace,"practical guides for renters: neighborhood breakdowns, property profiles, pricing data, and decision frameworks for finding the right apartment.",apartments guide,recommended,1300,52,commercial
https://www.brightplace.ai/resources,Rental Guides and Apartment Resources | brightplace,"practical guides for renters: neighborhood breakdowns, property profiles, pricing data, and decision frameworks for finding the right apartment.",apartment resources,recommended,50,65,commercial
https://www.brightplace.ai/resources,Rental Guides and Apartment Resources | brightplace,"practical guides for renters: neighborhood breakdowns, property profiles, pricing data, and decision frameworks for finding the right apartment.",resources for renters,recommended,40,60,"informational, commercial"
https://www.brightplace.ai/resources,Rental Guides and Apartment Resources | brightplace,"practical guides for renters: neighborhood breakdowns, property profiles, pricing data, and decision frameworks for finding the right apartment.",how to find apartment rentals,recommended,110,62,informational
https://www.brightplace.ai/resources,Rental Guides and Apartment Resources | brightplace,"practical guides for renters: neighborhood breakdowns, property profiles, pricing data, and decision frameworks for finding the right apartment.",housing guides,recommended,0,0,
https://www.brightplace.ai/guides/your-true-monthly-cost,True Monthly Cost of Renting: Full Breakdown | brightplace,"your rent is just the starting line. fees, utilities, insurance, pet costs, and parking add 13-32% on top. here's how to calculate what you'll actually pay.",calculating rent,recommended,140,34,informational
https://www.brightplace.ai/guides/your-true-monthly-cost,True Monthly Cost of Renting: Full Breakdown | brightplace,"your rent is just the starting line. fees, utilities, insurance, pet costs, and parking add 13-32% on top. here's how to calculate what you'll actually pay.",renting expenses,recommended,90,40,informational
https://www.brightplace.ai/guides/your-true-monthly-cost,True Monthly Cost of Renting: Full Breakdown | brightplace,"your rent is just the starting line. fees, utilities, insurance, pet costs, and parking add 13-32% on top. here's how to calculate what you'll actually pay.",rent calculation,recommended,140,57,"informational, transactional"
https://www.brightplace.ai/guides/your-true-monthly-cost,True Monthly Cost of Renting: Full Breakdown | brightplace,"your rent is just the starting line. fees, utilities, insurance, pet costs, and parking add 13-32% on top. here's how to calculate what you'll actually pay.",price of rent,recommended,170,70,transactional
https://www.brightplace.ai/guides/your-true-monthly-cost,True Monthly Cost of Renting: Full Breakdown | brightplace,"your rent is just the starting line. fees, utilities, insurance, pet costs, and parking add 13-32% on top. here's how to calculate what you'll actually pay.",cost for rent,recommended,40,69,informational
https://www.brightplace.ai/guides/your-true-monthly-cost,True Monthly Cost of Renting: Full Breakdown | brightplace,"your rent is just the starting line. fees, utilities, insurance, pet costs, and parking add 13-32% on top. here's how to calculate what you'll actually pay.",renting price,recommended,40,73,navigational
https://www.brightplace.ai/guides/your-true-monthly-cost,True Monthly Cost of Renting: Full Breakdown | brightplace,"your rent is just the starting line. fees, utilities, insurance, pet costs, and parking add 13-32% on top. here's how to calculate what you'll actually pay.",true cost of renting,recommended,0,0,
https://www.brightplace.ai/guides/your-true-monthly-cost,True Monthly Cost of Renting: Full Breakdown | brightplace,"your rent is just the starting line. fees, utilities, insurance, pet costs, and parking add 13-32% on top. here's how to calculate what you'll actually pay.",additional costs of renting,recommended,0,0,
https://www.brightplace.ai/guides/your-true-monthly-cost,True Monthly Cost of Renting: Full Breakdown | brightplace,"your rent is just the starting line. fees, utilities, insurance, pet costs, and parking add 13-32% on top. here's how to calculate what you'll actually pay.",calculating total rent cost,recommended,0,0,
https://www.brightplace.ai/guides/your-true-monthly-cost,True Monthly Cost of Renting: Full Breakdown | brightplace,"your rent is just the starting line. fees, utilities, insurance, pet costs, and parking add 13-32% on top. here's how to calculate what you'll actually pay.",renting budget breakdown,recommended,0,0,
https://www.brightplace.ai/guides/your-true-monthly-cost,True Monthly Cost of Renting: Full Breakdown | brightplace,"your rent is just the starting line. fees, utilities, insurance, pet costs, and parking add 13-32% on top. here's how to calculate what you'll actually pay.",cost of renting an apartment,recommended,50,47,informational
https://www.brightplace.ai/guides/your-true-monthly-cost,True Monthly Cost of Renting: Full Breakdown | brightplace,"your rent is just the starting line. fees, utilities, insurance, pet costs, and parking add 13-32% on top. here's how to calculate what you'll actually pay.",rental cost,recommended,320,70,informational
https://www.brightplace.ai/guides/your-true-monthly-cost,True Monthly Cost of Renting: Full Breakdown | brightplace,"your rent is just the starting line. fees, utilities, insurance, pet costs, and parking add 13-32% on top. here's how to calculate what you'll actually pay.",rent costs,recommended,30,71,informational
https://www.brightplace.ai/guides/your-true-monthly-cost,True Monthly Cost of Renting: Full Breakdown | brightplace,"your rent is just the starting line. fees, utilities, insurance, pet costs, and parking add 13-32% on top. here's how to calculate what you'll actually pay.",rental costs,recommended,320,73,informational
https://www.brightplace.ai/guides/your-true-monthly-cost,True Monthly Cost of Renting: Full Breakdown | brightplace,"your rent is just the starting line. fees, utilities, insurance, pet costs, and parking add 13-32% on top. here's how to calculate what you'll actually pay.",rent cost,recommended,320,74,commercial
https://www.brightplace.ai/guides/denver-city-orientation,Renting in Denver: A Neighborhood Guide (2026) | brightplace,"everything renters need to know about denver neighborhoods. rent ranges, commute times, walkability, and lifestyle breakdowns across the metro area.",how much is rent in denver colorado,recommended,90,43,informational
https://www.brightplace.ai/guides/denver-city-orientation,Renting in Denver: A Neighborhood Guide (2026) | brightplace,"everything renters need to know about denver neighborhoods. rent ranges, commute times, walkability, and lifestyle breakdowns across the metro area.",denver apartments for rent,recommended,3600,51,commercial
https://www.brightplace.ai/guides/denver-city-orientation,Renting in Denver: A Neighborhood Guide (2026) | brightplace,"everything renters need to know about denver neighborhoods. rent ranges, commute times, walkability, and lifestyle breakdowns across the metro area.",apartments in denver,recommended,3600,58,commercial
https://www.brightplace.ai/guides/denver-city-orientation,Renting in Denver: A Neighborhood Guide (2026) | brightplace,"everything renters need to know about denver neighborhoods. rent ranges, commute times, walkability, and lifestyle breakdowns across the metro area.",best places to live in denver,recommended,880,24,"informational, commercial"
https://www.brightplace.ai/guides/denver-city-orientation,Renting in Denver: A Neighborhood Guide (2026) | brightplace,"everything renters need to know about denver neighborhoods. rent ranges, commute times, walkability, and lifestyle breakdowns across the metro area.",homes for rent denver co,recommended,1000,33,informational
https://www.brightplace.ai/guides/denver-city-orientation,Renting in Denver: A Neighborhood Guide (2026) | brightplace,"everything renters need to know about denver neighborhoods. rent ranges, commute times, walkability, and lifestyle breakdowns across the metro area.",good places to live in denver,recommended,720,24,informational
https://www.brightplace.ai/guides/denver-city-orientation,Renting in Denver: A Neighborhood Guide (2026) | brightplace,"everything renters need to know about denver neighborhoods. rent ranges, commute times, walkability, and lifestyle breakdowns across the metro area.",denver homes for rent,recommended,720,33,informational
https://www.brightplace.ai/guides/denver-city-orientation,Renting in Denver: A Neighborhood Guide (2026) | brightplace,"everything renters need to know about denver neighborhoods. rent ranges, commute times, walkability, and lifestyle breakdowns across the metro area.",apartments for denver,recommended,1600,54,commercial
https://www.brightplace.ai/guides/denver-city-orientation,Renting in Denver: A Neighborhood Guide (2026) | brightplace,"everything renters need to know about denver neighborhoods. rent ranges, commute times, walkability, and lifestyle breakdowns across the metro area.",apartments denver co,recommended,1600,57,commercial
https://www.brightplace.ai/guides/denver-city-orientation,Renting in Denver: A Neighborhood Guide (2026) | brightplace,"everything renters need to know about denver neighborhoods. rent ranges, commute times, walkability, and lifestyle breakdowns across the metro area.",apts for rent denver,recommended,1000,50,commercial
https://www.brightplace.ai/guides/denver-city-orientation,Renting in Denver: A Neighborhood Guide (2026) | brightplace,"everything renters need to know about denver neighborhoods. rent ranges, commute times, walkability, and lifestyle breakdowns across the metro area.",average rent in denver,recommended,720,40,informational
https://www.brightplace.ai/guides/denver-city-orientation,Renting in Denver: A Neighborhood Guide (2026) | brightplace,"everything renters need to know about denver neighborhoods. rent ranges, commute times, walkability, and lifestyle breakdowns across the metro area.",house to rent in denver,recommended,390,33,informational
https://www.brightplace.ai/guides/denver-city-orientation,Renting in Denver: A Neighborhood Guide (2026) | brightplace,"everything renters need to know about denver neighborhoods. rent ranges, commute times, walkability, and lifestyle breakdowns across the metro area.",denver house for rent,recommended,390,32,informational
https://www.brightplace.ai/guides/denver-city-orientation,Renting in Denver: A Neighborhood Guide (2026) | brightplace,"everything renters need to know about denver neighborhoods. rent ranges, commute times, walkability, and lifestyle breakdowns across the metro area.",denver rental homes,recommended,390,39,informational
https://www.brightplace.ai/guides/denver-city-orientation,Renting in Denver: A Neighborhood Guide (2026) | brightplace,"everything renters need to know about denver neighborhoods. rent ranges, commute times, walkability, and lifestyle breakdowns across the metro area.",rental denver,recommended,480,46,informational
https://www.brightplace.ai/guides/denver-city-orientation,Renting in Denver: A Neighborhood Guide (2026) | brightplace,"everything renters need to know about denver neighborhoods. rent ranges, commute times, walkability, and lifestyle breakdowns across the metro area.",rent denver,recommended,320,41,"informational, transactional"
https://www.brightplace.ai/guides/denver-city-orientation,Renting in Denver: A Neighborhood Guide (2026) | brightplace,"everything renters need to know about denver neighborhoods. rent ranges, commute times, walkability, and lifestyle breakdowns across the metro area.",homes to rent in denver,recommended,320,42,commercial
https://www.brightplace.ai/guides/denver-city-orientation,Renting in Denver: A Neighborhood Guide (2026) | brightplace,"everything renters need to know about denver neighborhoods. rent ranges, commute times, walkability, and lifestyle breakdowns across the metro area.",house rentals denver,recommended,320,44,commercial
https://www.brightplace.ai/guides/denver-city-orientation,Renting in Denver: A Neighborhood Guide (2026) | brightplace,"everything renters need to know about denver neighborhoods. rent ranges, commute times, walkability, and lifestyle breakdowns across the metro area.",house rent denver colorado,recommended,260,39,"informational, transactional"
https://www.brightplace.ai/guides/denver-city-orientation,Renting in Denver: A Neighborhood Guide (2026) | brightplace,"everything renters need to know about denver neighborhoods. rent ranges, commute times, walkability, and lifestyle breakdowns across the metro area.",apartment finder denver,recommended,260,40,"informational, transactional"
https://www.brightplace.ai/guides/denver-city-orientation,Renting in Denver: A Neighborhood Guide (2026) | brightplace,"everything renters need to know about denver neighborhoods. rent ranges, commute times, walkability, and lifestyle breakdowns across the metro area.",houses for rent in denver co,recommended,170,32,informational
https://www.brightplace.ai/guides/denver-city-orientation,Renting in Denver: A Neighborhood Guide (2026) | brightplace,"everything renters need to know about denver neighborhoods. rent ranges, commute times, walkability, and lifestyle breakdowns across the metro area.",apartments for rent downtown denver,recommended,260,43,commercial
https://www.brightplace.ai/guides/denver-city-orientation,Renting in Denver: A Neighborhood Guide (2026) | brightplace,"everything renters need to know about denver neighborhoods. rent ranges, commute times, walkability, and lifestyle breakdowns across the metro area.",homes for rent in denver colorado,recommended,170,36,informational
https://www.brightplace.ai/guides/denver-city-orientation,Renting in Denver: A Neighborhood Guide (2026) | brightplace,"everything renters need to know about denver neighborhoods. rent ranges, commute times, walkability, and lifestyle breakdowns across the metro area.",cheap houses for rent in denver,recommended,110,24,commercial
https://www.brightplace.ai/guides/denver-city-orientation,Renting in Denver: A Neighborhood Guide (2026) | brightplace,"everything renters need to know about denver neighborhoods. rent ranges, commute times, walkability, and lifestyle breakdowns across the metro area.",downtown denver apts for rent,recommended,140,32,commercial
https://www.brightplace.ai/guides/denver-city-orientation,Renting in Denver: A Neighborhood Guide (2026) | brightplace,"everything renters need to know about denver neighborhoods. rent ranges, commute times, walkability, and lifestyle breakdowns across the metro area.",housing in denver,recommended,320,58,transactional
https://www.brightplace.ai/guides/denver-city-orientation,Renting in Denver: A Neighborhood Guide (2026) | brightplace,"everything renters need to know about denver neighborhoods. rent ranges, commute times, walkability, and lifestyle breakdowns across the metro area.",cheapest apartments denver,recommended,110,29,commercial
https://www.brightplace.ai/guides/denver-city-orientation,Renting in Denver: A Neighborhood Guide (2026) | brightplace,"everything renters need to know about denver neighborhoods. rent ranges, commute times, walkability, and lifestyle breakdowns across the metro area.",rent a house denver,recommended,170,43,informational
https://www.brightplace.ai/guides/denver-city-orientation,Renting in Denver: A Neighborhood Guide (2026) | brightplace,"everything renters need to know about denver neighborhoods. rent ranges, commute times, walkability, and lifestyle breakdowns across the metro area.",condos in denver co for rent,recommended,90,26,commercial
https://www.brightplace.ai/guides/denver-city-orientation,Renting in Denver: A Neighborhood Guide (2026) | brightplace,"everything renters need to know about denver neighborhoods. rent ranges, commute times, walkability, and lifestyle breakdowns across the metro area.",cheap home rentals in denver colorado,recommended,90,26,transactional
https://www.brightplace.ai/resources/homes-for-rent-no-deposit,Homes for Rent No Deposit: What Actually Exists and How t...,"homes for rent no deposit exist in three forms. here is how each works, what it costs, and where to find legitimate listings.",renting a house no deposit,recommended,0,0,
https://www.brightplace.ai/resources/homes-for-rent-no-deposit,Homes for Rent No Deposit: What Actually Exists and How t...,"homes for rent no deposit exist in three forms. here is how each works, what it costs, and where to find legitimate listings.",no deposit apartments,recommended,590,25,commercial
https://www.brightplace.ai/resources/homes-for-rent-no-deposit,Homes for Rent No Deposit: What Actually Exists and How t...,"homes for rent no deposit exist in three forms. here is how each works, what it costs, and where to find legitimate listings.",no deposit rent,recommended,320,16,informational
https://www.brightplace.ai/resources/homes-for-rent-no-deposit,Homes for Rent No Deposit: What Actually Exists and How t...,"homes for rent no deposit exist in three forms. here is how each works, what it costs, and where to find legitimate listings.",no deposit rentals near me,recommended,170,12,transactional
https://www.brightplace.ai/resources/homes-for-rent-no-deposit,Homes for Rent No Deposit: What Actually Exists and How t...,"homes for rent no deposit exist in three forms. here is how each works, what it costs, and where to find legitimate listings.",no deposit rental homes,recommended,70,0,informational
https://www.brightplace.ai/resources/homes-for-rent-no-deposit,Homes for Rent No Deposit: What Actually Exists and How t...,"homes for rent no deposit exist in three forms. here is how each works, what it costs, and where to find legitimate listings.",house rent no deposit,recommended,110,8,commercial
https://www.brightplace.ai/resources/homes-for-rent-no-deposit,Homes for Rent No Deposit: What Actually Exists and How t...,"homes for rent no deposit exist in three forms. here is how each works, what it costs, and where to find legitimate listings.",no deposit rentals,recommended,90,10,informational
https://www.brightplace.ai/resources/homes-for-rent-no-deposit,Homes for Rent No Deposit: What Actually Exists and How t...,"homes for rent no deposit exist in three forms. here is how each works, what it costs, and where to find legitimate listings.",houses to let no deposit,recommended,90,10,informational
https://www.brightplace.ai/resources/homes-for-rent-no-deposit,Homes for Rent No Deposit: What Actually Exists and How t...,"homes for rent no deposit exist in three forms. here is how each works, what it costs, and where to find legitimate listings.",houses to rent no deposit,recommended,140,26,informational
https://www.brightplace.ai/resources/homes-for-rent-no-deposit,Homes for Rent No Deposit: What Actually Exists and How t...,"homes for rent no deposit exist in three forms. here is how each works, what it costs, and where to find legitimate listings.",apartments for rent no security deposit,recommended,170,26,"informational, transactional"
https://www.brightplace.ai/resources/homes-for-rent-no-deposit,Homes for Rent No Deposit: What Actually Exists and How t...,"homes for rent no deposit exist in three forms. here is how each works, what it costs, and where to find legitimate listings.",rent no security deposit,recommended,70,8,informational
https://www.brightplace.ai/resources/homes-for-rent-no-deposit,Homes for Rent No Deposit: What Actually Exists and How t...,"homes for rent no deposit exist in three forms. here is how each works, what it costs, and where to find legitimate listings.",houses for rent no security deposit,recommended,70,18,informational
https://www.brightplace.ai/resources/homes-for-rent-no-deposit,Homes for Rent No Deposit: What Actually Exists and How t...,"homes for rent no deposit exist in three forms. here is how each works, what it costs, and where to find legitimate listings.",rental with no deposit,recommended,90,25,commercial
https://www.brightplace.ai/resources/homes-for-rent-no-deposit,Homes for Rent No Deposit: What Actually Exists and How t...,"homes for rent no deposit exist in three forms. here is how each works, what it costs, and where to find legitimate listings.",rent without deposit,recommended,70,17,informational
https://www.brightplace.ai/resources/homes-for-rent-no-deposit,Homes for Rent No Deposit: What Actually Exists and How t...,"homes for rent no deposit exist in three forms. here is how each works, what it costs, and where to find legitimate listings.",house for rent without deposit,recommended,50,12,informational
https://www.brightplace.ai/resources/homes-for-rent-no-deposit,Homes for Rent No Deposit: What Actually Exists and How t...,"homes for rent no deposit exist in three forms. here is how each works, what it costs, and where to find legitimate listings.",no deposit renting,recommended,50,15,informational
https://www.brightplace.ai/resources/homes-for-rent-no-deposit,Homes for Rent No Deposit: What Actually Exists and How t...,"homes for rent no deposit exist in three forms. here is how each works, what it costs, and where to find legitimate listings.",deposit free rentals,recommended,50,17,informational
https://www.brightplace.ai/resources/homes-for-rent-no-deposit,Homes for Rent No Deposit: What Actually Exists and How t...,"homes for rent no deposit exist in three forms. here is how each works, what it costs, and where to find legitimate listings.",house to let no deposit,recommended,30,7,commercial
https://www.brightplace.ai/resources/homes-for-rent-no-deposit,Homes for Rent No Deposit: What Actually Exists and How t...,"homes for rent no deposit exist in three forms. here is how each works, what it costs, and where to find legitimate listings.",rental homes with no deposit,recommended,30,12,informational
https://www.brightplace.ai/resources/homes-for-rent-no-deposit,Homes for Rent No Deposit: What Actually Exists and How t...,"homes for rent no deposit exist in three forms. here is how each works, what it costs, and where to find legitimate listings.",no security deposit rentals near me,recommended,50,20,transactional
https://www.brightplace.ai/resources/homes-for-rent-no-deposit,Homes for Rent No Deposit: What Actually Exists and How t...,"homes for rent no deposit exist in three forms. here is how each works, what it costs, and where to find legitimate listings.",apartments with no deposit near me,recommended,480,40,transactional
https://www.brightplace.ai/resources/homes-for-rent-no-deposit,Homes for Rent No Deposit: What Actually Exists and How t...,"homes for rent no deposit exist in three forms. here is how each works, what it costs, and where to find legitimate listings.",apartment for rent with no deposit,recommended,40,27,informational
https://www.brightplace.ai/resources/homes-for-rent-no-deposit,Homes for Rent No Deposit: What Actually Exists and How t...,"homes for rent no deposit exist in three forms. here is how each works, what it costs, and where to find legitimate listings.",no deposit homes,recommended,40,51,informational
https://www.brightplace.ai/resources/homes-for-rent-no-deposit,Homes for Rent No Deposit: What Actually Exists and How t...,"homes for rent no deposit exist in three forms. here is how each works, what it costs, and where to find legitimate listings.",homes for rent no deposit near me,recommended,30,49,transactional
https://www.brightplace.ai/resources/homes-for-rent-no-deposit,Homes for Rent No Deposit: What Actually Exists and How t...,"homes for rent no deposit exist in three forms. here is how each works, what it costs, and where to find legitimate listings.",houses to rent near me no deposit,recommended,30,49,transactional
https://www.brightplace.ai/resources/homes-for-rent-no-deposit,Homes for Rent No Deposit: What Actually Exists and How t...,"homes for rent no deposit exist in three forms. here is how each works, what it costs, and where to find legitimate listings.",rental no deposit near me,recommended,30,50,transactional
https://www.brightplace.ai/resources/homes-for-rent-no-deposit,Homes for Rent No Deposit: What Actually Exists and How t...,"homes for rent no deposit exist in three forms. here is how each works, what it costs, and where to find legitimate listings.",houses for rent without deposit,recommended,30,65,transactional
https://www.brightplace.ai/resources/homes-for-rent-no-deposit,Homes for Rent No Deposit: What Actually Exists and How t...,"homes for rent no deposit exist in three forms. here is how each works, what it costs, and where to find legitimate listings.",homes for rent no deposit,recommended,0,0,
https://www.brightplace.ai/resources/homes-for-rent-no-deposit,Homes for Rent No Deposit: What Actually Exists and How t...,"homes for rent no deposit exist in three forms. here is how each works, what it costs, and where to find legitimate listings.",rental properties no deposit required,recommended,0,0,
https://www.brightplace.ai/resources/homes-for-rent-no-deposit,Homes for Rent No Deposit: What Actually Exists and How t...,"homes for rent no deposit exist in three forms. here is how each works, what it costs, and where to find legitimate listings.",find no deposit homes,recommended,0,0,
https://www.brightplace.ai/resources/cascades-at-northlake-apartments,Cascades at Northlake Apartments | brightplace,"cascades at northlake apartments in charlotte, nc near northlake mall. see pricing, floor plans, location, and what to ask before signing.",apartments charlotte nc,recommended,9900,55,commercial
https://www.brightplace.ai/resources/cascades-at-northlake-apartments,Cascades at Northlake Apartments | brightplace,"cascades at northlake apartments in charlotte, nc near northlake mall. see pricing, floor plans, location, and what to ask before signing.",apartments near charlotte nc,recommended,590,50,navigational
https://www.brightplace.ai/resources/cascades-at-northlake-apartments,Cascades at Northlake Apartments | brightplace,"cascades at northlake apartments in charlotte, nc near northlake mall. see pricing, floor plans, location, and what to ask before signing.",northlake apartments nc,recommended,140,27,commercial
https://www.brightplace.ai/resources/cascades-at-northlake-apartments,Cascades at Northlake Apartments | brightplace,"cascades at northlake apartments in charlotte, nc near northlake mall. see pricing, floor plans, location, and what to ask before signing.",north charlotte apartments,recommended,140,35,navigational
https://www.brightplace.ai/resources/cascades-at-northlake-apartments,Cascades at Northlake Apartments | brightplace,"cascades at northlake apartments in charlotte, nc near northlake mall. see pricing, floor plans, location, and what to ask before signing.",apartments in northlake charlotte nc,recommended,40,22,navigational
https://www.brightplace.ai/resources/cascades-at-northlake-apartments,Cascades at Northlake Apartments | brightplace,"cascades at northlake apartments in charlotte, nc near northlake mall. see pricing, floor plans, location, and what to ask before signing.",north carolina charlotte apartments,recommended,170,50,navigational
https://www.brightplace.ai/resources/cascades-at-northlake-apartments,Cascades at Northlake Apartments | brightplace,"cascades at northlake apartments in charlotte, nc near northlake mall. see pricing, floor plans, location, and what to ask before signing.",rental apartments in charlotte nc,recommended,110,52,commercial
https://www.brightplace.ai/resources/cascades-at-northlake-apartments,Cascades at Northlake Apartments | brightplace,"cascades at northlake apartments in charlotte, nc near northlake mall. see pricing, floor plans, location, and what to ask before signing.",apartments in north charlotte,recommended,30,32,transactional
https://www.brightplace.ai/resources/cascades-at-northlake-apartments,Cascades at Northlake Apartments | brightplace,"cascades at northlake apartments in charlotte, nc near northlake mall. see pricing, floor plans, location, and what to ask before signing.",apartments in north charlotte nc,recommended,50,49,navigational
https://www.brightplace.ai/resources/cascades-at-northlake-apartments,Cascades at Northlake Apartments | brightplace,"cascades at northlake apartments in charlotte, nc near northlake mall. see pricing, floor plans, location, and what to ask before signing.",apartments near northlake mall charlotte,recommended,0,0,
https://www.brightplace.ai/resources/2-bedroom-2-bathroom-apartments,2 Bedroom 2 Bathroom Apartments | brightplace,"2 bedroom 2 bathroom apartments rent from $1,100 to $5,500/month depending on city and building type. here is what renters need to know before searching.",how much are 2 bedroom apartments,recommended,50,19,informational
https://www.brightplace.ai/resources/2-bedroom-2-bathroom-apartments,2 Bedroom 2 Bathroom Apartments | brightplace,"2 bedroom 2 bathroom apartments rent from $1,100 to $5,500/month depending on city and building type. here is what renters need to know before searching.",2 bedroom apartments,recommended,27100,21,informational
https://www.brightplace.ai/resources/2-bedroom-2-bathroom-apartments,2 Bedroom 2 Bathroom Apartments | brightplace,"2 bedroom 2 bathroom apartments rent from $1,100 to $5,500/month depending on city and building type. here is what renters need to know before searching.",2 bed 2 bath apartments,recommended,9900,31,informational
https://www.brightplace.ai/resources/2-bedroom-2-bathroom-apartments,2 Bedroom 2 Bathroom Apartments | brightplace,"2 bedroom 2 bathroom apartments rent from $1,100 to $5,500/month depending on city and building type. here is what renters need to know before searching.",2 bedroom apartments near me,recommended,27100,46,transactional
https://www.brightplace.ai/resources/2-bedroom-2-bathroom-apartments,2 Bedroom 2 Bathroom Apartments | brightplace,"2 bedroom 2 bathroom apartments rent from $1,100 to $5,500/month depending on city and building type. here is what renters need to know before searching.",two bedroom apartment,recommended,4400,25,informational
https://www.brightplace.ai/resources/2-bedroom-2-bathroom-apartments,2 Bedroom 2 Bathroom Apartments | brightplace,"2 bedroom 2 bathroom apartments rent from $1,100 to $5,500/month depending on city and building type. here is what renters need to know before searching.",2 bedroom 2 bathroom apartments,recommended,4400,33,informational
https://www.brightplace.ai/resources/2-bedroom-2-bathroom-apartments,2 Bedroom 2 Bathroom Apartments | brightplace,"2 bedroom 2 bathroom apartments rent from $1,100 to $5,500/month depending on city and building type. here is what renters need to know before searching.",2 br apt,recommended,3600,31,commercial
https://www.brightplace.ai/resources/2-bedroom-2-bathroom-apartments,2 Bedroom 2 Bathroom Apartments | brightplace,"2 bedroom 2 bathroom apartments rent from $1,100 to $5,500/month depending on city and building type. here is what renters need to know before searching.",2 bed 1 bath apartments,recommended,2900,25,"informational, commercial"
https://www.brightplace.ai/resources/2-bedroom-2-bathroom-apartments,2 Bedroom 2 Bathroom Apartments | brightplace,"2 bedroom 2 bathroom apartments rent from $1,100 to $5,500/month depending on city and building type. here is what renters need to know before searching.",two bed two bath apartments,recommended,2400,25,informational
https://www.brightplace.ai/resources/2-bedroom-2-bathroom-apartments,2 Bedroom 2 Bathroom Apartments | brightplace,"2 bedroom 2 bathroom apartments rent from $1,100 to $5,500/month depending on city and building type. here is what renters need to know before searching.",cheap two bedroom apartments,recommended,1600,36,"informational, transactional"
https://www.brightplace.ai/resources/2-bedroom-2-bathroom-apartments,2 Bedroom 2 Bathroom Apartments | brightplace,"2 bedroom 2 bathroom apartments rent from $1,100 to $5,500/month depending on city and building type. here is what renters need to know before searching.",2 bed 2 bath for rent,recommended,1000,27,transactional
https://www.brightplace.ai/resources/2-bedroom-2-bathroom-apartments,2 Bedroom 2 Bathroom Apartments | brightplace,"2 bedroom 2 bathroom apartments rent from $1,100 to $5,500/month depending on city and building type. here is what renters need to know before searching.",2 bedroom 2 bath,recommended,720,19,informational
https://www.brightplace.ai/resources/2-bedroom-2-bathroom-apartments,2 Bedroom 2 Bathroom Apartments | brightplace,"2 bedroom 2 bathroom apartments rent from $1,100 to $5,500/month depending on city and building type. here is what renters need to know before searching.",2 bed 2 bath rentals,recommended,720,22,transactional
https://www.brightplace.ai/resources/2-bedroom-2-bathroom-apartments,2 Bedroom 2 Bathroom Apartments | brightplace,"2 bedroom 2 bathroom apartments rent from $1,100 to $5,500/month depending on city and building type. here is what renters need to know before searching.",two bed two bath apartments for rent,recommended,720,27,transactional
https://www.brightplace.ai/resources/2-bedroom-2-bathroom-apartments,2 Bedroom 2 Bathroom Apartments | brightplace,"2 bedroom 2 bathroom apartments rent from $1,100 to $5,500/month depending on city and building type. here is what renters need to know before searching.",two bedroom two bathroom apartments,recommended,320,12,informational
https://www.brightplace.ai/resources/2-bedroom-2-bathroom-apartments,2 Bedroom 2 Bathroom Apartments | brightplace,"2 bedroom 2 bathroom apartments rent from $1,100 to $5,500/month depending on city and building type. here is what renters need to know before searching.",apartment 2 bedroom,recommended,590,26,transactional
https://www.brightplace.ai/resources/2-bedroom-2-bathroom-apartments,2 Bedroom 2 Bathroom Apartments | brightplace,"2 bedroom 2 bathroom apartments rent from $1,100 to $5,500/month depending on city and building type. here is what renters need to know before searching.",2bed 2bath for rent,recommended,590,24,informational
https://www.brightplace.ai/resources/2-bedroom-2-bathroom-apartments,2 Bedroom 2 Bathroom Apartments | brightplace,"2 bedroom 2 bathroom apartments rent from $1,100 to $5,500/month depending on city and building type. here is what renters need to know before searching.",2 bed apartment for rent,recommended,480,21,informational
https://www.brightplace.ai/resources/2-bedroom-2-bathroom-apartments,2 Bedroom 2 Bathroom Apartments | brightplace,"2 bedroom 2 bathroom apartments rent from $1,100 to $5,500/month depending on city and building type. here is what renters need to know before searching.",2 bed 1 bath apartment,recommended,590,27,informational
https://www.brightplace.ai/resources/2-bedroom-2-bathroom-apartments,2 Bedroom 2 Bathroom Apartments | brightplace,"2 bedroom 2 bathroom apartments rent from $1,100 to $5,500/month depending on city and building type. here is what renters need to know before searching.",2 bedrooms apartment,recommended,390,19,informational
https://www.brightplace.ai/resources/2-bedroom-2-bathroom-apartments,2 Bedroom 2 Bathroom Apartments | brightplace,"2 bedroom 2 bathroom apartments rent from $1,100 to $5,500/month depending on city and building type. here is what renters need to know before searching.",2 bdrm apt for rent,recommended,390,18,informational
https://www.brightplace.ai/resources/2-bedroom-2-bathroom-apartments,2 Bedroom 2 Bathroom Apartments | brightplace,"2 bedroom 2 bathroom apartments rent from $1,100 to $5,500/month depending on city and building type. here is what renters need to know before searching.",two bedroom apt,recommended,390,26,informational
https://www.brightplace.ai/resources/2-bedroom-2-bathroom-apartments,2 Bedroom 2 Bathroom Apartments | brightplace,"2 bedroom 2 bathroom apartments rent from $1,100 to $5,500/month depending on city and building type. here is what renters need to know before searching.",apartments with 2 bedrooms,recommended,260,21,commercial
https://www.brightplace.ai/resources/2-bedroom-2-bathroom-apartments,2 Bedroom 2 Bathroom Apartments | brightplace,"2 bedroom 2 bathroom apartments rent from $1,100 to $5,500/month depending on city and building type. here is what renters need to know before searching.",2 bedrooms apartments for rent,recommended,720,21,transactional
https://www.brightplace.ai/resources/2-bedroom-2-bathroom-apartments,2 Bedroom 2 Bathroom Apartments | brightplace,"2 bedroom 2 bathroom apartments rent from $1,100 to $5,500/month depending on city and building type. here is what renters need to know before searching.",3 bed 2 bath apartments for rent,recommended,260,18,commercial
https://www.brightplace.ai/resources/2-bedroom-2-bathroom-apartments,2 Bedroom 2 Bathroom Apartments | brightplace,"2 bedroom 2 bathroom apartments rent from $1,100 to $5,500/month depending on city and building type. here is what renters need to know before searching.",2 bd 2 bath for rent,recommended,170,13,informational
https://www.brightplace.ai/resources/2-bedroom-2-bathroom-apartments,2 Bedroom 2 Bathroom Apartments | brightplace,"2 bedroom 2 bathroom apartments rent from $1,100 to $5,500/month depending on city and building type. here is what renters need to know before searching.",2 bedroom apartments available now,recommended,210,23,transactional
https://www.brightplace.ai/resources/2-bedroom-2-bathroom-apartments,2 Bedroom 2 Bathroom Apartments | brightplace,"2 bedroom 2 bathroom apartments rent from $1,100 to $5,500/month depending on city and building type. here is what renters need to know before searching.",2bd apartments near me,recommended,260,32,transactional
https://www.brightplace.ai/resources/2-bedroom-2-bathroom-apartments,2 Bedroom 2 Bathroom Apartments | brightplace,"2 bedroom 2 bathroom apartments rent from $1,100 to $5,500/month depending on city and building type. here is what renters need to know before searching.",2 br apartment,recommended,140,16,informational
https://www.brightplace.ai/resources/2-bedroom-2-bathroom-apartments,2 Bedroom 2 Bathroom Apartments | brightplace,"2 bedroom 2 bathroom apartments rent from $1,100 to $5,500/month depending on city and building type. here is what renters need to know before searching.",2 bedroom loft apartments,recommended,320,19,transactional
https://www.brightplace.ai/resources/las-brisas-apartments-california,Las Brisas Apartments California | brightplace,"multiple las brisas apartments exist across california. compare locations, rent, unit types, and income-restricted options by city.",apartments in california,recommended,2400,50,commercial
https://www.brightplace.ai/resources/las-brisas-apartments-california,Las Brisas Apartments California | brightplace,"multiple las brisas apartments exist across california. compare locations, rent, unit types, and income-restricted options by city.",apartments for rent in california,recommended,1000,49,commercial
https://www.brightplace.ai/resources/las-brisas-apartments-california,Las Brisas Apartments California | brightplace,"multiple las brisas apartments exist across california. compare locations, rent, unit types, and income-restricted options by city.",apartments in cali,recommended,140,47,commercial
https://www.brightplace.ai/resources/las-brisas-apartments-california,Las Brisas Apartments California | brightplace,"multiple las brisas apartments exist across california. compare locations, rent, unit types, and income-restricted options by city.",apartments for rent in la california,recommended,210,59,commercial
https://www.brightplace.ai/resources/las-brisas-apartments-california,Las Brisas Apartments California | brightplace,"multiple las brisas apartments exist across california. compare locations, rent, unit types, and income-restricted options by city.",apartments for rent in los angeles california,recommended,40,54,informational
https://www.brightplace.ai/resources/las-brisas-apartments-california,Las Brisas Apartments California | brightplace,"multiple las brisas apartments exist across california. compare locations, rent, unit types, and income-restricted options by city.",las brisas apartments,recommended,5400,16,commercial
https://www.brightplace.ai/resources/las-brisas-apartments-california,Las Brisas Apartments California | brightplace,"multiple las brisas apartments exist across california. compare locations, rent, unit types, and income-restricted options by city.",rent an apartment california,recommended,170,46,informational
https://www.brightplace.ai/resources/las-brisas-apartments-california,Las Brisas Apartments California | brightplace,"multiple las brisas apartments exist across california. compare locations, rent, unit types, and income-restricted options by city.",cali apartment rentals,recommended,90,48,informational
https://www.brightplace.ai/resources/las-brisas-apartments-california,Las Brisas Apartments California | brightplace,"multiple las brisas apartments exist across california. compare locations, rent, unit types, and income-restricted options by city.",california apartment for rent,recommended,210,50,informational
https://www.brightplace.ai/guides/chicago-pet-owners,Dog-Friendly Neighborhoods in Chicago (2026) | brightplace,"where to live in chicago with a dog. off-leash parks, pet rent costs, breed policies by neighborhood, and which areas are built for dog owners.",dog friendly things to do in chicago,recommended,110,19,informational
https://www.brightplace.ai/guides/chicago-pet-owners,Dog-Friendly Neighborhoods in Chicago (2026) | brightplace,"where to live in chicago with a dog. off-leash parks, pet rent costs, breed policies by neighborhood, and which areas are built for dog owners.",pet friendly chicago living,recommended,90,0,commercial
https://www.brightplace.ai/guides/chicago-pet-owners,Dog-Friendly Neighborhoods in Chicago (2026) | brightplace,"where to live in chicago with a dog. off-leash parks, pet rent costs, breed policies by neighborhood, and which areas are built for dog owners.",dog friendly neighborhoods chicago,recommended,0,0,
https://www.brightplace.ai/guides/chicago-pet-owners,Dog-Friendly Neighborhoods in Chicago (2026) | brightplace,"where to live in chicago with a dog. off-leash parks, pet rent costs, breed policies by neighborhood, and which areas are built for dog owners.",chicago apartments for dogs,recommended,0,0,
https://www.brightplace.ai/guides/chicago-pet-owners,Dog-Friendly Neighborhoods in Chicago (2026) | brightplace,"where to live in chicago with a dog. off-leash parks, pet rent costs, breed policies by neighborhood, and which areas are built for dog owners.",best areas for dog owners chicago,recommended,0,0,
https://www.brightplace.ai/guides/chicago-pet-owners,Dog-Friendly Neighborhoods in Chicago (2026) | brightplace,"where to live in chicago with a dog. off-leash parks, pet rent costs, breed policies by neighborhood, and which areas are built for dog owners.",pet friendly rentals chicago,recommended,0,0,
https://www.brightplace.ai/guides/chicago-pet-owners,Dog-Friendly Neighborhoods in Chicago (2026) | brightplace,"where to live in chicago with a dog. off-leash parks, pet rent costs, breed policies by neighborhood, and which areas are built for dog owners.",chicago dog parks apartments,recommended,0,0,
https://www.brightplace.ai/guides/chicago-pet-owners,Dog-Friendly Neighborhoods in Chicago (2026) | brightplace,"where to live in chicago with a dog. off-leash parks, pet rent costs, breed policies by neighborhood, and which areas are built for dog owners.",dog friendly apartments chicago,recommended,90,10,transactional
https://www.brightplace.ai/guides/chicago-pet-owners,Dog-Friendly Neighborhoods in Chicago (2026) | brightplace,"where to live in chicago with a dog. off-leash parks, pet rent costs, breed policies by neighborhood, and which areas are built for dog owners.",pet friendly apartment rentals chicago,recommended,40,15,commercial
https://www.brightplace.ai/guides/chicago-pet-owners,Dog-Friendly Neighborhoods in Chicago (2026) | brightplace,"where to live in chicago with a dog. off-leash parks, pet rent costs, breed policies by neighborhood, and which areas are built for dog owners.",pet friendly apartments for rent in chicago il,recommended,50,19,commercial
https://www.brightplace.ai/guides/chicago-pet-owners,Dog-Friendly Neighborhoods in Chicago (2026) | brightplace,"where to live in chicago with a dog. off-leash parks, pet rent costs, breed policies by neighborhood, and which areas are built for dog owners.",best dog parks in chicago,recommended,140,19,commercial
https://www.brightplace.ai/guides/chicago-pet-owners,Dog-Friendly Neighborhoods in Chicago (2026) | brightplace,"where to live in chicago with a dog. off-leash parks, pet rent costs, breed policies by neighborhood, and which areas are built for dog owners.",dog friendly places in chicago,recommended,170,21,commercial
https://www.brightplace.ai/guides/chicago-pet-owners,Dog-Friendly Neighborhoods in Chicago (2026) | brightplace,"where to live in chicago with a dog. off-leash parks, pet rent costs, breed policies by neighborhood, and which areas are built for dog owners.",chicago dog parks,recommended,110,24,commercial
https://www.brightplace.ai/resources/2nd-chance-apartments-houston,2nd Chance Apartments Houston | brightplace,"2nd chance apartments houston: broken leases, evictions, and bad credit accepted. what qualifies and where to start your search.",second chance apartments houston,recommended,2400,27,commercial
https://www.brightplace.ai/resources/2nd-chance-apartments-houston,2nd Chance Apartments Houston | brightplace,"2nd chance apartments houston: broken leases, evictions, and bad credit accepted. what qualifies and where to start your search.",2nd chance apartments houston,recommended,1600,24,commercial
https://www.brightplace.ai/resources/2nd-chance-apartments-houston,2nd Chance Apartments Houston | brightplace,"2nd chance apartments houston: broken leases, evictions, and bad credit accepted. what qualifies and where to start your search.",second chance apartments that accept evictions houston tx,recommended,70,3,commercial
https://www.brightplace.ai/resources/2nd-chance-apartments-houston,2nd Chance Apartments Houston | brightplace,"2nd chance apartments houston: broken leases, evictions, and bad credit accepted. what qualifies and where to start your search.",2nd chance apartments houston no credit check,recommended,30,4,commercial
https://www.brightplace.ai/resources/2nd-chance-apartments-houston,2nd Chance Apartments Houston | brightplace,"2nd chance apartments houston: broken leases, evictions, and bad credit accepted. what qualifies and where to start your search.",eviction friendly apartments houston,recommended,0,0,
https://www.brightplace.ai/resources/2nd-chance-apartments-houston,2nd Chance Apartments Houston | brightplace,"2nd chance apartments houston: broken leases, evictions, and bad credit accepted. what qualifies and where to start your search.",apartments houston,recommended,18100,62,commercial
https://www.brightplace.ai/resources/one-bedroom-apartment-nyc,One Bedroom Apartment NYC Costs & Guide | brightplace,"one bedroom apartments in nyc range from $1,600 to $5,500/month depending on borough and neighborhood. here is what renters need to know before searching.",how much is a 1 bedroom apartment in manhattan,recommended,70,13,informational
https://www.brightplace.ai/resources/one-bedroom-apartment-nyc,One Bedroom Apartment NYC Costs & Guide | brightplace,"one bedroom apartments in nyc range from $1,600 to $5,500/month depending on borough and neighborhood. here is what renters need to know before searching.",how much is a 1 bedroom apartment in new york,recommended,110,35,informational
https://www.brightplace.ai/resources/one-bedroom-apartment-nyc,One Bedroom Apartment NYC Costs & Guide | brightplace,"one bedroom apartments in nyc range from $1,600 to $5,500/month depending on borough and neighborhood. here is what renters need to know before searching.",1 bedroom apartments nyc,recommended,2400,37,commercial
https://www.brightplace.ai/resources/one-bedroom-apartment-nyc,One Bedroom Apartment NYC Costs & Guide | brightplace,"one bedroom apartments in nyc range from $1,600 to $5,500/month depending on borough and neighborhood. here is what renters need to know before searching.",one bedroom apt in queens ny,recommended,880,27,informational
https://www.brightplace.ai/resources/one-bedroom-apartment-nyc,One Bedroom Apartment NYC Costs & Guide | brightplace,"one bedroom apartments in nyc range from $1,600 to $5,500/month depending on borough and neighborhood. here is what renters need to know before searching.",one bedroom apartments brooklyn,recommended,480,20,commercial
https://www.brightplace.ai/resources/one-bedroom-apartment-nyc,One Bedroom Apartment NYC Costs & Guide | brightplace,"one bedroom apartments in nyc range from $1,600 to $5,500/month depending on borough and neighborhood. here is what renters need to know before searching.",one bedroom apartment nyc,recommended,720,36,commercial
https://www.brightplace.ai/resources/one-bedroom-apartment-nyc,One Bedroom Apartment NYC Costs & Guide | brightplace,"one bedroom apartments in nyc range from $1,600 to $5,500/month depending on borough and neighborhood. here is what renters need to know before searching.",affordable one bedroom apartments in nyc,recommended,590,39,"informational, commercial"
https://www.brightplace.ai/resources/one-bedroom-apartment-nyc,One Bedroom Apartment NYC Costs & Guide | brightplace,"one bedroom apartments in nyc range from $1,600 to $5,500/month depending on borough and neighborhood. here is what renters need to know before searching.",one bedroom apartment in new york,recommended,590,36,informational
https://www.brightplace.ai/resources/one-bedroom-apartment-nyc,One Bedroom Apartment NYC Costs & Guide | brightplace,"one bedroom apartments in nyc range from $1,600 to $5,500/month depending on borough and neighborhood. here is what renters need to know before searching.",one bedroom apartment in queens,recommended,390,27,informational
https://www.brightplace.ai/resources/one-bedroom-apartment-nyc,One Bedroom Apartment NYC Costs & Guide | brightplace,"one bedroom apartments in nyc range from $1,600 to $5,500/month depending on borough and neighborhood. here is what renters need to know before searching.",1 bedroom apartment queens ny,recommended,260,23,informational
https://www.brightplace.ai/resources/one-bedroom-apartment-nyc,One Bedroom Apartment NYC Costs & Guide | brightplace,"one bedroom apartments in nyc range from $1,600 to $5,500/month depending on borough and neighborhood. here is what renters need to know before searching.",1 bedroom apt brooklyn,recommended,260,25,informational
https://www.brightplace.ai/resources/one-bedroom-apartment-nyc,One Bedroom Apartment NYC Costs & Guide | brightplace,"one bedroom apartments in nyc range from $1,600 to $5,500/month depending on borough and neighborhood. here is what renters need to know before searching.",1 bedroom apartment brooklyn,recommended,590,27,informational
https://www.brightplace.ai/resources/one-bedroom-apartment-nyc,One Bedroom Apartment NYC Costs & Guide | brightplace,"one bedroom apartments in nyc range from $1,600 to $5,500/month depending on borough and neighborhood. here is what renters need to know before searching.",one bedroom brooklyn,recommended,170,16,commercial
https://www.brightplace.ai/resources/one-bedroom-apartment-nyc,One Bedroom Apartment NYC Costs & Guide | brightplace,"one bedroom apartments in nyc range from $1,600 to $5,500/month depending on borough and neighborhood. here is what renters need to know before searching.",one bedroom apartments in queens,recommended,210,23,informational
https://www.brightplace.ai/resources/one-bedroom-apartment-nyc,One Bedroom Apartment NYC Costs & Guide | brightplace,"one bedroom apartments in nyc range from $1,600 to $5,500/month depending on borough and neighborhood. here is what renters need to know before searching.",1 bedroom apartments queens,recommended,210,24,informational
https://www.brightplace.ai/resources/one-bedroom-apartment-nyc,One Bedroom Apartment NYC Costs & Guide | brightplace,"one bedroom apartments in nyc range from $1,600 to $5,500/month depending on borough and neighborhood. here is what renters need to know before searching.",1 bedroom brooklyn,recommended,480,22,informational
https://www.brightplace.ai/resources/one-bedroom-apartment-nyc,One Bedroom Apartment NYC Costs & Guide | brightplace,"one bedroom apartments in nyc range from $1,600 to $5,500/month depending on borough and neighborhood. here is what renters need to know before searching.",1 bedroom apartments in manhattan,recommended,140,17,informational
https://www.brightplace.ai/resources/one-bedroom-apartment-nyc,One Bedroom Apartment NYC Costs & Guide | brightplace,"one bedroom apartments in nyc range from $1,600 to $5,500/month depending on borough and neighborhood. here is what renters need to know before searching.",1 bedroom apartments new york,recommended,320,42,informational
https://www.brightplace.ai/resources/one-bedroom-apartment-nyc,One Bedroom Apartment NYC Costs & Guide | brightplace,"one bedroom apartments in nyc range from $1,600 to $5,500/month depending on borough and neighborhood. here is what renters need to know before searching.",1 bedroom apartment for rent brooklyn,recommended,140,20,commercial
https://www.brightplace.ai/resources/one-bedroom-apartment-nyc,One Bedroom Apartment NYC Costs & Guide | brightplace,"one bedroom apartments in nyc range from $1,600 to $5,500/month depending on borough and neighborhood. here is what renters need to know before searching.",1 bedroom apartment for rent nyc,recommended,260,38,commercial
https://www.brightplace.ai/resources/one-bedroom-apartment-nyc,One Bedroom Apartment NYC Costs & Guide | brightplace,"one bedroom apartments in nyc range from $1,600 to $5,500/month depending on borough and neighborhood. here is what renters need to know before searching.",1 bedroom apartments brooklyn,recommended,480,27,informational
https://www.brightplace.ai/resources/one-bedroom-apartment-nyc,One Bedroom Apartment NYC Costs & Guide | brightplace,"one bedroom apartments in nyc range from $1,600 to $5,500/month depending on borough and neighborhood. here is what renters need to know before searching.",average one bedroom rent nyc,recommended,260,42,informational
https://www.brightplace.ai/resources/one-bedroom-apartment-nyc,One Bedroom Apartment NYC Costs & Guide | brightplace,"one bedroom apartments in nyc range from $1,600 to $5,500/month depending on borough and neighborhood. here is what renters need to know before searching.",new york one bedroom apartments,recommended,210,41,informational
https://www.brightplace.ai/resources/one-bedroom-apartment-nyc,One Bedroom Apartment NYC Costs & Guide | brightplace,"one bedroom apartments in nyc range from $1,600 to $5,500/month depending on borough and neighborhood. here is what renters need to know before searching.",1 bed apartment nyc,recommended,170,35,"informational, commercial"
https://www.brightplace.ai/resources/one-bedroom-apartment-nyc,One Bedroom Apartment NYC Costs & Guide | brightplace,"one bedroom apartments in nyc range from $1,600 to $5,500/month depending on borough and neighborhood. here is what renters need to know before searching.",cheap one bedroom apartments in new york,recommended,720,42,commercial
https://www.brightplace.ai/resources/one-bedroom-apartment-nyc,One Bedroom Apartment NYC Costs & Guide | brightplace,"one bedroom apartments in nyc range from $1,600 to $5,500/month depending on borough and neighborhood. here is what renters need to know before searching.",1 bedroom new york,recommended,170,32,informational
https://www.brightplace.ai/resources/one-bedroom-apartment-nyc,One Bedroom Apartment NYC Costs & Guide | brightplace,"one bedroom apartments in nyc range from $1,600 to $5,500/month depending on borough and neighborhood. here is what renters need to know before searching.",one bedroom apartments in nyc,recommended,210,43,transactional
https://www.brightplace.ai/resources/one-bedroom-apartment-nyc,One Bedroom Apartment NYC Costs & Guide | brightplace,"one bedroom apartments in nyc range from $1,600 to $5,500/month depending on borough and neighborhood. here is what renters need to know before searching.",queens ny 1 bedroom apartment for rent,recommended,110,23,informational
https://www.brightplace.ai/resources/one-bedroom-apartment-nyc,One Bedroom Apartment NYC Costs & Guide | brightplace,"one bedroom apartments in nyc range from $1,600 to $5,500/month depending on borough and neighborhood. here is what renters need to know before searching.",1 bedroom apartment new york city,recommended,140,33,informational
https://www.brightplace.ai/resources/one-bedroom-apartment-nyc,One Bedroom Apartment NYC Costs & Guide | brightplace,"one bedroom apartments in nyc range from $1,600 to $5,500/month depending on borough and neighborhood. here is what renters need to know before searching.",one bedroom for rent in brooklyn ny,recommended,70,15,commercial
https://www.brightplace.ai/resources/renters-insurance-with-roommates,Renters Insurance With Roommates | brightplace,your roommate's stuff is not covered by your policy unless they are named on it. here is what to know about renters insurance with roommates.,do both roommates need renters insurance,recommended,170,19,informational
https://www.brightplace.ai/resources/renters-insurance-with-roommates,Renters Insurance With Roommates | brightplace,your roommate's stuff is not covered by your policy unless they are named on it. here is what to know about renters insurance with roommates.,how does renters insurance work with roommates,recommended,90,25,informational
https://www.brightplace.ai/resources/renters-insurance-with-roommates,Renters Insurance With Roommates | brightplace,your roommate's stuff is not covered by your policy unless they are named on it. here is what to know about renters insurance with roommates.,do roommates need separate renters insurance,recommended,90,23,informational
https://www.brightplace.ai/resources/renters-insurance-with-roommates,Renters Insurance With Roommates | brightplace,your roommate's stuff is not covered by your policy unless they are named on it. here is what to know about renters insurance with roommates.,how to get renters insurance with roommates,recommended,0,0,
https://www.brightplace.ai/resources/renters-insurance-with-roommates,Renters Insurance With Roommates | brightplace,your roommate's stuff is not covered by your policy unless they are named on it. here is what to know about renters insurance with roommates.,what does renters insurance,recommended,40,50,informational
https://www.brightplace.ai/resources/renters-insurance-with-roommates,Renters Insurance With Roommates | brightplace,your roommate's stuff is not covered by your policy unless they are named on it. here is what to know about renters insurance with roommates.,renters insurance cover roommates,recommended,1300,21,informational
https://www.brightplace.ai/resources/renters-insurance-with-roommates,Renters Insurance With Roommates | brightplace,your roommate's stuff is not covered by your policy unless they are named on it. here is what to know about renters insurance with roommates.,renters insurance with roommates,recommended,720,18,informational
https://www.brightplace.ai/resources/renters-insurance-with-roommates,Renters Insurance With Roommates | brightplace,your roommate's stuff is not covered by your policy unless they are named on it. here is what to know about renters insurance with roommates.,renters insurance for roommates,recommended,720,24,commercial
https://www.brightplace.ai/resources/renters-insurance-with-roommates,Renters Insurance With Roommates | brightplace,your roommate's stuff is not covered by your policy unless they are named on it. here is what to know about renters insurance with roommates.,insurance for renters,recommended,4400,63,"informational, commercial"
https://www.brightplace.ai/resources/renters-insurance-with-roommates,Renters Insurance With Roommates | brightplace,your roommate's stuff is not covered by your policy unless they are named on it. here is what to know about renters insurance with roommates.,renters insurance roommates,recommended,110,18,informational
https://www.brightplace.ai/resources/renters-insurance-with-roommates,Renters Insurance With Roommates | brightplace,your roommate's stuff is not covered by your policy unless they are named on it. here is what to know about renters insurance with roommates.,insurance renters insurance,recommended,3600,68,commercial
https://www.brightplace.ai/resources/renters-insurance-with-roommates,Renters Insurance With Roommates | brightplace,your roommate's stuff is not covered by your policy unless they are named on it. here is what to know about renters insurance with roommates.,renters insurance and roommates,recommended,110,21,informational
https://www.brightplace.ai/resources/renters-insurance-with-roommates,Renters Insurance With Roommates | brightplace,your roommate's stuff is not covered by your policy unless they are named on it. here is what to know about renters insurance with roommates.,insurance coverage for renters,recommended,2400,63,"informational, commercial"
https://www.brightplace.ai/resources/renters-insurance-with-roommates,Renters Insurance With Roommates | brightplace,your roommate's stuff is not covered by your policy unless they are named on it. here is what to know about renters insurance with roommates.,renters insurance roommate,recommended,70,15,commercial
https://www.brightplace.ai/resources/renters-insurance-with-roommates,Renters Insurance With Roommates | brightplace,your roommate's stuff is not covered by your policy unless they are named on it. here is what to know about renters insurance with roommates.,renters insurance with multiple roommates,recommended,70,21,informational
https://www.brightplace.ai/resources/renters-insurance-with-roommates,Renters Insurance With Roommates | brightplace,your roommate's stuff is not covered by your policy unless they are named on it. here is what to know about renters insurance with roommates.,renters insurance policies,recommended,1300,62,commercial
https://www.brightplace.ai/resources/renters-insurance-with-roommates,Renters Insurance With Roommates | brightplace,your roommate's stuff is not covered by your policy unless they are named on it. here is what to know about renters insurance with roommates.,renting insurance,recommended,2400,71,"informational, commercial"
https://www.brightplace.ai/resources/renters-insurance-with-roommates,Renters Insurance With Roommates | brightplace,your roommate's stuff is not covered by your policy unless they are named on it. here is what to know about renters insurance with roommates.,share renters insurance with roommates,recommended,50,21,informational
https://www.brightplace.ai/resources/renters-insurance-with-roommates,Renters Insurance With Roommates | brightplace,your roommate's stuff is not covered by your policy unless they are named on it. here is what to know about renters insurance with roommates.,find renters insurance,recommended,1000,64,commercial
https://www.brightplace.ai/resources/renters-insurance-with-roommates,Renters Insurance With Roommates | brightplace,your roommate's stuff is not covered by your policy unless they are named on it. here is what to know about renters insurance with roommates.,renters insurance 3 roommates,recommended,30,14,informational
https://www.brightplace.ai/resources/renters-insurance-with-roommates,Renters Insurance With Roommates | brightplace,your roommate's stuff is not covered by your policy unless they are named on it. here is what to know about renters insurance with roommates.,roommate insurance,recommended,40,21,informational
https://www.brightplace.ai/resources/renters-insurance-with-roommates,Renters Insurance With Roommates | brightplace,your roommate's stuff is not covered by your policy unless they are named on it. here is what to know about renters insurance with roommates.,joint renters insurance,recommended,40,21,informational
https://www.brightplace.ai/resources/renters-insurance-with-roommates,Renters Insurance With Roommates | brightplace,your roommate's stuff is not covered by your policy unless they are named on it. here is what to know about renters insurance with roommates.,best renters insurance for roommates,recommended,40,28,commercial
https://www.brightplace.ai/resources/renters-insurance-with-roommates,Renters Insurance With Roommates | brightplace,your roommate's stuff is not covered by your policy unless they are named on it. here is what to know about renters insurance with roommates.,renters policy insurance,recommended,390,61,commercial
https://www.brightplace.ai/resources/renters-insurance-with-roommates,Renters Insurance With Roommates | brightplace,your roommate's stuff is not covered by your policy unless they are named on it. here is what to know about renters insurance with roommates.,renters insurance cover,recommended,260,56,informational
https://www.brightplace.ai/resources/renters-insurance-with-roommates,Renters Insurance With Roommates | brightplace,your roommate's stuff is not covered by your policy unless they are named on it. here is what to know about renters insurance with roommates.,renters insurance plans,recommended,390,63,"informational, commercial"
https://www.brightplace.ai/resources/renters-insurance-with-roommates,Renters Insurance With Roommates | brightplace,your roommate's stuff is not covered by your policy unless they are named on it. here is what to know about renters insurance with roommates.,renters insurance for tenants,recommended,260,63,informational
https://www.brightplace.ai/resources/renters-insurance-with-roommates,Renters Insurance With Roommates | brightplace,your roommate's stuff is not covered by your policy unless they are named on it. here is what to know about renters insurance with roommates.,renters insurance for an apartment,recommended,260,63,informational
https://www.brightplace.ai/resources/renters-insurance-with-roommates,Renters Insurance With Roommates | brightplace,your roommate's stuff is not covered by your policy unless they are named on it. here is what to know about renters insurance with roommates.,renters liability insurance,recommended,2900,59,informational
https://www.brightplace.ai/resources/renters-insurance-with-roommates,Renters Insurance With Roommates | brightplace,your roommate's stuff is not covered by your policy unless they are named on it. here is what to know about renters insurance with roommates.,renters insurance options,recommended,110,63,"informational, commercial"
https://www.brightplace.ai/resources/cat-friendly-apartments,Cat-Friendly Apartments Near Me | brightplace,"most pets allowed listings don't automatically mean cats are welcome. here is how to find apartments that accept cats, what fees to expect, and what to confirm.",apartments that allow pets near me,recommended,720,25,transactional
https://www.brightplace.ai/resources/cat-friendly-apartments,Cat-Friendly Apartments Near Me | brightplace,"most pets allowed listings don't automatically mean cats are welcome. here is how to find apartments that accept cats, what fees to expect, and what to confirm.",apartments for rent near me that allow pets,recommended,170,18,transactional
https://www.brightplace.ai/resources/cat-friendly-apartments,Cat-Friendly Apartments Near Me | brightplace,"most pets allowed listings don't automatically mean cats are welcome. here is how to find apartments that accept cats, what fees to expect, and what to confirm.",pet allowed apartments for rent,recommended,320,33,commercial
https://www.brightplace.ai/resources/cat-friendly-apartments,Cat-Friendly Apartments Near Me | brightplace,"most pets allowed listings don't automatically mean cats are welcome. here is how to find apartments that accept cats, what fees to expect, and what to confirm.",apartments near me cat friendly,recommended,90,19,transactional
https://www.brightplace.ai/resources/cat-friendly-apartments,Cat-Friendly Apartments Near Me | brightplace,"most pets allowed listings don't automatically mean cats are welcome. here is how to find apartments that accept cats, what fees to expect, and what to confirm.",apartments that allow cats,recommended,140,17,commercial
https://www.brightplace.ai/resources/cat-friendly-apartments,Cat-Friendly Apartments Near Me | brightplace,"most pets allowed listings don't automatically mean cats are welcome. here is how to find apartments that accept cats, what fees to expect, and what to confirm.",apartments for rent pets allowed,recommended,110,31,informational
https://www.brightplace.ai/resources/cat-friendly-apartments,Cat-Friendly Apartments Near Me | brightplace,"most pets allowed listings don't automatically mean cats are welcome. here is how to find apartments that accept cats, what fees to expect, and what to confirm.",apartments that accept pets near me,recommended,50,19,transactional
https://www.brightplace.ai/resources/cat-friendly-apartments,Cat-Friendly Apartments Near Me | brightplace,"most pets allowed listings don't automatically mean cats are welcome. here is how to find apartments that accept cats, what fees to expect, and what to confirm.",apartments near me that allow cats,recommended,40,20,transactional
https://www.brightplace.ai/resources/cat-friendly-apartments,Cat-Friendly Apartments Near Me | brightplace,"most pets allowed listings don't automatically mean cats are welcome. here is how to find apartments that accept cats, what fees to expect, and what to confirm.",apartments for rent cat friendly,recommended,40,17,commercial
https://www.brightplace.ai/resources/cat-friendly-apartments,Cat-Friendly Apartments Near Me | brightplace,"most pets allowed listings don't automatically mean cats are welcome. here is how to find apartments that accept cats, what fees to expect, and what to confirm.",dog and cat friendly apartments near me,recommended,30,19,transactional
https://www.brightplace.ai/resources/cat-friendly-apartments,Cat-Friendly Apartments Near Me | brightplace,"most pets allowed listings don't automatically mean cats are welcome. here is how to find apartments that accept cats, what fees to expect, and what to confirm.",apartments cat friendly,recommended,90,20,transactional
https://www.brightplace.ai/resources/cat-friendly-apartments,Cat-Friendly Apartments Near Me | brightplace,"most pets allowed listings don't automatically mean cats are welcome. here is how to find apartments that accept cats, what fees to expect, and what to confirm.",apartments that accept cats,recommended,0,0,
https://www.brightplace.ai/resources/cat-friendly-apartments,Cat-Friendly Apartments Near Me | brightplace,"most pets allowed listings don't automatically mean cats are welcome. here is how to find apartments that accept cats, what fees to expect, and what to confirm.",finding apartments for cat owners,recommended,0,0,
https://www.brightplace.ai/resources/cat-friendly-apartments,Cat-Friendly Apartments Near Me | brightplace,"most pets allowed listings don't automatically mean cats are welcome. here is how to find apartments that accept cats, what fees to expect, and what to confirm.",cat friendly rentals near me,recommended,0,0,
https://www.brightplace.ai/resources/questions-to-ask-when-touring-an-apartment,Apartment Tour Questions Checklist | brightplace,"questions to ask when touring an apartment, organized by category. covers rent, lease terms, maintenance, policies, and what to look for on your own.",questions to ask when renting an apartment checklist,recommended,140,19,informational
https://www.brightplace.ai/resources/questions-to-ask-when-touring-an-apartment,Apartment Tour Questions Checklist | brightplace,"questions to ask when touring an apartment, organized by category. covers rent, lease terms, maintenance, policies, and what to look for on your own.",apartment tour questions,recommended,210,9,informational
https://www.brightplace.ai/resources/questions-to-ask-when-touring-an-apartment,Apartment Tour Questions Checklist | brightplace,"questions to ask when touring an apartment, organized by category. covers rent, lease terms, maintenance, policies, and what to look for on your own.",what questions to ask when touring an apartment,recommended,170,5,informational
https://www.brightplace.ai/resources/questions-to-ask-when-touring-an-apartment,Apartment Tour Questions Checklist | brightplace,"questions to ask when touring an apartment, organized by category. covers rent, lease terms, maintenance, policies, and what to look for on your own.",things to ask when touring an apartment,recommended,170,20,informational
https://www.brightplace.ai/resources/questions-to-ask-when-touring-an-apartment,Apartment Tour Questions Checklist | brightplace,"questions to ask when touring an apartment, organized by category. covers rent, lease terms, maintenance, policies, and what to look for on your own.",things to ask when looking at apartments,recommended,260,21,informational
https://www.brightplace.ai/resources/questions-to-ask-when-touring-an-apartment,Apartment Tour Questions Checklist | brightplace,"questions to ask when touring an apartment, organized by category. covers rent, lease terms, maintenance, policies, and what to look for on your own.",things to ask before renting an apartment,recommended,210,25,informational
https://www.brightplace.ai/resources/questions-to-ask-when-touring-an-apartment,Apartment Tour Questions Checklist | brightplace,"questions to ask when touring an apartment, organized by category. covers rent, lease terms, maintenance, policies, and what to look for on your own.",questions to ask when renting an apartment,recommended,880,22,informational
https://www.brightplace.ai/resources/questions-to-ask-when-touring-an-apartment,Apartment Tour Questions Checklist | brightplace,"questions to ask when touring an apartment, organized by category. covers rent, lease terms, maintenance, policies, and what to look for on your own.",questions to ask before you rent an apartment,recommended,140,21,informational
https://www.brightplace.ai/resources/questions-to-ask-when-touring-an-apartment,Apartment Tour Questions Checklist | brightplace,"questions to ask when touring an apartment, organized by category. covers rent, lease terms, maintenance, policies, and what to look for on your own.",what to ask apartment tour,recommended,50,9,informational
https://www.brightplace.ai/resources/questions-to-ask-when-touring-an-apartment,Apartment Tour Questions Checklist | brightplace,"questions to ask when touring an apartment, organized by category. covers rent, lease terms, maintenance, policies, and what to look for on your own.",apartment visit checklist,recommended,90,26,informational
https://www.brightplace.ai/resources/questions-to-ask-when-touring-an-apartment,Apartment Tour Questions Checklist | brightplace,"questions to ask when touring an apartment, organized by category. covers rent, lease terms, maintenance, policies, and what to look for on your own.",what to ask when renting an apartment,recommended,260,21,informational
https://www.brightplace.ai/resources/questions-to-ask-when-touring-an-apartment,Apartment Tour Questions Checklist | brightplace,"questions to ask when touring an apartment, organized by category. covers rent, lease terms, maintenance, policies, and what to look for on your own.",question to ask when renting an apartment,recommended,50,18,informational
https://www.brightplace.ai/resources/questions-to-ask-when-touring-an-apartment,Apartment Tour Questions Checklist | brightplace,"questions to ask when touring an apartment, organized by category. covers rent, lease terms, maintenance, policies, and what to look for on your own.",questions to ask at apartment viewing,recommended,50,21,informational
https://www.brightplace.ai/resources/questions-to-ask-when-touring-an-apartment,Apartment Tour Questions Checklist | brightplace,"questions to ask when touring an apartment, organized by category. covers rent, lease terms, maintenance, policies, and what to look for on your own.",questions to ask before moving into an apartment,recommended,140,18,informational
https://www.brightplace.ai/resources/questions-to-ask-when-touring-an-apartment,Apartment Tour Questions Checklist | brightplace,"questions to ask when touring an apartment, organized by category. covers rent, lease terms, maintenance, policies, and what to look for on your own.",questions to ask at apartment tour,recommended,140,22,"informational, commercial"
https://www.brightplace.ai/resources/questions-to-ask-when-touring-an-apartment,Apartment Tour Questions Checklist | brightplace,"questions to ask when touring an apartment, organized by category. covers rent, lease terms, maintenance, policies, and what to look for on your own.",questions to ask when getting an apartment,recommended,110,22,informational
https://www.brightplace.ai/resources/questions-to-ask-when-touring-an-apartment,Apartment Tour Questions Checklist | brightplace,"questions to ask when touring an apartment, organized by category. covers rent, lease terms, maintenance, policies, and what to look for on your own.",questions to ask when seeing an apartment,recommended,70,16,informational
https://www.brightplace.ai/resources/questions-to-ask-when-touring-an-apartment,Apartment Tour Questions Checklist | brightplace,"questions to ask when touring an apartment, organized by category. covers rent, lease terms, maintenance, policies, and what to look for on your own.",what to ask when looking at an apartment,recommended,90,20,informational
https://www.brightplace.ai/resources/questions-to-ask-when-touring-an-apartment,Apartment Tour Questions Checklist | brightplace,"questions to ask when touring an apartment, organized by category. covers rent, lease terms, maintenance, policies, and what to look for on your own.",questions to ask when viewing apartments,recommended,50,16,informational
https://www.brightplace.ai/resources/questions-to-ask-when-touring-an-apartment,Apartment Tour Questions Checklist | brightplace,"questions to ask when touring an apartment, organized by category. covers rent, lease terms, maintenance, policies, and what to look for on your own.",what to look for in apartment tour,recommended,50,19,informational
https://www.brightplace.ai/resources/questions-to-ask-when-touring-an-apartment,Apartment Tour Questions Checklist | brightplace,"questions to ask when touring an apartment, organized by category. covers rent, lease terms, maintenance, policies, and what to look for on your own.",questions to ask at an apartment showing,recommended,70,25,informational
https://www.brightplace.ai/resources/questions-to-ask-when-touring-an-apartment,Apartment Tour Questions Checklist | brightplace,"questions to ask when touring an apartment, organized by category. covers rent, lease terms, maintenance, policies, and what to look for on your own.",apartment tour checklist,recommended,0,0,
https://www.brightplace.ai/resources/questions-to-ask-when-touring-an-apartment,Apartment Tour Questions Checklist | brightplace,"questions to ask when touring an apartment, organized by category. covers rent, lease terms, maintenance, policies, and what to look for on your own.",apartment viewing guide,recommended,0,0,
https://www.brightplace.ai/guides/nashville-corporate-relocation-neighborhoods,Relocating to Nashville: Where to Rent (2026) | brightplace,"nashville neighborhoods framed as a commute decision first. rent ranges, drive times to major employers, and what each area is like after work hours.",where to live in nashville,recommended,140,16,informational
https://www.brightplace.ai/guides/nashville-corporate-relocation-neighborhoods,Relocating to Nashville: Where to Rent (2026) | brightplace,"nashville neighborhoods framed as a commute decision first. rent ranges, drive times to major employers, and what each area is like after work hours.",how much is rent in nashville,recommended,50,39,informational
https://www.brightplace.ai/guides/nashville-corporate-relocation-neighborhoods,Relocating to Nashville: Where to Rent (2026) | brightplace,"nashville neighborhoods framed as a commute decision first. rent ranges, drive times to major employers, and what each area is like after work hours.",where to live in nashville tennessee,recommended,70,23,informational
https://www.brightplace.ai/guides/nashville-corporate-relocation-neighborhoods,Relocating to Nashville: Where to Rent (2026) | brightplace,"nashville neighborhoods framed as a commute decision first. rent ranges, drive times to major employers, and what each area is like after work hours.",nashville apartments,recommended,12100,46,commercial
https://www.brightplace.ai/guides/nashville-corporate-relocation-neighborhoods,Relocating to Nashville: Where to Rent (2026) | brightplace,"nashville neighborhoods framed as a commute decision first. rent ranges, drive times to major employers, and what each area is like after work hours.",houses for rent in nashville tn,recommended,2900,32,commercial
https://www.brightplace.ai/guides/nashville-corporate-relocation-neighborhoods,Relocating to Nashville: Where to Rent (2026) | brightplace,"nashville neighborhoods framed as a commute decision first. rent ranges, drive times to major employers, and what each area is like after work hours.",apartments nashville tn,recommended,2400,53,commercial
https://www.brightplace.ai/guides/nashville-corporate-relocation-neighborhoods,Relocating to Nashville: Where to Rent (2026) | brightplace,"nashville neighborhoods framed as a commute decision first. rent ranges, drive times to major employers, and what each area is like after work hours.",nashville rentals,recommended,1600,48,"informational, transactional"
https://www.brightplace.ai/guides/nashville-corporate-relocation-neighborhoods,Relocating to Nashville: Where to Rent (2026) | brightplace,"nashville neighborhoods framed as a commute decision first. rent ranges, drive times to major employers, and what each area is like after work hours.",house for rent nashville,recommended,1000,39,commercial
https://www.brightplace.ai/guides/nashville-corporate-relocation-neighborhoods,Relocating to Nashville: Where to Rent (2026) | brightplace,"nashville neighborhoods framed as a commute decision first. rent ranges, drive times to major employers, and what each area is like after work hours.",apartments for rent nashville tn,recommended,1600,54,commercial
https://www.brightplace.ai/guides/nashville-corporate-relocation-neighborhoods,Relocating to Nashville: Where to Rent (2026) | brightplace,"nashville neighborhoods framed as a commute decision first. rent ranges, drive times to major employers, and what each area is like after work hours.",rentals in nashville tn,recommended,1300,48,"informational, transactional"
https://www.brightplace.ai/guides/nashville-corporate-relocation-neighborhoods,Relocating to Nashville: Where to Rent (2026) | brightplace,"nashville neighborhoods framed as a commute decision first. rent ranges, drive times to major employers, and what each area is like after work hours.",nashville houses for rent,recommended,590,32,informational
https://www.brightplace.ai/guides/nashville-corporate-relocation-neighborhoods,Relocating to Nashville: Where to Rent (2026) | brightplace,"nashville neighborhoods framed as a commute decision first. rent ranges, drive times to major employers, and what each area is like after work hours.",for rent nashville tn,recommended,720,46,"informational, transactional"
https://www.brightplace.ai/guides/nashville-corporate-relocation-neighborhoods,Relocating to Nashville: Where to Rent (2026) | brightplace,"nashville neighborhoods framed as a commute decision first. rent ranges, drive times to major employers, and what each area is like after work hours.",nashville rent,recommended,720,50,"informational, transactional"
https://www.brightplace.ai/guides/nashville-corporate-relocation-neighborhoods,Relocating to Nashville: Where to Rent (2026) | brightplace,"nashville neighborhoods framed as a commute decision first. rent ranges, drive times to major employers, and what each area is like after work hours.",places to rent in nashville,recommended,590,49,commercial
https://www.brightplace.ai/guides/nashville-corporate-relocation-neighborhoods,Relocating to Nashville: Where to Rent (2026) | brightplace,"nashville neighborhoods framed as a commute decision first. rent ranges, drive times to major employers, and what each area is like after work hours.",relocating to nashville,recommended,170,19,informational
https://www.brightplace.ai/guides/nashville-corporate-relocation-neighborhoods,Relocating to Nashville: Where to Rent (2026) | brightplace,"nashville neighborhoods framed as a commute decision first. rent ranges, drive times to major employers, and what each area is like after work hours.",best places to live near nashville,recommended,210,25,commercial
https://www.brightplace.ai/guides/nashville-corporate-relocation-neighborhoods,Relocating to Nashville: Where to Rent (2026) | brightplace,"nashville neighborhoods framed as a commute decision first. rent ranges, drive times to major employers, and what each area is like after work hours.",apartment nashville tn,recommended,390,49,commercial
https://www.brightplace.ai/guides/nashville-corporate-relocation-neighborhoods,Relocating to Nashville: Where to Rent (2026) | brightplace,"nashville neighborhoods framed as a commute decision first. rent ranges, drive times to major employers, and what each area is like after work hours.",apartments in downtown nashville,recommended,390,49,navigational
https://www.brightplace.ai/guides/nashville-corporate-relocation-neighborhoods,Relocating to Nashville: Where to Rent (2026) | brightplace,"nashville neighborhoods framed as a commute decision first. rent ranges, drive times to major employers, and what each area is like after work hours.",nashville rental homes,recommended,140,30,informational
https://www.brightplace.ai/guides/nashville-corporate-relocation-neighborhoods,Relocating to Nashville: Where to Rent (2026) | brightplace,"nashville neighborhoods framed as a commute decision first. rent ranges, drive times to major employers, and what each area is like after work hours.",house rental nashville tn,recommended,140,30,commercial
https://www.brightplace.ai/guides/nashville-corporate-relocation-neighborhoods,Relocating to Nashville: Where to Rent (2026) | brightplace,"nashville neighborhoods framed as a commute decision first. rent ranges, drive times to major employers, and what each area is like after work hours.",nashville relocation guide,recommended,50,7,informational
https://www.brightplace.ai/guides/nashville-corporate-relocation-neighborhoods,Relocating to Nashville: Where to Rent (2026) | brightplace,"nashville neighborhoods framed as a commute decision first. rent ranges, drive times to major employers, and what each area is like after work hours.",home for rent nashville,recommended,110,27,informational
https://www.brightplace.ai/guides/nashville-corporate-relocation-neighborhoods,Relocating to Nashville: Where to Rent (2026) | brightplace,"nashville neighborhoods framed as a commute decision first. rent ranges, drive times to major employers, and what each area is like after work hours.",nashville housing,recommended,390,60,commercial
https://www.brightplace.ai/guides/nashville-corporate-relocation-neighborhoods,Relocating to Nashville: Where to Rent (2026) | brightplace,"nashville neighborhoods framed as a commute decision first. rent ranges, drive times to major employers, and what each area is like after work hours.",apartment for rent nashville tn,recommended,260,50,commercial
https://www.brightplace.ai/guides/nashville-corporate-relocation-neighborhoods,Relocating to Nashville: Where to Rent (2026) | brightplace,"nashville neighborhoods framed as a commute decision first. rent ranges, drive times to major employers, and what each area is like after work hours.",rental housing nashville tn,recommended,210,49,commercial
https://www.brightplace.ai/guides/nashville-corporate-relocation-neighborhoods,Relocating to Nashville: Where to Rent (2026) | brightplace,"nashville neighborhoods framed as a commute decision first. rent ranges, drive times to major employers, and what each area is like after work hours.",rent in nashville tn,recommended,210,49,informational
https://www.brightplace.ai/guides/nashville-corporate-relocation-neighborhoods,Relocating to Nashville: Where to Rent (2026) | brightplace,"nashville neighborhoods framed as a commute decision first. rent ranges, drive times to major employers, and what each area is like after work hours.",best places to live in nashville,recommended,590,20,commercial
https://www.brightplace.ai/guides/nashville-corporate-relocation-neighborhoods,Relocating to Nashville: Where to Rent (2026) | brightplace,"nashville neighborhoods framed as a commute decision first. rent ranges, drive times to major employers, and what each area is like after work hours.",apartments for sale in nashville,recommended,50,15,transactional
https://www.brightplace.ai/guides/nashville-corporate-relocation-neighborhoods,Relocating to Nashville: Where to Rent (2026) | brightplace,"nashville neighborhoods framed as a commute decision first. rent ranges, drive times to major employers, and what each area is like after work hours.",places to live in nashville,recommended,50,18,informational
https://www.brightplace.ai/guides/nashville-corporate-relocation-neighborhoods,Relocating to Nashville: Where to Rent (2026) | brightplace,"nashville neighborhoods framed as a commute decision first. rent ranges, drive times to major employers, and what each area is like after work hours.",apt for rent nashville tn,recommended,210,52,commercial
https://www.brightplace.ai/resources/century-university-city-apartments-charlotte,Century University City Charlotte NC | brightplace,"century university city offers 1-3br apartments in charlotte's university city. pricing, comparisons, and what to know before touring.",university apartments charlotte nc,recommended,210,41,commercial
https://www.brightplace.ai/resources/century-university-city-apartments-charlotte,Century University City Charlotte NC | brightplace,"century university city offers 1-3br apartments in charlotte's university city. pricing, comparisons, and what to know before touring.",university charlotte apartments,recommended,50,36,commercial
https://www.brightplace.ai/resources/century-university-city-apartments-charlotte,Century University City Charlotte NC | brightplace,"century university city offers 1-3br apartments in charlotte's university city. pricing, comparisons, and what to know before touring.",apartments for rent university city charlotte,recommended,0,0,
https://www.brightplace.ai/resources/century-university-city-apartments-charlotte,Century University City Charlotte NC | brightplace,"century university city offers 1-3br apartments in charlotte's university city. pricing, comparisons, and what to know before touring.",charlotte university city rentals,recommended,0,0,
https://www.brightplace.ai/resources/century-university-city-apartments-charlotte,Century University City Charlotte NC | brightplace,"century university city offers 1-3br apartments in charlotte's university city. pricing, comparisons, and what to know before touring.",century university city apartments,recommended,0,0,
https://www.brightplace.ai/resources/century-university-city-apartments-charlotte,Century University City Charlotte NC | brightplace,"century university city offers 1-3br apartments in charlotte's university city. pricing, comparisons, and what to know before touring.",apartments in university city area charlotte nc,recommended,170,33,"navigational, commercial"
https://www.brightplace.ai/resources/century-university-city-apartments-charlotte,Century University City Charlotte NC | brightplace,"century university city offers 1-3br apartments in charlotte's university city. pricing, comparisons, and what to know before touring.",apartments in university city charlotte,recommended,90,34,navigational
https://www.brightplace.ai/resources/century-university-city-apartments-charlotte,Century University City Charlotte NC | brightplace,"century university city offers 1-3br apartments in charlotte's university city. pricing, comparisons, and what to know before touring.",apartments university area charlotte,recommended,50,34,navigational
https://www.brightplace.ai/resources/century-university-city-apartments-charlotte,Century University City Charlotte NC | brightplace,"century university city offers 1-3br apartments in charlotte's university city. pricing, comparisons, and what to know before touring.",apartments near unc charlotte nc,recommended,210,39,commercial
https://www.brightplace.ai/resources/move-in-specials-apartments,Move-In Specials Near Me | brightplace,"move-in specials can cut your upfront rental costs by $500 to $2,000. here is what they include, when they are most common, and how to find them near you.",apartments for rent with move in specials,recommended,260,21,transactional
https://www.brightplace.ai/resources/move-in-specials-apartments,Move-In Specials Near Me | brightplace,"move-in specials can cut your upfront rental costs by $500 to $2,000. here is what they include, when they are most common, and how to find them near you.",move in special apartments near me,recommended,1000,27,transactional
https://www.brightplace.ai/resources/move-in-specials-apartments,Move-In Specials Near Me | brightplace,"move-in specials can cut your upfront rental costs by $500 to $2,000. here is what they include, when they are most common, and how to find them near you.",apartments move in special,recommended,720,25,transactional
https://www.brightplace.ai/resources/move-in-specials-apartments,Move-In Specials Near Me | brightplace,"move-in specials can cut your upfront rental costs by $500 to $2,000. here is what they include, when they are most common, and how to find them near you.",move in specials,recommended,1900,14,informational
https://www.brightplace.ai/resources/move-in-specials-apartments,Move-In Specials Near Me | brightplace,"move-in specials can cut your upfront rental costs by $500 to $2,000. here is what they include, when they are most common, and how to find them near you.",apt move in specials,recommended,590,13,commercial
https://www.brightplace.ai/resources/move-in-specials-apartments,Move-In Specials Near Me | brightplace,"move-in specials can cut your upfront rental costs by $500 to $2,000. here is what they include, when they are most common, and how to find them near you.",move in apartment specials near me,recommended,390,19,transactional
https://www.brightplace.ai/resources/move-in-specials-apartments,Move-In Specials Near Me | brightplace,"move-in specials can cut your upfront rental costs by $500 to $2,000. here is what they include, when they are most common, and how to find them near you.",apartment with move in specials near me,recommended,170,10,transactional
https://www.brightplace.ai/resources/move-in-specials-apartments,Move-In Specials Near Me | brightplace,"move-in specials can cut your upfront rental costs by $500 to $2,000. here is what they include, when they are most common, and how to find them near you.",apartments near me with move in specials,recommended,480,26,transactional
https://www.brightplace.ai/resources/move-in-specials-apartments,Move-In Specials Near Me | brightplace,"move-in specials can cut your upfront rental costs by $500 to $2,000. here is what they include, when they are most common, and how to find them near you.",move in specials apartments,recommended,880,35,navigational
https://www.brightplace.ai/resources/move-in-specials-apartments,Move-In Specials Near Me | brightplace,"move-in specials can cut your upfront rental costs by $500 to $2,000. here is what they include, when they are most common, and how to find them near you.",move in special near me,recommended,390,26,transactional
https://www.brightplace.ai/resources/move-in-specials-apartments,Move-In Specials Near Me | brightplace,"move-in specials can cut your upfront rental costs by $500 to $2,000. here is what they include, when they are most common, and how to find them near you.",move in specials for apartments,recommended,170,16,commercial
https://www.brightplace.ai/resources/move-in-specials-apartments,Move-In Specials Near Me | brightplace,"move-in specials can cut your upfront rental costs by $500 to $2,000. here is what they include, when they are most common, and how to find them near you.",free move in specials,recommended,70,6,informational
https://www.brightplace.ai/resources/move-in-specials-apartments,Move-In Specials Near Me | brightplace,"move-in specials can cut your upfront rental costs by $500 to $2,000. here is what they include, when they are most common, and how to find them near you.",apartment for rent move in specials,recommended,90,17,informational
https://www.brightplace.ai/resources/move-in-specials-apartments,Move-In Specials Near Me | brightplace,"move-in specials can cut your upfront rental costs by $500 to $2,000. here is what they include, when they are most common, and how to find them near you.",cheap move in specials near me,recommended,110,21,"informational, transactional"
https://www.brightplace.ai/resources/move-in-specials-apartments,Move-In Specials Near Me | brightplace,"move-in specials can cut your upfront rental costs by $500 to $2,000. here is what they include, when they are most common, and how to find them near you.",free move in specials near me,recommended,40,7,transactional
https://www.brightplace.ai/resources/move-in-specials-apartments,Move-In Specials Near Me | brightplace,"move-in specials can cut your upfront rental costs by $500 to $2,000. here is what they include, when they are most common, and how to find them near you.",moving specials for apartments,recommended,70,16,informational
https://www.brightplace.ai/resources/move-in-specials-apartments,Move-In Specials Near Me | brightplace,"move-in specials can cut your upfront rental costs by $500 to $2,000. here is what they include, when they are most common, and how to find them near you.",move in apartment specials,recommended,70,22,informational
https://www.brightplace.ai/resources/move-in-specials-apartments,Move-In Specials Near Me | brightplace,"move-in specials can cut your upfront rental costs by $500 to $2,000. here is what they include, when they are most common, and how to find them near you.",apt move in specials near me,recommended,30,10,transactional
https://www.brightplace.ai/resources/move-in-specials-apartments,Move-In Specials Near Me | brightplace,"move-in specials can cut your upfront rental costs by $500 to $2,000. here is what they include, when they are most common, and how to find them near you.",apts near me with move in specials,recommended,30,11,transactional
https://www.brightplace.ai/resources/move-in-specials-apartments,Move-In Specials Near Me | brightplace,"move-in specials can cut your upfront rental costs by $500 to $2,000. here is what they include, when they are most common, and how to find them near you.",move in deals,recommended,30,20,informational
https://www.brightplace.ai/resources/move-in-specials-apartments,Move-In Specials Near Me | brightplace,"move-in specials can cut your upfront rental costs by $500 to $2,000. here is what they include, when they are most common, and how to find them near you.",houses with move in specials,recommended,30,37,informational
https://www.brightplace.ai/resources/move-in-specials-apartments,Move-In Specials Near Me | brightplace,"move-in specials can cut your upfront rental costs by $500 to $2,000. here is what they include, when they are most common, and how to find them near you.",houses for rent with move in specials,recommended,50,46,transactional
https://www.brightplace.ai/resources/move-in-specials-apartments,Move-In Specials Near Me | brightplace,"move-in specials can cut your upfront rental costs by $500 to $2,000. here is what they include, when they are most common, and how to find them near you.",rental move in specials near me,recommended,0,0,
https://www.brightplace.ai/resources/move-in-specials-apartments,Move-In Specials Near Me | brightplace,"move-in specials can cut your upfront rental costs by $500 to $2,000. here is what they include, when they are most common, and how to find them near you.",apartments with move in deals,recommended,0,0,
https://www.brightplace.ai/category/renter-advice,Renter Advice and How-To Guides | brightplace,"how-to guides for renters covering budgeting, true monthly costs, credit, applications, and lease signing. the financial context most guides skip.",tips for renting an apartment,recommended,110,21,informational
https://www.brightplace.ai/category/renter-advice,Renter Advice and How-To Guides | brightplace,"how-to guides for renters covering budgeting, true monthly costs, credit, applications, and lease signing. the financial context most guides skip.",apartment tips,recommended,110,14,informational
https://www.brightplace.ai/category/renter-advice,Renter Advice and How-To Guides | brightplace,"how-to guides for renters covering budgeting, true monthly costs, credit, applications, and lease signing. the financial context most guides skip.",renter advice,recommended,0,0,
https://www.brightplace.ai/category/renter-advice,Renter Advice and How-To Guides | brightplace,"how-to guides for renters covering budgeting, true monthly costs, credit, applications, and lease signing. the financial context most guides skip.",how to rent an apartment guide,recommended,0,0,
https://www.brightplace.ai/category/renter-advice,Renter Advice and How-To Guides | brightplace,"how-to guides for renters covering budgeting, true monthly costs, credit, applications, and lease signing. the financial context most guides skip.",apartment budgeting tips,recommended,0,0,
https://www.brightplace.ai/resources/redstone-ranch-denver,Redstone Ranch Denver Apartments | brightplace,"redstone ranch is a denver apartment community near dia. rent prices, amenities, pet policy, and neighborhood context for renters.",colorado denver apartments,recommended,110,55,commercial
https://www.brightplace.ai/resources/redstone-ranch-denver,Redstone Ranch Denver Apartments | brightplace,"redstone ranch is a denver apartment community near dia. rent prices, amenities, pet policy, and neighborhood context for renters.",redstone ranch apartments denver,recommended,0,0,
https://www.brightplace.ai/resources/redstone-ranch-denver,Redstone Ranch Denver Apartments | brightplace,"redstone ranch is a denver apartment community near dia. rent prices, amenities, pet policy, and neighborhood context for renters.",apartments for rent denver redstone,recommended,0,0,
https://www.brightplace.ai/guides/austin-young-professionals,Austin Neighborhoods for Young Professionals | brightplace,"where to live in austin in your 20s and 30s. rent ranges, walkability, nightlife, and commute times for neighborhoods that fit the way you actually live.",austin neighborhoods for young professionals,recommended,0,0,
https://www.brightplace.ai/guides/austin-young-professionals,Austin Neighborhoods for Young Professionals | brightplace,"where to live in austin in your 20s and 30s. rent ranges, walkability, nightlife, and commute times for neighborhoods that fit the way you actually live.",best austin areas for 20s and 30s,recommended,0,0,
https://www.brightplace.ai/guides/austin-young-professionals,Austin Neighborhoods for Young Professionals | brightplace,"where to live in austin in your 20s and 30s. rent ranges, walkability, nightlife, and commute times for neighborhoods that fit the way you actually live.",apartments for rent austin young adults,recommended,0,0,
https://www.brightplace.ai/guides/austin-young-professionals,Austin Neighborhoods for Young Professionals | brightplace,"where to live in austin in your 20s and 30s. rent ranges, walkability, nightlife, and commute times for neighborhoods that fit the way you actually live.",best neighborhoods in austin for young professionals,recommended,110,0,commercial
https://www.brightplace.ai/guides/austin-young-professionals,Austin Neighborhoods for Young Professionals | brightplace,"where to live in austin in your 20s and 30s. rent ranges, walkability, nightlife, and commute times for neighborhoods that fit the way you actually live.",best places to live in austin texas for young adults,recommended,50,9,commercial
https://www.brightplace.ai/guides/phoenix-renters-orientation,Renting in Phoenix: Neighborhood Guide (2026) | brightplace,"the phoenix metro for renters. rent from $1,100 to $2,000+/mo, neighborhood breakdowns, commute times, and what sprawl actually means for daily life.",how much is rent in phoenix,recommended,70,32,informational
https://www.brightplace.ai/guides/phoenix-renters-orientation,Renting in Phoenix: Neighborhood Guide (2026) | brightplace,"the phoenix metro for renters. rent from $1,100 to $2,000+/mo, neighborhood breakdowns, commute times, and what sprawl actually means for daily life.",how much is rent in phoenix arizona,recommended,90,49,informational
https://www.brightplace.ai/guides/phoenix-renters-orientation,Renting in Phoenix: Neighborhood Guide (2026) | brightplace,"the phoenix metro for renters. rent from $1,100 to $2,000+/mo, neighborhood breakdowns, commute times, and what sprawl actually means for daily life.",houses for rent phoenix az,recommended,1900,46,commercial
https://www.brightplace.ai/guides/phoenix-renters-orientation,Renting in Phoenix: Neighborhood Guide (2026) | brightplace,"the phoenix metro for renters. rent from $1,100 to $2,000+/mo, neighborhood breakdowns, commute times, and what sprawl actually means for daily life.",phoenix rentals,recommended,1600,47,informational
https://www.brightplace.ai/guides/phoenix-renters-orientation,Renting in Phoenix: Neighborhood Guide (2026) | brightplace,"the phoenix metro for renters. rent from $1,100 to $2,000+/mo, neighborhood breakdowns, commute times, and what sprawl actually means for daily life.",phoenix rental housing,recommended,1900,59,informational
https://www.brightplace.ai/guides/phoenix-renters-orientation,Renting in Phoenix: Neighborhood Guide (2026) | brightplace,"the phoenix metro for renters. rent from $1,100 to $2,000+/mo, neighborhood breakdowns, commute times, and what sprawl actually means for daily life.",houses for rent in phoenix,recommended,880,45,informational
https://www.brightplace.ai/guides/phoenix-renters-orientation,Renting in Phoenix: Neighborhood Guide (2026) | brightplace,"the phoenix metro for renters. rent from $1,100 to $2,000+/mo, neighborhood breakdowns, commute times, and what sprawl actually means for daily life.",phoenix homes for rent,recommended,480,45,informational
https://www.brightplace.ai/guides/phoenix-renters-orientation,Renting in Phoenix: Neighborhood Guide (2026) | brightplace,"the phoenix metro for renters. rent from $1,100 to $2,000+/mo, neighborhood breakdowns, commute times, and what sprawl actually means for daily life.",rental homes phoenix,recommended,320,43,informational
https://www.brightplace.ai/guides/phoenix-renters-orientation,Renting in Phoenix: Neighborhood Guide (2026) | brightplace,"the phoenix metro for renters. rent from $1,100 to $2,000+/mo, neighborhood breakdowns, commute times, and what sprawl actually means for daily life.",rentals phoenix az,recommended,390,46,commercial
https://www.brightplace.ai/guides/phoenix-renters-orientation,Renting in Phoenix: Neighborhood Guide (2026) | brightplace,"the phoenix metro for renters. rent from $1,100 to $2,000+/mo, neighborhood breakdowns, commute times, and what sprawl actually means for daily life.",homes for rent in phoenix area,recommended,390,50,commercial
https://www.brightplace.ai/guides/phoenix-renters-orientation,Renting in Phoenix: Neighborhood Guide (2026) | brightplace,"the phoenix metro for renters. rent from $1,100 to $2,000+/mo, neighborhood breakdowns, commute times, and what sprawl actually means for daily life.",homes for rent north phoenix az,recommended,110,21,informational
https://www.brightplace.ai/guides/phoenix-renters-orientation,Renting in Phoenix: Neighborhood Guide (2026) | brightplace,"the phoenix metro for renters. rent from $1,100 to $2,000+/mo, neighborhood breakdowns, commute times, and what sprawl actually means for daily life.",phoenix az rent,recommended,390,51,"informational, transactional"
https://www.brightplace.ai/guides/phoenix-renters-orientation,Renting in Phoenix: Neighborhood Guide (2026) | brightplace,"the phoenix metro for renters. rent from $1,100 to $2,000+/mo, neighborhood breakdowns, commute times, and what sprawl actually means for daily life.",houses for rent in north phoenix,recommended,90,17,informational
https://www.brightplace.ai/guides/phoenix-renters-orientation,Renting in Phoenix: Neighborhood Guide (2026) | brightplace,"the phoenix metro for renters. rent from $1,100 to $2,000+/mo, neighborhood breakdowns, commute times, and what sprawl actually means for daily life.",rentals in phoenix,recommended,320,47,informational
https://www.brightplace.ai/guides/phoenix-renters-orientation,Renting in Phoenix: Neighborhood Guide (2026) | brightplace,"the phoenix metro for renters. rent from $1,100 to $2,000+/mo, neighborhood breakdowns, commute times, and what sprawl actually means for daily life.",rent a home phoenix,recommended,260,50,informational
https://www.brightplace.ai/guides/phoenix-renters-orientation,Renting in Phoenix: Neighborhood Guide (2026) | brightplace,"the phoenix metro for renters. rent from $1,100 to $2,000+/mo, neighborhood breakdowns, commute times, and what sprawl actually means for daily life.",for rent in phoenix az,recommended,210,50,informational
https://www.brightplace.ai/guides/phoenix-renters-orientation,Renting in Phoenix: Neighborhood Guide (2026) | brightplace,"the phoenix metro for renters. rent from $1,100 to $2,000+/mo, neighborhood breakdowns, commute times, and what sprawl actually means for daily life.",rent houses phoenix az,recommended,880,46,informational
https://www.brightplace.ai/guides/phoenix-renters-orientation,Renting in Phoenix: Neighborhood Guide (2026) | brightplace,"the phoenix metro for renters. rent from $1,100 to $2,000+/mo, neighborhood breakdowns, commute times, and what sprawl actually means for daily life.",phoenix rent prices,recommended,90,30,transactional
https://www.brightplace.ai/guides/phoenix-renters-orientation,Renting in Phoenix: Neighborhood Guide (2026) | brightplace,"the phoenix metro for renters. rent from $1,100 to $2,000+/mo, neighborhood breakdowns, commute times, and what sprawl actually means for daily life.",rent apartment in phoenix arizona,recommended,260,58,commercial
https://www.brightplace.ai/guides/phoenix-renters-orientation,Renting in Phoenix: Neighborhood Guide (2026) | brightplace,"the phoenix metro for renters. rent from $1,100 to $2,000+/mo, neighborhood breakdowns, commute times, and what sprawl actually means for daily life.",homes for rent in phoenix arizona,recommended,140,42,informational
https://www.brightplace.ai/guides/phoenix-renters-orientation,Renting in Phoenix: Neighborhood Guide (2026) | brightplace,"the phoenix metro for renters. rent from $1,100 to $2,000+/mo, neighborhood breakdowns, commute times, and what sprawl actually means for daily life.",rental properties phoenix az,recommended,170,50,commercial
https://www.brightplace.ai/guides/phoenix-renters-orientation,Renting in Phoenix: Neighborhood Guide (2026) | brightplace,"the phoenix metro for renters. rent from $1,100 to $2,000+/mo, neighborhood breakdowns, commute times, and what sprawl actually means for daily life.",rental homes in phoenix az,recommended,140,47,commercial
https://www.brightplace.ai/guides/phoenix-renters-orientation,Renting in Phoenix: Neighborhood Guide (2026) | brightplace,"the phoenix metro for renters. rent from $1,100 to $2,000+/mo, neighborhood breakdowns, commute times, and what sprawl actually means for daily life.",rent a home in phoenix,recommended,170,50,informational
https://www.brightplace.ai/guides/phoenix-renters-orientation,Renting in Phoenix: Neighborhood Guide (2026) | brightplace,"the phoenix metro for renters. rent from $1,100 to $2,000+/mo, neighborhood breakdowns, commute times, and what sprawl actually means for daily life.",places to rent in phoenix,recommended,140,51,informational
https://www.brightplace.ai/guides/phoenix-renters-orientation,Renting in Phoenix: Neighborhood Guide (2026) | brightplace,"the phoenix metro for renters. rent from $1,100 to $2,000+/mo, neighborhood breakdowns, commute times, and what sprawl actually means for daily life.",rental houses in phoenix,recommended,90,43,informational
https://www.brightplace.ai/guides/phoenix-renters-orientation,Renting in Phoenix: Neighborhood Guide (2026) | brightplace,"the phoenix metro for renters. rent from $1,100 to $2,000+/mo, neighborhood breakdowns, commute times, and what sprawl actually means for daily life.",rent homes in phoenix az,recommended,90,43,informational
https://www.brightplace.ai/guides/phoenix-renters-orientation,Renting in Phoenix: Neighborhood Guide (2026) | brightplace,"the phoenix metro for renters. rent from $1,100 to $2,000+/mo, neighborhood breakdowns, commute times, and what sprawl actually means for daily life.",rental phoenix az,recommended,110,49,"informational, transactional"
https://www.brightplace.ai/guides/phoenix-renters-orientation,Renting in Phoenix: Neighborhood Guide (2026) | brightplace,"the phoenix metro for renters. rent from $1,100 to $2,000+/mo, neighborhood breakdowns, commute times, and what sprawl actually means for daily life.",phoenix arizona rentals,recommended,110,52,"informational, transactional"
https://www.brightplace.ai/guides/phoenix-renters-orientation,Renting in Phoenix: Neighborhood Guide (2026) | brightplace,"the phoenix metro for renters. rent from $1,100 to $2,000+/mo, neighborhood breakdowns, commute times, and what sprawl actually means for daily life.",phoenix rent,recommended,480,50,informational
https://www.brightplace.ai/guides/phoenix-renters-orientation,Renting in Phoenix: Neighborhood Guide (2026) | brightplace,"the phoenix metro for renters. rent from $1,100 to $2,000+/mo, neighborhood breakdowns, commute times, and what sprawl actually means for daily life.",rental property in phoenix az,recommended,70,44,commercial
https://www.brightplace.ai/resources/university-village-little-italy-chicago,Little Italy University Village Chicago | brightplace,"university village and little italy sit minutes from downtown chicago. here is what renters should know about rent, transit, and daily life before signing.",apartments near downtown chicago little italy,recommended,0,0,
https://www.brightplace.ai/resources/university-village-little-italy-chicago,Little Italy University Village Chicago | brightplace,"university village and little italy sit minutes from downtown chicago. here is what renters should know about rent, transit, and daily life before signing.",university village little italy chicago apartments,recommended,170,9,informational
https://www.brightplace.ai/resources/university-village-little-italy-chicago,Little Italy University Village Chicago | brightplace,"university village and little italy sit minutes from downtown chicago. here is what renters should know about rent, transit, and daily life before signing.",apartments for rent little italy chicago,recommended,40,12,commercial
https://www.brightplace.ai/resources/university-village-little-italy-chicago,Little Italy University Village Chicago | brightplace,"university village and little italy sit minutes from downtown chicago. here is what renters should know about rent, transit, and daily life before signing.",university village little italy chicago,recommended,5400,28,"informational, transactional"
https://www.brightplace.ai/resources/randolph-towers-ballston-arlington-va,Randolph Towers Ballston Arlington VA | brightplace,"randolph towers ballston va: 509-unit high-rise one block from metro. pricing, amenities, and neighborhood context for renters.",apartments ballston arlington va,recommended,0,0,
https://www.brightplace.ai/resources/randolph-towers-ballston-arlington-va,Randolph Towers Ballston Arlington VA | brightplace,"randolph towers ballston va: 509-unit high-rise one block from metro. pricing, amenities, and neighborhood context for renters.",randolph towers ballston,recommended,0,0,
https://www.brightplace.ai/resources/randolph-towers-ballston-arlington-va,Randolph Towers Ballston Arlington VA | brightplace,"randolph towers ballston va: 509-unit high-rise one block from metro. pricing, amenities, and neighborhood context for renters.",apartments for rent in ballston va,recommended,90,24,commercial
https://www.brightplace.ai/resources/randolph-towers-ballston-arlington-va,Randolph Towers Ballston Arlington VA | brightplace,"randolph towers ballston va: 509-unit high-rise one block from metro. pricing, amenities, and neighborhood context for renters.",apartments near ballston va,recommended,70,27,commercial
https://www.brightplace.ai/resources/randolph-towers-ballston-arlington-va,Randolph Towers Ballston Arlington VA | brightplace,"randolph towers ballston va: 509-unit high-rise one block from metro. pricing, amenities, and neighborhood context for renters.",apartments ballston va,recommended,480,32,navigational
https://www.brightplace.ai/resources/one-bedroom-apartments-bloomington-normal-il,1BR Apartments Bloomington-Normal IL | brightplace,"one bedroom apartments in bloomington-normal, il range from $650 to $1,200/month. here is what renters should know before searching.",one bedroom apartments bloomington normal il,recommended,1300,8,informational
https://www.brightplace.ai/resources/one-bedroom-apartments-bloomington-normal-il,1BR Apartments Bloomington-Normal IL | brightplace,"one bedroom apartments in bloomington-normal, il range from $650 to $1,200/month. here is what renters should know before searching.",one bedroom apartments bloomington indiana,recommended,210,13,informational
https://www.brightplace.ai/resources/one-bedroom-apartments-bloomington-normal-il,1BR Apartments Bloomington-Normal IL | brightplace,"one bedroom apartments in bloomington-normal, il range from $650 to $1,200/month. here is what renters should know before searching.",1 bedroom apartment bloomington,recommended,30,3,informational
https://www.brightplace.ai/resources/one-bedroom-apartments-bloomington-normal-il,1BR Apartments Bloomington-Normal IL | brightplace,"one bedroom apartments in bloomington-normal, il range from $650 to $1,200/month. here is what renters should know before searching.",studio apartments bloomington il,recommended,170,15,commercial
https://www.brightplace.ai/resources/one-bedroom-apartments-bloomington-normal-il,1BR Apartments Bloomington-Normal IL | brightplace,"one bedroom apartments in bloomington-normal, il range from $650 to $1,200/month. here is what renters should know before searching.",homes for rent in bloomington normal il,recommended,40,16,informational
https://www.brightplace.ai/resources/one-bedroom-apartments-bloomington-normal-il,1BR Apartments Bloomington-Normal IL | brightplace,"one bedroom apartments in bloomington-normal, il range from $650 to $1,200/month. here is what renters should know before searching.",one bedroom apartments bloomington il,recommended,70,5,commercial
https://www.brightplace.ai/resources/one-bedroom-apartments-bloomington-normal-il,1BR Apartments Bloomington-Normal IL | brightplace,"one bedroom apartments in bloomington-normal, il range from $650 to $1,200/month. here is what renters should know before searching.",1 bedroom apartments for rent bloomington il,recommended,50,12,commercial
https://www.brightplace.ai/resources/one-bedroom-apartments-bloomington-normal-il,1BR Apartments Bloomington-Normal IL | brightplace,"one bedroom apartments in bloomington-normal, il range from $650 to $1,200/month. here is what renters should know before searching.",apartment rentals bloomington normal il,recommended,140,29,commercial
https://www.brightplace.ai/resources/one-bedroom-apartments-bloomington-normal-il,1BR Apartments Bloomington-Normal IL | brightplace,"one bedroom apartments in bloomington-normal, il range from $650 to $1,200/month. here is what renters should know before searching.",rental homes in bloomington normal il,recommended,70,28,informational
https://www.brightplace.ai/resources/one-bedroom-apartments-bloomington-normal-il,1BR Apartments Bloomington-Normal IL | brightplace,"one bedroom apartments in bloomington-normal, il range from $650 to $1,200/month. here is what renters should know before searching.",apartments in bloomington normal il,recommended,90,33,navigational
https://www.brightplace.ai/resources/one-bedroom-apartments-bloomington-normal-il,1BR Apartments Bloomington-Normal IL | brightplace,"one bedroom apartments in bloomington-normal, il range from $650 to $1,200/month. here is what renters should know before searching.",bloomington normal il studio apartments,recommended,0,0,
https://www.brightplace.ai/resources/one-bedroom-apartments-bloomington-normal-il,1BR Apartments Bloomington-Normal IL | brightplace,"one bedroom apartments in bloomington-normal, il range from $650 to $1,200/month. here is what renters should know before searching.",apartments for rent bloomington normal,recommended,0,0,
https://www.brightplace.ai/resources/one-bedroom-apartments-bloomington-normal-il,1BR Apartments Bloomington-Normal IL | brightplace,"one bedroom apartments in bloomington-normal, il range from $650 to $1,200/month. here is what renters should know before searching.",1 bedroom apartments bloomington in,recommended,320,10,informational
https://www.brightplace.ai/resources/one-bedroom-apartments-bloomington-normal-il,1BR Apartments Bloomington-Normal IL | brightplace,"one bedroom apartments in bloomington-normal, il range from $650 to $1,200/month. here is what renters should know before searching.",1 bedroom apartments for rent bloomington,recommended,40,11,informational
https://www.brightplace.ai/resources/one-bedroom-apartments-bloomington-normal-il,1BR Apartments Bloomington-Normal IL | brightplace,"one bedroom apartments in bloomington-normal, il range from $650 to $1,200/month. here is what renters should know before searching.",one bedroom apartments bloomington,recommended,170,14,informational
https://www.brightplace.ai/guides/ut-austin-student-housing,Off-Campus Apartments Near UT Austin (2026) | brightplace,"where ut austin students live in west campus and beyond. rent per bedroom, distance to campus, bus access, and what each neighborhood is actually like.",austin student accommodation,recommended,1900,36,commercial
https://www.brightplace.ai/guides/ut-austin-student-housing,Off-Campus Apartments Near UT Austin (2026) | brightplace,"where ut austin students live in west campus and beyond. rent per bedroom, distance to campus, bus access, and what each neighborhood is actually like.",apartments near ut campus austin tx,recommended,1900,37,commercial
https://www.brightplace.ai/guides/ut-austin-student-housing,Off-Campus Apartments Near UT Austin (2026) | brightplace,"where ut austin students live in west campus and beyond. rent per bedroom, distance to campus, bus access, and what each neighborhood is actually like.",apartments near ut austin,recommended,1900,45,commercial
https://www.brightplace.ai/guides/ut-austin-student-housing,Off-Campus Apartments Near UT Austin (2026) | brightplace,"where ut austin students live in west campus and beyond. rent per bedroom, distance to campus, bus access, and what each neighborhood is actually like.",student apartments austin tx,recommended,480,50,navigational
https://www.brightplace.ai/guides/ut-austin-student-housing,Off-Campus Apartments Near UT Austin (2026) | brightplace,"where ut austin students live in west campus and beyond. rent per bedroom, distance to campus, bus access, and what each neighborhood is actually like.",austin student housing,recommended,210,34,transactional
https://www.brightplace.ai/guides/ut-austin-student-housing,Off-Campus Apartments Near UT Austin (2026) | brightplace,"where ut austin students live in west campus and beyond. rent per bedroom, distance to campus, bus access, and what each neighborhood is actually like.",west campus housing austin,recommended,210,38,commercial
https://www.brightplace.ai/guides/ut-austin-student-housing,Off-Campus Apartments Near UT Austin (2026) | brightplace,"where ut austin students live in west campus and beyond. rent per bedroom, distance to campus, bus access, and what each neighborhood is actually like.",apartments close to university of texas austin,recommended,1900,43,commercial
https://www.brightplace.ai/guides/ut-austin-student-housing,Off-Campus Apartments Near UT Austin (2026) | brightplace,"where ut austin students live in west campus and beyond. rent per bedroom, distance to campus, bus access, and what each neighborhood is actually like.",student living austin tx,recommended,170,49,commercial
https://www.brightplace.ai/guides/ut-austin-student-housing,Off-Campus Apartments Near UT Austin (2026) | brightplace,"where ut austin students live in west campus and beyond. rent per bedroom, distance to campus, bus access, and what each neighborhood is actually like.",apartments in austin near ut,recommended,140,47,commercial
https://www.brightplace.ai/guides/ut-austin-student-housing,Off-Campus Apartments Near UT Austin (2026) | brightplace,"where ut austin students live in west campus and beyond. rent per bedroom, distance to campus, bus access, and what each neighborhood is actually like.",austin student living,recommended,90,41,transactional
https://www.brightplace.ai/guides/ut-austin-student-housing,Off-Campus Apartments Near UT Austin (2026) | brightplace,"where ut austin students live in west campus and beyond. rent per bedroom, distance to campus, bus access, and what each neighborhood is actually like.",student housing west campus austin tx,recommended,70,36,commercial
https://www.brightplace.ai/guides/ut-austin-student-housing,Off-Campus Apartments Near UT Austin (2026) | brightplace,"where ut austin students live in west campus and beyond. rent per bedroom, distance to campus, bus access, and what each neighborhood is actually like.",west campus housing ut austin,recommended,70,43,commercial
https://www.brightplace.ai/guides/ut-austin-student-housing,Off-Campus Apartments Near UT Austin (2026) | brightplace,"where ut austin students live in west campus and beyond. rent per bedroom, distance to campus, bus access, and what each neighborhood is actually like.",best off campus housing ut austin,recommended,90,39,commercial
https://www.brightplace.ai/guides/ut-austin-student-housing,Off-Campus Apartments Near UT Austin (2026) | brightplace,"where ut austin students live in west campus and beyond. rent per bedroom, distance to campus, bus access, and what each neighborhood is actually like.",north campus austin apartments,recommended,50,29,commercial
https://www.brightplace.ai/guides/ut-austin-student-housing,Off-Campus Apartments Near UT Austin (2026) | brightplace,"where ut austin students live in west campus and beyond. rent per bedroom, distance to campus, bus access, and what each neighborhood is actually like.",apartments for rent near ut austin campus,recommended,70,37,commercial
https://www.brightplace.ai/guides/ut-austin-student-housing,Off-Campus Apartments Near UT Austin (2026) | brightplace,"where ut austin students live in west campus and beyond. rent per bedroom, distance to campus, bus access, and what each neighborhood is actually like.",ut austin apartments north campus,recommended,40,30,transactional
https://www.brightplace.ai/guides/ut-austin-student-housing,Off-Campus Apartments Near UT Austin (2026) | brightplace,"where ut austin students live in west campus and beyond. rent per bedroom, distance to campus, bus access, and what each neighborhood is actually like.",off campus apartments ut austin,recommended,0,0,
https://www.brightplace.ai/guides/ut-austin-student-housing,Off-Campus Apartments Near UT Austin (2026) | brightplace,"where ut austin students live in west campus and beyond. rent per bedroom, distance to campus, bus access, and what each neighborhood is actually like.",best west campus apartments ut austin,recommended,110,10,commercial
https://www.brightplace.ai/guides/ut-austin-student-housing,Off-Campus Apartments Near UT Austin (2026) | brightplace,"where ut austin students live in west campus and beyond. rent per bedroom, distance to campus, bus access, and what each neighborhood is actually like.",west campus austin texas apartments,recommended,170,46,commercial
https://www.brightplace.ai/resources/parkside-at-legacy-plano,Parkside at Legacy Plano TX | brightplace,"parkside at legacy plano: class a apartments in the legacy corridor. location, pricing, tradeoffs, and what renters should know.",legacy square apartments plano,recommended,30,7,commercial
https://www.brightplace.ai/resources/parkside-at-legacy-plano,Parkside at Legacy Plano TX | brightplace,"parkside at legacy plano: class a apartments in the legacy corridor. location, pricing, tradeoffs, and what renters should know.",apartments on plano parkway,recommended,30,25,commercial
https://www.brightplace.ai/resources/parkside-at-legacy-plano,Parkside at Legacy Plano TX | brightplace,"parkside at legacy plano: class a apartments in the legacy corridor. location, pricing, tradeoffs, and what renters should know.",apartments legacy corridor plano,recommended,0,0,
https://www.brightplace.ai/resources/parkside-at-legacy-plano,Parkside at Legacy Plano TX | brightplace,"parkside at legacy plano: class a apartments in the legacy corridor. location, pricing, tradeoffs, and what renters should know.",parkside at legacy plano,recommended,0,0,
https://www.brightplace.ai/resources/parkside-at-legacy-plano,Parkside at Legacy Plano TX | brightplace,"parkside at legacy plano: class a apartments in the legacy corridor. location, pricing, tradeoffs, and what renters should know.",plano tx class a apartments,recommended,0,0,
https://www.brightplace.ai/resources/parkside-at-legacy-plano,Parkside at Legacy Plano TX | brightplace,"parkside at legacy plano: class a apartments in the legacy corridor. location, pricing, tradeoffs, and what renters should know.",legacy townhomes plano,recommended,70,7,commercial
https://www.brightplace.ai/resources/parkside-at-legacy-plano,Parkside at Legacy Plano TX | brightplace,"parkside at legacy plano: class a apartments in the legacy corridor. location, pricing, tradeoffs, and what renters should know.",legacy west plano apartments,recommended,320,22,commercial
https://www.brightplace.ai/resources/parkside-at-legacy-plano,Parkside at Legacy Plano TX | brightplace,"parkside at legacy plano: class a apartments in the legacy corridor. location, pricing, tradeoffs, and what renters should know.",plano legacy apartments,recommended,50,50,commercial
https://www.brightplace.ai/resources/parkside-at-legacy-plano,Parkside at Legacy Plano TX | brightplace,"parkside at legacy plano: class a apartments in the legacy corridor. location, pricing, tradeoffs, and what renters should know.",legacy apt plano tx,recommended,390,52,commercial
https://www.brightplace.ai/resources/luxury-home-rentals-phoenix,Luxury Home Rentals Phoenix AZ | brightplace,"luxury home rentals phoenix range from $3,500 to $25,000+/month across four submarkets. here is how to find the right one.",where to book luxury vacation rentals in phoenix,recommended,110,18,informational
https://www.brightplace.ai/resources/luxury-home-rentals-phoenix,Luxury Home Rentals Phoenix AZ | brightplace,"luxury home rentals phoenix range from $3,500 to $25,000+/month across four submarkets. here is how to find the right one.",house phoenix rent,recommended,2900,53,commercial
https://www.brightplace.ai/resources/luxury-home-rentals-phoenix,Luxury Home Rentals Phoenix AZ | brightplace,"luxury home rentals phoenix range from $3,500 to $25,000+/month across four submarkets. here is how to find the right one.",phoenix arizona rent house,recommended,1900,46,commercial
https://www.brightplace.ai/resources/luxury-home-rentals-phoenix,Luxury Home Rentals Phoenix AZ | brightplace,"luxury home rentals phoenix range from $3,500 to $25,000+/month across four submarkets. here is how to find the right one.",phoenix luxury apartments,recommended,480,34,navigational
https://www.brightplace.ai/resources/luxury-home-rentals-phoenix,Luxury Home Rentals Phoenix AZ | brightplace,"luxury home rentals phoenix range from $3,500 to $25,000+/month across four submarkets. here is how to find the right one.",house for rent phoenix az,recommended,590,45,informational
https://www.brightplace.ai/resources/luxury-home-rentals-phoenix,Luxury Home Rentals Phoenix AZ | brightplace,"luxury home rentals phoenix range from $3,500 to $25,000+/month across four submarkets. here is how to find the right one.",rent house in phoenix,recommended,480,51,informational
https://www.brightplace.ai/resources/luxury-home-rentals-phoenix,Luxury Home Rentals Phoenix AZ | brightplace,"luxury home rentals phoenix range from $3,500 to $25,000+/month across four submarkets. here is how to find the right one.",phoenix house for rent,recommended,320,42,informational
https://www.brightplace.ai/resources/luxury-home-rentals-phoenix,Luxury Home Rentals Phoenix AZ | brightplace,"luxury home rentals phoenix range from $3,500 to $25,000+/month across four submarkets. here is how to find the right one.",house rentals in phoenix az,recommended,390,50,commercial
https://www.brightplace.ai/resources/luxury-home-rentals-phoenix,Luxury Home Rentals Phoenix AZ | brightplace,"luxury home rentals phoenix range from $3,500 to $25,000+/month across four submarkets. here is how to find the right one.",house rentals in phoenix,recommended,170,50,commercial
https://www.brightplace.ai/resources/luxury-home-rentals-phoenix,Luxury Home Rentals Phoenix AZ | brightplace,"luxury home rentals phoenix range from $3,500 to $25,000+/month across four submarkets. here is how to find the right one.",home rentals phoenix az,recommended,140,48,commercial
https://www.brightplace.ai/resources/luxury-home-rentals-phoenix,Luxury Home Rentals Phoenix AZ | brightplace,"luxury home rentals phoenix range from $3,500 to $25,000+/month across four submarkets. here is how to find the right one.",luxury homes in phoenix,recommended,110,22,commercial
https://www.brightplace.ai/resources/luxury-home-rentals-phoenix,Luxury Home Rentals Phoenix AZ | brightplace,"luxury home rentals phoenix range from $3,500 to $25,000+/month across four submarkets. here is how to find the right one.",vacation rentals near phoenix,recommended,70,18,"informational, transactional"
https://www.brightplace.ai/resources/luxury-home-rentals-phoenix,Luxury Home Rentals Phoenix AZ | brightplace,"luxury home rentals phoenix range from $3,500 to $25,000+/month across four submarkets. here is how to find the right one.",phoenix home rentals by owner,recommended,70,37,informational
https://www.brightplace.ai/resources/luxury-home-rentals-phoenix,Luxury Home Rentals Phoenix AZ | brightplace,"luxury home rentals phoenix range from $3,500 to $25,000+/month across four submarkets. here is how to find the right one.",house to rent in phoenix,recommended,70,43,informational
https://www.brightplace.ai/resources/luxury-home-rentals-phoenix,Luxury Home Rentals Phoenix AZ | brightplace,"luxury home rentals phoenix range from $3,500 to $25,000+/month across four submarkets. here is how to find the right one.",phoenix house rentals with pool,recommended,50,16,commercial
https://www.brightplace.ai/resources/luxury-home-rentals-phoenix,Luxury Home Rentals Phoenix AZ | brightplace,"luxury home rentals phoenix range from $3,500 to $25,000+/month across four submarkets. here is how to find the right one.",phoenix arizona home rentals,recommended,40,39,informational
https://www.brightplace.ai/resources/luxury-home-rentals-phoenix,Luxury Home Rentals Phoenix AZ | brightplace,"luxury home rentals phoenix range from $3,500 to $25,000+/month across four submarkets. here is how to find the right one.",rental home phoenix,recommended,140,50,commercial
https://www.brightplace.ai/resources/luxury-home-rentals-phoenix,Luxury Home Rentals Phoenix AZ | brightplace,"luxury home rentals phoenix range from $3,500 to $25,000+/month across four submarkets. here is how to find the right one.",vacation home rentals phoenix area,recommended,40,31,commercial
https://www.brightplace.ai/resources/luxury-home-rentals-phoenix,Luxury Home Rentals Phoenix AZ | brightplace,"luxury home rentals phoenix range from $3,500 to $25,000+/month across four submarkets. here is how to find the right one.",phoenix home rentals,recommended,70,43,informational
https://www.brightplace.ai/resources/luxury-home-rentals-phoenix,Luxury Home Rentals Phoenix AZ | brightplace,"luxury home rentals phoenix range from $3,500 to $25,000+/month across four submarkets. here is how to find the right one.",casas en renta phoenix az,recommended,30,42,informational
https://www.brightplace.ai/resources/luxury-home-rentals-phoenix,Luxury Home Rentals Phoenix AZ | brightplace,"luxury home rentals phoenix range from $3,500 to $25,000+/month across four submarkets. here is how to find the right one.",phoenix rentals house,recommended,30,43,commercial
https://www.brightplace.ai/resources/luxury-home-rentals-phoenix,Luxury Home Rentals Phoenix AZ | brightplace,"luxury home rentals phoenix range from $3,500 to $25,000+/month across four submarkets. here is how to find the right one.",phoenix vacation rental properties,recommended,30,29,commercial
https://www.brightplace.ai/resources/luxury-home-rentals-phoenix,Luxury Home Rentals Phoenix AZ | brightplace,"luxury home rentals phoenix range from $3,500 to $25,000+/month across four submarkets. here is how to find the right one.",house rental phoenix,recommended,40,43,informational
https://www.brightplace.ai/resources/luxury-home-rentals-phoenix,Luxury Home Rentals Phoenix AZ | brightplace,"luxury home rentals phoenix range from $3,500 to $25,000+/month across four submarkets. here is how to find the right one.",mansion rentals phoenix,recommended,140,3,informational
https://www.brightplace.ai/resources/luxury-home-rentals-phoenix,Luxury Home Rentals Phoenix AZ | brightplace,"luxury home rentals phoenix range from $3,500 to $25,000+/month across four submarkets. here is how to find the right one.",phoenix mansions for rent,recommended,30,10,informational
https://www.brightplace.ai/resources/luxury-home-rentals-phoenix,Luxury Home Rentals Phoenix AZ | brightplace,"luxury home rentals phoenix range from $3,500 to $25,000+/month across four submarkets. here is how to find the right one.",vacation homes phoenix rental,recommended,70,13,"informational, transactional"
https://www.brightplace.ai/resources/luxury-home-rentals-phoenix,Luxury Home Rentals Phoenix AZ | brightplace,"luxury home rentals phoenix range from $3,500 to $25,000+/month across four submarkets. here is how to find the right one.",luxury vacation rentals phoenix az,recommended,40,16,commercial
https://www.brightplace.ai/resources/luxury-home-rentals-phoenix,Luxury Home Rentals Phoenix AZ | brightplace,"luxury home rentals phoenix range from $3,500 to $25,000+/month across four submarkets. here is how to find the right one.",luxury house rentals arizona,recommended,140,15,informational
https://www.brightplace.ai/resources/luxury-home-rentals-phoenix,Luxury Home Rentals Phoenix AZ | brightplace,"luxury home rentals phoenix range from $3,500 to $25,000+/month across four submarkets. here is how to find the right one.",luxury rentals phoenix,recommended,320,20,commercial
https://www.brightplace.ai/resources/luxury-home-rentals-phoenix,Luxury Home Rentals Phoenix AZ | brightplace,"luxury home rentals phoenix range from $3,500 to $25,000+/month across four submarkets. here is how to find the right one.",phoenix luxury vacation rentals,recommended,210,19,commercial
https://www.brightplace.ai/resources/rooms-for-rent-huntsville-al,Rooms for Rent Huntsville AL: What to Expect on Price and...,rooms for rent huntsville al cost $500 to $950/month depending on area and inclusions. here is what renters need to know before searching.,house rental huntsville,recommended,320,59,commercial
https://www.brightplace.ai/resources/rooms-for-rent-huntsville-al,Rooms for Rent Huntsville AL: What to Expect on Price and...,rooms for rent huntsville al cost $500 to $950/month depending on area and inclusions. here is what renters need to know before searching.,house rentals in huntsville al,recommended,320,60,informational
https://www.brightplace.ai/resources/rooms-for-rent-huntsville-al,Rooms for Rent Huntsville AL: What to Expect on Price and...,rooms for rent huntsville al cost $500 to $950/month depending on area and inclusions. here is what renters need to know before searching.,cheap hotel rooms in huntsville alabama,recommended,720,29,commercial
https://www.brightplace.ai/resources/rooms-for-rent-huntsville-al,Rooms for Rent Huntsville AL: What to Expect on Price and...,rooms for rent huntsville al cost $500 to $950/month depending on area and inclusions. here is what renters need to know before searching.,rooms for rent huntsville al,recommended,210,6,informational
https://www.brightplace.ai/resources/rooms-for-rent-huntsville-al,Rooms for Rent Huntsville AL: What to Expect on Price and...,rooms for rent huntsville al cost $500 to $950/month depending on area and inclusions. here is what renters need to know before searching.,rooms for rent huntsville alabama,recommended,90,3,commercial
https://www.brightplace.ai/resources/rooms-for-rent-huntsville-al,Rooms for Rent Huntsville AL: What to Expect on Price and...,rooms for rent huntsville al cost $500 to $950/month depending on area and inclusions. here is what renters need to know before searching.,house for rent huntsville,recommended,90,51,informational
https://www.brightplace.ai/resources/rooms-for-rent-huntsville-al,Rooms for Rent Huntsville AL: What to Expect on Price and...,rooms for rent huntsville al cost $500 to $950/month depending on area and inclusions. here is what renters need to know before searching.,places to stay in huntsville al,recommended,390,42,commercial
https://www.brightplace.ai/resources/rooms-for-rent-huntsville-al,Rooms for Rent Huntsville AL: What to Expect on Price and...,rooms for rent huntsville al cost $500 to $950/month depending on area and inclusions. here is what renters need to know before searching.,furnished apartments in huntsville al,recommended,70,11,commercial
https://www.brightplace.ai/resources/rooms-for-rent-huntsville-al,Rooms for Rent Huntsville AL: What to Expect on Price and...,rooms for rent huntsville al cost $500 to $950/month depending on area and inclusions. here is what renters need to know before searching.,huntsville rooms for rent,recommended,30,6,informational
https://www.brightplace.ai/resources/rooms-for-rent-huntsville-al,Rooms for Rent Huntsville AL: What to Expect on Price and...,rooms for rent huntsville al cost $500 to $950/month depending on area and inclusions. here is what renters need to know before searching.,rooms in huntsville,recommended,70,25,commercial
https://www.brightplace.ai/resources/rooms-for-rent-huntsville-al,Rooms for Rent Huntsville AL: What to Expect on Price and...,rooms for rent huntsville al cost $500 to $950/month depending on area and inclusions. here is what renters need to know before searching.,rooms in huntsville al,recommended,70,25,transactional
https://www.brightplace.ai/resources/rooms-for-rent-huntsville-al,Rooms for Rent Huntsville AL: What to Expect on Price and...,rooms for rent huntsville al cost $500 to $950/month depending on area and inclusions. here is what renters need to know before searching.,hotel rooms in huntsville,recommended,140,38,commercial
https://www.brightplace.ai/resources/rooms-for-rent-huntsville-al,Rooms for Rent Huntsville AL: What to Expect on Price and...,rooms for rent huntsville al cost $500 to $950/month depending on area and inclusions. here is what renters need to know before searching.,hotel rooms in huntsville al,recommended,110,39,commercial
https://www.brightplace.ai/resources/rooms-for-rent-huntsville-al,Rooms for Rent Huntsville AL: What to Expect on Price and...,rooms for rent huntsville al cost $500 to $950/month depending on area and inclusions. here is what renters need to know before searching.,huntsville al accommodations,recommended,70,31,transactional
https://www.brightplace.ai/resources/rooms-for-rent-huntsville-al,Rooms for Rent Huntsville AL: What to Expect on Price and...,rooms for rent huntsville al cost $500 to $950/month depending on area and inclusions. here is what renters need to know before searching.,cheap rooms huntsville al,recommended,30,21,commercial
https://www.brightplace.ai/resources/rooms-for-rent-huntsville-al,Rooms for Rent Huntsville AL: What to Expect on Price and...,rooms for rent huntsville al cost $500 to $950/month depending on area and inclusions. here is what renters need to know before searching.,accommodations huntsville,recommended,40,34,commercial
https://www.brightplace.ai/resources/rooms-for-rent-huntsville-al,Rooms for Rent Huntsville AL: What to Expect on Price and...,rooms for rent huntsville al cost $500 to $950/month depending on area and inclusions. here is what renters need to know before searching.,huntsville al room rentals,recommended,0,0,
https://www.brightplace.ai/resources/rooms-for-rent-huntsville-al,Rooms for Rent Huntsville AL: What to Expect on Price and...,rooms for rent huntsville al cost $500 to $950/month depending on area and inclusions. here is what renters need to know before searching.,affordable rooms huntsville,recommended,0,0,
https://www.brightplace.ai/resources/rooms-for-rent-huntsville-al,Rooms for Rent Huntsville AL: What to Expect on Price and...,rooms for rent huntsville al cost $500 to $950/month depending on area and inclusions. here is what renters need to know before searching.,rent huntsville al,recommended,110,49,"informational, transactional"
https://www.brightplace.ai/resources/rooms-for-rent-huntsville-al,Rooms for Rent Huntsville AL: What to Expect on Price and...,rooms for rent huntsville al cost $500 to $950/month depending on area and inclusions. here is what renters need to know before searching.,for rent huntsville,recommended,170,52,informational
https://www.brightplace.ai/resources/rooms-for-rent-huntsville-al,Rooms for Rent Huntsville AL: What to Expect on Price and...,rooms for rent huntsville al cost $500 to $950/month depending on area and inclusions. here is what renters need to know before searching.,huntsville al rental,recommended,90,52,informational
https://www.brightplace.ai/guides/uf-gainesville-student-housing,Off-Campus Apartments Near UF Gainesville | brightplace,"where university of florida students live off campus. apartments by distance to uf, rent per bedroom, bus routes, and what each area is actually like.",uf apartments,recommended,1300,57,commercial
https://www.brightplace.ai/guides/uf-gainesville-student-housing,Off-Campus Apartments Near UF Gainesville | brightplace,"where university of florida students live off campus. apartments by distance to uf, rent per bedroom, bus routes, and what each area is actually like.",gainesville apartments uf,recommended,720,58,commercial
https://www.brightplace.ai/guides/uf-gainesville-student-housing,Off-Campus Apartments Near UF Gainesville | brightplace,"where university of florida students live off campus. apartments by distance to uf, rent per bedroom, bus routes, and what each area is actually like.",apartments near uf,recommended,1600,55,commercial
https://www.brightplace.ai/guides/uf-gainesville-student-housing,Off-Campus Apartments Near UF Gainesville | brightplace,"where university of florida students live off campus. apartments by distance to uf, rent per bedroom, bus routes, and what each area is actually like.",apartments near university of florida,recommended,720,51,commercial
https://www.brightplace.ai/guides/uf-gainesville-student-housing,Off-Campus Apartments Near UF Gainesville | brightplace,"where university of florida students live off campus. apartments by distance to uf, rent per bedroom, bus routes, and what each area is actually like.",student apartments near university of florida reviews,recommended,90,23,commercial
https://www.brightplace.ai/guides/uf-gainesville-student-housing,Off-Campus Apartments Near UF Gainesville | brightplace,"where university of florida students live off campus. apartments by distance to uf, rent per bedroom, bus routes, and what each area is actually like.",student apartments gainesville fl,recommended,590,52,commercial
https://www.brightplace.ai/guides/uf-gainesville-student-housing,Off-Campus Apartments Near UF Gainesville | brightplace,"where university of florida students live off campus. apartments by distance to uf, rent per bedroom, bus routes, and what each area is actually like.",apartments in gainesville near uf,recommended,590,55,commercial
https://www.brightplace.ai/guides/uf-gainesville-student-housing,Off-Campus Apartments Near UF Gainesville | brightplace,"where university of florida students live off campus. apartments by distance to uf, rent per bedroom, bus routes, and what each area is actually like.",gainesville off campus housing,recommended,70,44,commercial
https://www.brightplace.ai/guides/uf-gainesville-student-housing,Off-Campus Apartments Near UF Gainesville | brightplace,"where university of florida students live off campus. apartments by distance to uf, rent per bedroom, bus routes, and what each area is actually like.",student apartments close to uf,recommended,110,44,commercial
https://www.brightplace.ai/guides/uf-gainesville-student-housing,Off-Campus Apartments Near UF Gainesville | brightplace,"where university of florida students live off campus. apartments by distance to uf, rent per bedroom, bus routes, and what each area is actually like.",gainesville florida apartments near uf,recommended,70,39,commercial
https://www.brightplace.ai/guides/uf-gainesville-student-housing,Off-Campus Apartments Near UF Gainesville | brightplace,"where university of florida students live off campus. apartments by distance to uf, rent per bedroom, bus routes, and what each area is actually like.",gainesville apartments near uf campus,recommended,140,50,commercial
https://www.brightplace.ai/guides/uf-gainesville-student-housing,Off-Campus Apartments Near UF Gainesville | brightplace,"where university of florida students live off campus. apartments by distance to uf, rent per bedroom, bus routes, and what each area is actually like.",gainesville fl apartments for rent near uf,recommended,50,38,commercial
https://www.brightplace.ai/guides/uf-gainesville-student-housing,Off-Campus Apartments Near UF Gainesville | brightplace,"where university of florida students live off campus. apartments by distance to uf, rent per bedroom, bus routes, and what each area is actually like.",apartments for rent near uf campus,recommended,30,33,commercial
https://www.brightplace.ai/guides/uf-gainesville-student-housing,Off-Campus Apartments Near UF Gainesville | brightplace,"where university of florida students live off campus. apartments by distance to uf, rent per bedroom, bus routes, and what each area is actually like.",apartments closest to uf campus,recommended,70,53,commercial
https://www.brightplace.ai/guides/uf-gainesville-student-housing,Off-Campus Apartments Near UF Gainesville | brightplace,"where university of florida students live off campus. apartments by distance to uf, rent per bedroom, bus routes, and what each area is actually like.",student living apartments in gainesville fl,recommended,30,44,commercial
https://www.brightplace.ai/guides/uf-gainesville-student-housing,Off-Campus Apartments Near UF Gainesville | brightplace,"where university of florida students live off campus. apartments by distance to uf, rent per bedroom, bus routes, and what each area is actually like.",gainesville apartments for students,recommended,40,50,commercial
https://www.brightplace.ai/guides/uf-gainesville-student-housing,Off-Campus Apartments Near UF Gainesville | brightplace,"where university of florida students live off campus. apartments by distance to uf, rent per bedroom, bus routes, and what each area is actually like.",off campus apartments uf gainesville,recommended,0,0,
https://www.brightplace.ai/guides/uf-gainesville-student-housing,Off-Campus Apartments Near UF Gainesville | brightplace,"where university of florida students live off campus. apartments by distance to uf, rent per bedroom, bus routes, and what each area is actually like.",uf gainesville student housing,recommended,0,0,
https://www.brightplace.ai/guides/charlotte-affordable-neighborhoods,Affordable Neighborhoods in Charlotte NC | brightplace,"where your dollar goes furthest in charlotte. neighborhood-by-neighborhood rent ranges, commute times, and what daily life looks like in each area.",affordable apartments in charlotte nc,recommended,1900,37,commercial
https://www.brightplace.ai/guides/charlotte-affordable-neighborhoods,Affordable Neighborhoods in Charlotte NC | brightplace,"where your dollar goes furthest in charlotte. neighborhood-by-neighborhood rent ranges, commute times, and what daily life looks like in each area.",cheap homes for rent in charlotte nc,recommended,90,20,"informational, commercial"
https://www.brightplace.ai/guides/charlotte-affordable-neighborhoods,Affordable Neighborhoods in Charlotte NC | brightplace,"where your dollar goes furthest in charlotte. neighborhood-by-neighborhood rent ranges, commute times, and what daily life looks like in each area.",charlotte nc areas to live,recommended,90,11,informational
https://www.brightplace.ai/guides/charlotte-affordable-neighborhoods,Affordable Neighborhoods in Charlotte NC | brightplace,"where your dollar goes furthest in charlotte. neighborhood-by-neighborhood rent ranges, commute times, and what daily life looks like in each area.",best neighborhoods to live in charlotte nc,recommended,140,19,commercial
https://www.brightplace.ai/guides/charlotte-affordable-neighborhoods,Affordable Neighborhoods in Charlotte NC | brightplace,"where your dollar goes furthest in charlotte. neighborhood-by-neighborhood rent ranges, commute times, and what daily life looks like in each area.",places to live in charlotte nc,recommended,110,18,informational
https://www.brightplace.ai/guides/charlotte-affordable-neighborhoods,Affordable Neighborhoods in Charlotte NC | brightplace,"where your dollar goes furthest in charlotte. neighborhood-by-neighborhood rent ranges, commute times, and what daily life looks like in each area.",cheap houses for rent in charlotte,recommended,110,31,commercial
https://www.brightplace.ai/guides/charlotte-affordable-neighborhoods,Affordable Neighborhoods in Charlotte NC | brightplace,"where your dollar goes furthest in charlotte. neighborhood-by-neighborhood rent ranges, commute times, and what daily life looks like in each area.",cheap places to rent in charlotte nc,recommended,90,28,commercial
https://www.brightplace.ai/guides/charlotte-affordable-neighborhoods,Affordable Neighborhoods in Charlotte NC | brightplace,"where your dollar goes furthest in charlotte. neighborhood-by-neighborhood rent ranges, commute times, and what daily life looks like in each area.",cheap apts in charlotte nc,recommended,210,33,commercial
https://www.brightplace.ai/guides/charlotte-affordable-neighborhoods,Affordable Neighborhoods in Charlotte NC | brightplace,"where your dollar goes furthest in charlotte. neighborhood-by-neighborhood rent ranges, commute times, and what daily life looks like in each area.",charlotte nc best neighborhoods,recommended,50,14,commercial
https://www.brightplace.ai/guides/charlotte-affordable-neighborhoods,Affordable Neighborhoods in Charlotte NC | brightplace,"where your dollar goes furthest in charlotte. neighborhood-by-neighborhood rent ranges, commute times, and what daily life looks like in each area.",affordable homes for rent in charlotte nc,recommended,30,14,transactional
https://www.brightplace.ai/guides/charlotte-affordable-neighborhoods,Affordable Neighborhoods in Charlotte NC | brightplace,"where your dollar goes furthest in charlotte. neighborhood-by-neighborhood rent ranges, commute times, and what daily life looks like in each area.",best neighborhoods near charlotte nc,recommended,40,17,commercial
https://www.brightplace.ai/guides/charlotte-affordable-neighborhoods,Affordable Neighborhoods in Charlotte NC | brightplace,"where your dollar goes furthest in charlotte. neighborhood-by-neighborhood rent ranges, commute times, and what daily life looks like in each area.",cheap housing in charlotte nc,recommended,30,28,commercial
https://www.brightplace.ai/guides/charlotte-affordable-neighborhoods,Affordable Neighborhoods in Charlotte NC | brightplace,"where your dollar goes furthest in charlotte. neighborhood-by-neighborhood rent ranges, commute times, and what daily life looks like in each area.",charlotte nc budget friendly neighborhoods,recommended,0,0,
https://www.brightplace.ai/guides/charlotte-affordable-neighborhoods,Affordable Neighborhoods in Charlotte NC | brightplace,"where your dollar goes furthest in charlotte. neighborhood-by-neighborhood rent ranges, commute times, and what daily life looks like in each area.",affordable neighborhoods charlotte nc,recommended,0,0,
https://www.brightplace.ai/guides/charlotte-affordable-neighborhoods,Affordable Neighborhoods in Charlotte NC | brightplace,"where your dollar goes furthest in charlotte. neighborhood-by-neighborhood rent ranges, commute times, and what daily life looks like in each area.",cheap places to live charlotte nc,recommended,0,0,
https://www.brightplace.ai/guides/charlotte-affordable-neighborhoods,Affordable Neighborhoods in Charlotte NC | brightplace,"where your dollar goes furthest in charlotte. neighborhood-by-neighborhood rent ranges, commute times, and what daily life looks like in each area.",affordable towns near charlotte nc,recommended,30,11,informational
https://www.brightplace.ai/guides/charlotte-affordable-neighborhoods,Affordable Neighborhoods in Charlotte NC | brightplace,"where your dollar goes furthest in charlotte. neighborhood-by-neighborhood rent ranges, commute times, and what daily life looks like in each area.",affordable suburbs of charlotte nc,recommended,30,13,informational
https://www.brightplace.ai/guides/charlotte-affordable-neighborhoods,Affordable Neighborhoods in Charlotte NC | brightplace,"where your dollar goes furthest in charlotte. neighborhood-by-neighborhood rent ranges, commute times, and what daily life looks like in each area.",charlotte nc best neighborhoods economic,recommended,50,16,commercial
https://www.brightplace.ai/guides/charlotte-affordable-neighborhoods,Affordable Neighborhoods in Charlotte NC | brightplace,"where your dollar goes furthest in charlotte. neighborhood-by-neighborhood rent ranges, commute times, and what daily life looks like in each area.",affordable housing in charlotte,recommended,90,21,commercial
https://www.brightplace.ai/guides/charlotte-affordable-neighborhoods,Affordable Neighborhoods in Charlotte NC | brightplace,"where your dollar goes furthest in charlotte. neighborhood-by-neighborhood rent ranges, commute times, and what daily life looks like in each area.",cheap houses in charlotte nc,recommended,90,22,commercial
https://www.brightplace.ai/guides/charlotte-affordable-neighborhoods,Affordable Neighborhoods in Charlotte NC | brightplace,"where your dollar goes furthest in charlotte. neighborhood-by-neighborhood rent ranges, commute times, and what daily life looks like in each area.",cheap rentals in charlotte nc,recommended,40,27,commercial
https://www.brightplace.ai/guides/charlotte-affordable-neighborhoods,Affordable Neighborhoods in Charlotte NC | brightplace,"where your dollar goes furthest in charlotte. neighborhood-by-neighborhood rent ranges, commute times, and what daily life looks like in each area.",affordable housing in charlotte nc,recommended,260,29,commercial
https://www.brightplace.ai/guides/charlotte-affordable-neighborhoods,Affordable Neighborhoods in Charlotte NC | brightplace,"where your dollar goes furthest in charlotte. neighborhood-by-neighborhood rent ranges, commute times, and what daily life looks like in each area.",cheapest apartments in charlotte nc,recommended,140,32,commercial
https://www.brightplace.ai/guides/charlotte-affordable-neighborhoods,Affordable Neighborhoods in Charlotte NC | brightplace,"where your dollar goes furthest in charlotte. neighborhood-by-neighborhood rent ranges, commute times, and what daily life looks like in each area.",cheap apartments in charlotte nc,recommended,880,36,commercial
https://www.brightplace.ai/guides/charlotte-affordable-neighborhoods,Affordable Neighborhoods in Charlotte NC | brightplace,"where your dollar goes furthest in charlotte. neighborhood-by-neighborhood rent ranges, commute times, and what daily life looks like in each area.",cheap apartments charlotte,recommended,50,37,commercial
https://www.brightplace.ai/resources/3-bedroom-apartments-knoxville-tn,3 Bedroom Apartments Knoxville TN | brightplace,"3-bedroom apartments in knoxville, tn range from $900 to $2,400/month. here is what renters should know about pricing, neighborhoods, and timing.",knoxville apts for rent,recommended,320,41,commercial
https://www.brightplace.ai/resources/3-bedroom-apartments-knoxville-tn,3 Bedroom Apartments Knoxville TN | brightplace,"3-bedroom apartments in knoxville, tn range from $900 to $2,400/month. here is what renters should know about pricing, neighborhoods, and timing.",knoxville 3 bedroom apartments,recommended,50,9,navigational
https://www.brightplace.ai/resources/3-bedroom-apartments-knoxville-tn,3 Bedroom Apartments Knoxville TN | brightplace,"3-bedroom apartments in knoxville, tn range from $900 to $2,400/month. here is what renters should know about pricing, neighborhoods, and timing.",knoxville tennessee apartment rentals,recommended,210,49,commercial
https://www.brightplace.ai/resources/3-bedroom-apartments-knoxville-tn,3 Bedroom Apartments Knoxville TN | brightplace,"3-bedroom apartments in knoxville, tn range from $900 to $2,400/month. here is what renters should know about pricing, neighborhoods, and timing.",apartments near knoxville,recommended,140,41,commercial
https://www.brightplace.ai/resources/3-bedroom-apartments-knoxville-tn,3 Bedroom Apartments Knoxville TN | brightplace,"3-bedroom apartments in knoxville, tn range from $900 to $2,400/month. here is what renters should know about pricing, neighborhoods, and timing.",apts for rent knoxville tn,recommended,110,40,commercial
https://www.brightplace.ai/resources/3-bedroom-apartments-knoxville-tn,3 Bedroom Apartments Knoxville TN | brightplace,"3-bedroom apartments in knoxville, tn range from $900 to $2,400/month. here is what renters should know about pricing, neighborhoods, and timing.",apts in knoxville tn,recommended,210,39,commercial
https://www.brightplace.ai/resources/3-bedroom-apartments-knoxville-tn,3 Bedroom Apartments Knoxville TN | brightplace,"3-bedroom apartments in knoxville, tn range from $900 to $2,400/month. here is what renters should know about pricing, neighborhoods, and timing.",3 bedroom apartments for rent in knoxville,recommended,30,16,commercial
https://www.brightplace.ai/resources/3-bedroom-apartments-knoxville-tn,3 Bedroom Apartments Knoxville TN | brightplace,"3-bedroom apartments in knoxville, tn range from $900 to $2,400/month. here is what renters should know about pricing, neighborhoods, and timing.",apartments in north knoxville tn,recommended,30,16,commercial
https://www.brightplace.ai/resources/3-bedroom-apartments-knoxville-tn,3 Bedroom Apartments Knoxville TN | brightplace,"3-bedroom apartments in knoxville, tn range from $900 to $2,400/month. here is what renters should know about pricing, neighborhoods, and timing.",apartments for rent in north knoxville tn,recommended,30,19,commercial
https://www.brightplace.ai/resources/3-bedroom-apartments-knoxville-tn,3 Bedroom Apartments Knoxville TN | brightplace,"3-bedroom apartments in knoxville, tn range from $900 to $2,400/month. here is what renters should know about pricing, neighborhoods, and timing.",knoxville apartment rentals,recommended,40,43,commercial
https://www.brightplace.ai/resources/3-bedroom-apartments-knoxville-tn,3 Bedroom Apartments Knoxville TN | brightplace,"3-bedroom apartments in knoxville, tn range from $900 to $2,400/month. here is what renters should know about pricing, neighborhoods, and timing.",bedroom apartments knoxville,recommended,40,30,informational
https://www.brightplace.ai/resources/3-bedroom-apartments-knoxville-tn,3 Bedroom Apartments Knoxville TN | brightplace,"3-bedroom apartments in knoxville, tn range from $900 to $2,400/month. here is what renters should know about pricing, neighborhoods, and timing.",knoxville tn 3br apartments,recommended,0,0,
https://www.brightplace.ai/resources/3-bedroom-apartments-knoxville-tn,3 Bedroom Apartments Knoxville TN | brightplace,"3-bedroom apartments in knoxville, tn range from $900 to $2,400/month. here is what renters should know about pricing, neighborhoods, and timing.",3 bedroom houses for rent knoxville tn,recommended,50,12,informational
https://www.brightplace.ai/resources/3-bedroom-apartments-knoxville-tn,3 Bedroom Apartments Knoxville TN | brightplace,"3-bedroom apartments in knoxville, tn range from $900 to $2,400/month. here is what renters should know about pricing, neighborhoods, and timing.",knoxville tn 3 bed,recommended,40,13,transactional
https://www.brightplace.ai/resources/3-bedroom-apartments-knoxville-tn,3 Bedroom Apartments Knoxville TN | brightplace,"3-bedroom apartments in knoxville, tn range from $900 to $2,400/month. here is what renters should know about pricing, neighborhoods, and timing.",apartments in knoxville tennessee,recommended,320,39,commercial
https://www.brightplace.ai/resources/3-bedroom-apartments-knoxville-tn,3 Bedroom Apartments Knoxville TN | brightplace,"3-bedroom apartments in knoxville, tn range from $900 to $2,400/month. here is what renters should know about pricing, neighborhoods, and timing.",apartments knoxville,recommended,720,44,commercial
https://www.brightplace.ai/resources/3-bedroom-apartments-knoxville-tn,3 Bedroom Apartments Knoxville TN | brightplace,"3-bedroom apartments in knoxville, tn range from $900 to $2,400/month. here is what renters should know about pricing, neighborhoods, and timing.",rental apartments knoxville tn,recommended,40,46,commercial
https://www.brightplace.ai/resources/3-bedroom-apartments-knoxville-tn,3 Bedroom Apartments Knoxville TN | brightplace,"3-bedroom apartments in knoxville, tn range from $900 to $2,400/month. here is what renters should know about pricing, neighborhoods, and timing.",knoxville apartments for rent,recommended,1600,49,informational
https://www.brightplace.ai/resources/3-bedroom-apartments-knoxville-tn,3 Bedroom Apartments Knoxville TN | brightplace,"3-bedroom apartments in knoxville, tn range from $900 to $2,400/month. here is what renters should know about pricing, neighborhoods, and timing.",apartments for rent in knoxville tennessee,recommended,210,50,commercial
https://www.brightplace.ai/guides,Neighborhood and Renter Guides | brightplace,"city-by-city neighborhood guides, renter orientation walkthroughs, and cohort-specific apartment search advice from brightplace.",renter orientation guide,recommended,0,0,
https://www.brightplace.ai/resources/venice-lofts-apartments-philadelphia-pa,Venice Lofts Apartments Philadelphia PA | brightplace,"venice lofts, now known as apex manayunk, offers loft and townhome units at 4601 flat rock rd in philadelphia. pricing, floor plans, and what to know before renting.",venice lofts philadelphia,recommended,590,8,"informational, commercial"
https://www.brightplace.ai/resources/venice-lofts-apartments-philadelphia-pa,Venice Lofts Apartments Philadelphia PA | brightplace,"venice lofts, now known as apex manayunk, offers loft and townhome units at 4601 flat rock rd in philadelphia. pricing, floor plans, and what to know before renting.",manayunk apartments philadelphia pa,recommended,1000,21,commercial
https://www.brightplace.ai/resources/venice-lofts-apartments-philadelphia-pa,Venice Lofts Apartments Philadelphia PA | brightplace,"venice lofts, now known as apex manayunk, offers loft and townhome units at 4601 flat rock rd in philadelphia. pricing, floor plans, and what to know before renting.",manayunk philadelphia apartments,recommended,590,27,commercial
https://www.brightplace.ai/resources/venice-lofts-apartments-philadelphia-pa,Venice Lofts Apartments Philadelphia PA | brightplace,"venice lofts, now known as apex manayunk, offers loft and townhome units at 4601 flat rock rd in philadelphia. pricing, floor plans, and what to know before renting.",venice lofts apartments philadelphia,recommended,70,9,informational
https://www.brightplace.ai/resources/venice-lofts-apartments-philadelphia-pa,Venice Lofts Apartments Philadelphia PA | brightplace,"venice lofts, now known as apex manayunk, offers loft and townhome units at 4601 flat rock rd in philadelphia. pricing, floor plans, and what to know before renting.",philadelphia loft apartments manayunk,recommended,0,0,
https://www.brightplace.ai/financial-disclosure,Financial Information Disclosure | brightplace,brightplace provides estimated budget breakdowns and affordability assessments for informational purposes only. read our full financial information disclosure.,rental affordability calculator,recommended,590,35,informational
https://www.brightplace.ai/financial-disclosure,Financial Information Disclosure | brightplace,brightplace provides estimated budget breakdowns and affordability assessments for informational purposes only. read our full financial information disclosure.,renter financial advice,recommended,0,0,
https://www.brightplace.ai/financial-disclosure,Financial Information Disclosure | brightplace,brightplace provides estimated budget breakdowns and affordability assessments for informational purposes only. read our full financial information disclosure.,apartment budget breakdown,recommended,0,0,
https://www.brightplace.ai/guides/miami-city-orientation,Renting in Miami: A Neighborhood Guide (2026) | brightplace,"miami neighborhoods for renters, beyond the beach clichés. rent ranges, commute realities, lifestyle fit, and which areas match how you actually live.",how much is rent in miami,recommended,170,48,informational
https://www.brightplace.ai/guides/miami-city-orientation,Renting in Miami: A Neighborhood Guide (2026) | brightplace,"miami neighborhoods for renters, beyond the beach clichés. rent ranges, commute realities, lifestyle fit, and which areas match how you actually live.",furnished rentals miami,recommended,260,11,informational
https://www.brightplace.ai/guides/miami-city-orientation,Renting in Miami: A Neighborhood Guide (2026) | brightplace,"miami neighborhoods for renters, beyond the beach clichés. rent ranges, commute realities, lifestyle fit, and which areas match how you actually live.",miami brickell apartments for rent,recommended,260,21,commercial
https://www.brightplace.ai/guides/miami-city-orientation,Renting in Miami: A Neighborhood Guide (2026) | brightplace,"miami neighborhoods for renters, beyond the beach clichés. rent ranges, commute realities, lifestyle fit, and which areas match how you actually live.",apartments for rent miami beach south beach,recommended,390,37,navigational
https://www.brightplace.ai/guides/miami-city-orientation,Renting in Miami: A Neighborhood Guide (2026) | brightplace,"miami neighborhoods for renters, beyond the beach clichés. rent ranges, commute realities, lifestyle fit, and which areas match how you actually live.",furnished apartments in miami,recommended,140,18,commercial
https://www.brightplace.ai/guides/miami-city-orientation,Renting in Miami: A Neighborhood Guide (2026) | brightplace,"miami neighborhoods for renters, beyond the beach clichés. rent ranges, commute realities, lifestyle fit, and which areas match how you actually live.",miami florida apartments for rent cheap,recommended,390,38,"informational, transactional"
https://www.brightplace.ai/guides/miami-city-orientation,Renting in Miami: A Neighborhood Guide (2026) | brightplace,"miami neighborhoods for renters, beyond the beach clichés. rent ranges, commute realities, lifestyle fit, and which areas match how you actually live.",monthly rental miami,recommended,90,19,informational
https://www.brightplace.ai/guides/miami-city-orientation,Renting in Miami: A Neighborhood Guide (2026) | brightplace,"miami neighborhoods for renters, beyond the beach clichés. rent ranges, commute realities, lifestyle fit, and which areas match how you actually live.",miami brickell rentals,recommended,70,16,commercial
https://www.brightplace.ai/guides/miami-city-orientation,Renting in Miami: A Neighborhood Guide (2026) | brightplace,"miami neighborhoods for renters, beyond the beach clichés. rent ranges, commute realities, lifestyle fit, and which areas match how you actually live.",luxury apartments for rent miami,recommended,70,17,commercial
https://www.brightplace.ai/guides/miami-city-orientation,Renting in Miami: A Neighborhood Guide (2026) | brightplace,"miami neighborhoods for renters, beyond the beach clichés. rent ranges, commute realities, lifestyle fit, and which areas match how you actually live.",condos for rent in miami beach,recommended,90,28,commercial
https://www.brightplace.ai/guides/miami-city-orientation,Renting in Miami: A Neighborhood Guide (2026) | brightplace,"miami neighborhoods for renters, beyond the beach clichés. rent ranges, commute realities, lifestyle fit, and which areas match how you actually live.",condo rentals in miami beach,recommended,90,31,commercial
https://www.brightplace.ai/guides/miami-city-orientation,Renting in Miami: A Neighborhood Guide (2026) | brightplace,"miami neighborhoods for renters, beyond the beach clichés. rent ranges, commute realities, lifestyle fit, and which areas match how you actually live.",miami luxury apartment rentals,recommended,40,20,commercial
https://www.brightplace.ai/guides/miami-city-orientation,Renting in Miami: A Neighborhood Guide (2026) | brightplace,"miami neighborhoods for renters, beyond the beach clichés. rent ranges, commute realities, lifestyle fit, and which areas match how you actually live.",apartments for rent south miami,recommended,140,35,navigational
https://www.brightplace.ai/guides/miami-city-orientation,Renting in Miami: A Neighborhood Guide (2026) | brightplace,"miami neighborhoods for renters, beyond the beach clichés. rent ranges, commute realities, lifestyle fit, and which areas match how you actually live.",condos for rent miami beach fl,recommended,50,29,commercial
https://www.brightplace.ai/guides/miami-city-orientation,Renting in Miami: A Neighborhood Guide (2026) | brightplace,"miami neighborhoods for renters, beyond the beach clichés. rent ranges, commute realities, lifestyle fit, and which areas match how you actually live.",apartments in miami florida for rent,recommended,260,54,commercial
https://www.brightplace.ai/guides/miami-city-orientation,Renting in Miami: A Neighborhood Guide (2026) | brightplace,"miami neighborhoods for renters, beyond the beach clichés. rent ranges, commute realities, lifestyle fit, and which areas match how you actually live.",rental community downtown miami,recommended,50,34,commercial
https://www.brightplace.ai/guides/miami-city-orientation,Renting in Miami: A Neighborhood Guide (2026) | brightplace,"miami neighborhoods for renters, beyond the beach clichés. rent ranges, commute realities, lifestyle fit, and which areas match how you actually live.",apartments for rent in miami beach,recommended,170,47,commercial
https://www.brightplace.ai/guides/miami-city-orientation,Renting in Miami: A Neighborhood Guide (2026) | brightplace,"miami neighborhoods for renters, beyond the beach clichés. rent ranges, commute realities, lifestyle fit, and which areas match how you actually live.",apartments for rent north miami,recommended,90,35,commercial
https://www.brightplace.ai/guides/miami-city-orientation,Renting in Miami: A Neighborhood Guide (2026) | brightplace,"miami neighborhoods for renters, beyond the beach clichés. rent ranges, commute realities, lifestyle fit, and which areas match how you actually live.",rentals miami,recommended,6600,48,informational
https://www.brightplace.ai/guides/miami-city-orientation,Renting in Miami: A Neighborhood Guide (2026) | brightplace,"miami neighborhoods for renters, beyond the beach clichés. rent ranges, commute realities, lifestyle fit, and which areas match how you actually live.",apartments for rent miami,recommended,8100,59,commercial
https://www.brightplace.ai/guides/miami-city-orientation,Renting in Miami: A Neighborhood Guide (2026) | brightplace,"miami neighborhoods for renters, beyond the beach clichés. rent ranges, commute realities, lifestyle fit, and which areas match how you actually live.",miami apartments,recommended,6600,54,navigational
https://www.brightplace.ai/guides/miami-city-orientation,Renting in Miami: A Neighborhood Guide (2026) | brightplace,"miami neighborhoods for renters, beyond the beach clichés. rent ranges, commute realities, lifestyle fit, and which areas match how you actually live.",rental miami fl,recommended,1000,37,"informational, transactional"
https://www.brightplace.ai/guides/miami-city-orientation,Renting in Miami: A Neighborhood Guide (2026) | brightplace,"miami neighborhoods for renters, beyond the beach clichés. rent ranges, commute realities, lifestyle fit, and which areas match how you actually live.",rent an apartment miami beach,recommended,1000,40,commercial
https://www.brightplace.ai/guides/miami-city-orientation,Renting in Miami: A Neighborhood Guide (2026) | brightplace,"miami neighborhoods for renters, beyond the beach clichés. rent ranges, commute realities, lifestyle fit, and which areas match how you actually live.",rent in miami beach,recommended,590,35,"informational, transactional"
https://www.brightplace.ai/guides/miami-city-orientation,Renting in Miami: A Neighborhood Guide (2026) | brightplace,"miami neighborhoods for renters, beyond the beach clichés. rent ranges, commute realities, lifestyle fit, and which areas match how you actually live.",alquiler en miami,recommended,140,19,commercial
https://www.brightplace.ai/guides/miami-city-orientation,Renting in Miami: A Neighborhood Guide (2026) | brightplace,"miami neighborhoods for renters, beyond the beach clichés. rent ranges, commute realities, lifestyle fit, and which areas match how you actually live.",rentals in miami gardens fl,recommended,140,18,commercial
https://www.brightplace.ai/guides/miami-city-orientation,Renting in Miami: A Neighborhood Guide (2026) | brightplace,"miami neighborhoods for renters, beyond the beach clichés. rent ranges, commute realities, lifestyle fit, and which areas match how you actually live.",condo for rent miami,recommended,320,29,transactional
https://www.brightplace.ai/guides/miami-city-orientation,Renting in Miami: A Neighborhood Guide (2026) | brightplace,"miami neighborhoods for renters, beyond the beach clichés. rent ranges, commute realities, lifestyle fit, and which areas match how you actually live.",apartamentos en renta miami,recommended,1000,46,informational
https://www.brightplace.ai/guides/miami-city-orientation,Renting in Miami: A Neighborhood Guide (2026) | brightplace,"miami neighborhoods for renters, beyond the beach clichés. rent ranges, commute realities, lifestyle fit, and which areas match how you actually live.",for rent miami fl,recommended,480,39,informational
https://www.brightplace.ai/guides/miami-city-orientation,Renting in Miami: A Neighborhood Guide (2026) | brightplace,"miami neighborhoods for renters, beyond the beach clichés. rent ranges, commute realities, lifestyle fit, and which areas match how you actually live.",miami condo rental,recommended,110,22,transactional
https://www.brightplace.ai/resources/2-bedroom-apartments-bloomington-in,2 Bedroom Apartments in Bloomington: What They Cost and W...,"2 bedroom apartments bloomington, in rent from $825 to $1,600/month. see how location, layout, and iu's lease cycle shape pricing.",bloomington indiana apartments,recommended,2400,28,navigational
https://www.brightplace.ai/resources/2-bedroom-apartments-bloomington-in,2 Bedroom Apartments in Bloomington: What They Cost and W...,"2 bedroom apartments bloomington, in rent from $825 to $1,600/month. see how location, layout, and iu's lease cycle shape pricing.",2 bedroom apartments bloomington,recommended,320,11,informational
https://www.brightplace.ai/resources/2-bedroom-apartments-bloomington-in,2 Bedroom Apartments in Bloomington: What They Cost and W...,"2 bedroom apartments bloomington, in rent from $825 to $1,600/month. see how location, layout, and iu's lease cycle shape pricing.",studio apartments bloomington in,recommended,320,17,commercial
https://www.brightplace.ai/resources/2-bedroom-apartments-bloomington-in,2 Bedroom Apartments in Bloomington: What They Cost and W...,"2 bedroom apartments bloomington, in rent from $825 to $1,600/month. see how location, layout, and iu's lease cycle shape pricing.",bloomington in apts,recommended,590,36,commercial
https://www.brightplace.ai/resources/2-bedroom-apartments-bloomington-in,2 Bedroom Apartments in Bloomington: What They Cost and W...,"2 bedroom apartments bloomington, in rent from $825 to $1,600/month. see how location, layout, and iu's lease cycle shape pricing.",bloomington in apartments,recommended,390,38,commercial
https://www.brightplace.ai/resources/2-bedroom-apartments-bloomington-in,2 Bedroom Apartments in Bloomington: What They Cost and W...,"2 bedroom apartments bloomington, in rent from $825 to $1,600/month. see how location, layout, and iu's lease cycle shape pricing.",apartments in bloominton indiana,recommended,260,29,navigational
https://www.brightplace.ai/resources/2-bedroom-apartments-bloomington-in,2 Bedroom Apartments in Bloomington: What They Cost and W...,"2 bedroom apartments bloomington, in rent from $825 to $1,600/month. see how location, layout, and iu's lease cycle shape pricing.",apartments bloomington il,recommended,590,33,commercial
https://www.brightplace.ai/resources/2-bedroom-apartments-bloomington-in,2 Bedroom Apartments in Bloomington: What They Cost and W...,"2 bedroom apartments bloomington, in rent from $825 to $1,600/month. see how location, layout, and iu's lease cycle shape pricing.",homes for rent bloomington,recommended,70,21,"informational, transactional"
https://www.brightplace.ai/resources/2-bedroom-apartments-bloomington-in,2 Bedroom Apartments in Bloomington: What They Cost and W...,"2 bedroom apartments bloomington, in rent from $825 to $1,600/month. see how location, layout, and iu's lease cycle shape pricing.",bloomington illinois apartments,recommended,320,27,"informational, transactional"
https://www.brightplace.ai/resources/2-bedroom-apartments-bloomington-in,2 Bedroom Apartments in Bloomington: What They Cost and W...,"2 bedroom apartments bloomington, in rent from $825 to $1,600/month. see how location, layout, and iu's lease cycle shape pricing.",houses for rent in bloomington in,recommended,70,26,commercial
https://www.brightplace.ai/resources/2-bedroom-apartments-bloomington-in,2 Bedroom Apartments in Bloomington: What They Cost and W...,"2 bedroom apartments bloomington, in rent from $825 to $1,600/month. see how location, layout, and iu's lease cycle shape pricing.",bloomington in homes for rent,recommended,40,22,informational
https://www.brightplace.ai/resources/2-bedroom-apartments-bloomington-in,2 Bedroom Apartments in Bloomington: What They Cost and W...,"2 bedroom apartments bloomington, in rent from $825 to $1,600/month. see how location, layout, and iu's lease cycle shape pricing.",places for rent bloomington,recommended,210,32,informational
https://www.brightplace.ai/resources/2-bedroom-apartments-bloomington-in,2 Bedroom Apartments in Bloomington: What They Cost and W...,"2 bedroom apartments bloomington, in rent from $825 to $1,600/month. see how location, layout, and iu's lease cycle shape pricing.",2 bedroom apartments bloomington mn,recommended,70,19,commercial
https://www.brightplace.ai/resources/2-bedroom-apartments-bloomington-in,2 Bedroom Apartments in Bloomington: What They Cost and W...,"2 bedroom apartments bloomington, in rent from $825 to $1,600/month. see how location, layout, and iu's lease cycle shape pricing.",places to rent in bloomington in,recommended,70,24,commercial
https://www.brightplace.ai/resources/2-bedroom-apartments-bloomington-in,2 Bedroom Apartments in Bloomington: What They Cost and W...,"2 bedroom apartments bloomington, in rent from $825 to $1,600/month. see how location, layout, and iu's lease cycle shape pricing.",apartment for rent in bloomington il,recommended,70,28,commercial
https://www.brightplace.ai/resources/2-bedroom-apartments-bloomington-in,2 Bedroom Apartments in Bloomington: What They Cost and W...,"2 bedroom apartments bloomington, in rent from $825 to $1,600/month. see how location, layout, and iu's lease cycle shape pricing.",apartment for rent bloomington,recommended,90,34,commercial
https://www.brightplace.ai/resources/2-bedroom-apartments-bloomington-in,2 Bedroom Apartments in Bloomington: What They Cost and W...,"2 bedroom apartments bloomington, in rent from $825 to $1,600/month. see how location, layout, and iu's lease cycle shape pricing.",apartment bloomington in,recommended,30,37,commercial
https://www.brightplace.ai/resources/2-bedroom-apartments-bloomington-in,2 Bedroom Apartments in Bloomington: What They Cost and W...,"2 bedroom apartments bloomington, in rent from $825 to $1,600/month. see how location, layout, and iu's lease cycle shape pricing.",apartment rentals bloomington indiana,recommended,30,37,commercial
https://www.brightplace.ai/resources/2-bedroom-apartments-bloomington-in,2 Bedroom Apartments in Bloomington: What They Cost and W...,"2 bedroom apartments bloomington, in rent from $825 to $1,600/month. see how location, layout, and iu's lease cycle shape pricing.",apartment rentals bloomington il,recommended,30,28,commercial
https://www.brightplace.ai/resources/2-bedroom-apartments-bloomington-in,2 Bedroom Apartments in Bloomington: What They Cost and W...,"2 bedroom apartments bloomington, in rent from $825 to $1,600/month. see how location, layout, and iu's lease cycle shape pricing.",apartment bloomington,recommended,40,37,commercial
https://www.brightplace.ai/resources/2-bedroom-apartments-bloomington-in,2 Bedroom Apartments in Bloomington: What They Cost and W...,"2 bedroom apartments bloomington, in rent from $825 to $1,600/month. see how location, layout, and iu's lease cycle shape pricing.",bloomington illinois apartment,recommended,30,38,commercial
https://www.brightplace.ai/resources/2-bedroom-apartments-bloomington-in,2 Bedroom Apartments in Bloomington: What They Cost and W...,"2 bedroom apartments bloomington, in rent from $825 to $1,600/month. see how location, layout, and iu's lease cycle shape pricing.",bloomington in 2br apartments,recommended,0,0,
https://www.brightplace.ai/resources/2-bedroom-apartments-bloomington-in,2 Bedroom Apartments in Bloomington: What They Cost and W...,"2 bedroom apartments bloomington, in rent from $825 to $1,600/month. see how location, layout, and iu's lease cycle shape pricing.",2 bedroom apartments in bloomington indiana,recommended,210,2,commercial
https://www.brightplace.ai/resources/2-bedroom-apartments-bloomington-in,2 Bedroom Apartments in Bloomington: What They Cost and W...,"2 bedroom apartments bloomington, in rent from $825 to $1,600/month. see how location, layout, and iu's lease cycle shape pricing.",apartments for rent bloomington indiana iu,recommended,0,0,
https://www.brightplace.ai/resources/2-bedroom-apartments-bloomington-in,2 Bedroom Apartments in Bloomington: What They Cost and W...,"2 bedroom apartments bloomington, in rent from $825 to $1,600/month. see how location, layout, and iu's lease cycle shape pricing.",iu bloomington apartments,recommended,390,26,commercial
https://www.brightplace.ai/resources/2-bedroom-apartments-bloomington-in,2 Bedroom Apartments in Bloomington: What They Cost and W...,"2 bedroom apartments bloomington, in rent from $825 to $1,600/month. see how location, layout, and iu's lease cycle shape pricing.",apartments for rent in bloomington,recommended,90,29,"informational, transactional"
https://www.brightplace.ai/resources/2-bedroom-apartments-bloomington-in,2 Bedroom Apartments in Bloomington: What They Cost and W...,"2 bedroom apartments bloomington, in rent from $825 to $1,600/month. see how location, layout, and iu's lease cycle shape pricing.",bloomington indiana apartments near campus,recommended,110,32,commercial
https://www.brightplace.ai/resources/2-bedroom-apartments-bloomington-in,2 Bedroom Apartments in Bloomington: What They Cost and W...,"2 bedroom apartments bloomington, in rent from $825 to $1,600/month. see how location, layout, and iu's lease cycle shape pricing.",apartments for rent in bloomington il,recommended,260,34,commercial
https://www.brightplace.ai/resources/2-bedroom-apartments-bloomington-in,2 Bedroom Apartments in Bloomington: What They Cost and W...,"2 bedroom apartments bloomington, in rent from $825 to $1,600/month. see how location, layout, and iu's lease cycle shape pricing.",apartment complexes in bloomington indiana,recommended,140,35,commercial
https://www.brightplace.ai/resources/2-bedroom-apartments-bloomington-in,2 Bedroom Apartments in Bloomington: What They Cost and W...,"2 bedroom apartments bloomington, in rent from $825 to $1,600/month. see how location, layout, and iu's lease cycle shape pricing.",rent in bloomington,recommended,140,33,informational
https://www.brightplace.ai/resources/discovery-at-space-coast,Discovery at Space Coast Apartments | brightplace,"discovery at space coast is a luxury apartment community in rockledge, fl. here is what the floor plans, fees, and location actually mean for renters.",apartments for rent rockledge fl,recommended,0,0,
https://www.brightplace.ai/resources/discovery-at-space-coast,Discovery at Space Coast Apartments | brightplace,"discovery at space coast is a luxury apartment community in rockledge, fl. here is what the floor plans, fees, and location actually mean for renters.",apartments in rockledge fl,recommended,390,25,commercial
https://www.brightplace.ai/resources/discovery-at-space-coast,Discovery at Space Coast Apartments | brightplace,"discovery at space coast is a luxury apartment community in rockledge, fl. here is what the floor plans, fees, and location actually mean for renters.",apartments for rent rockledge,recommended,40,36,commercial
https://www.brightplace.ai/resources/discovery-at-space-coast,Discovery at Space Coast Apartments | brightplace,"discovery at space coast is a luxury apartment community in rockledge, fl. here is what the floor plans, fees, and location actually mean for renters.",rockledge apartments,recommended,3600,40,commercial
https://www.brightplace.ai/,brightplace | Your Personal Apartment Advisor,finding your next apartment should feel intentional. brightplace is building a better way to find your next apartment.,how to find an apartment,recommended,1300,36,informational
https://www.brightplace.ai/,brightplace | Your Personal Apartment Advisor,finding your next apartment should feel intentional. brightplace is building a better way to find your next apartment.,how to find a good apartment,recommended,110,45,informational
https://www.brightplace.ai/,brightplace | Your Personal Apartment Advisor,finding your next apartment should feel intentional. brightplace is building a better way to find your next apartment.,how to find a great apartment,recommended,90,46,informational
https://www.brightplace.ai/,brightplace | Your Personal Apartment Advisor,finding your next apartment should feel intentional. brightplace is building a better way to find your next apartment.,how to look for an apartment,recommended,90,44,informational
https://www.brightplace.ai/,brightplace | Your Personal Apartment Advisor,finding your next apartment should feel intentional. brightplace is building a better way to find your next apartment.,how to find apartments,recommended,590,50,informational
https://www.brightplace.ai/,brightplace | Your Personal Apartment Advisor,finding your next apartment should feel intentional. brightplace is building a better way to find your next apartment.,where to find apartment,recommended,170,69,commercial
https://www.brightplace.ai/,brightplace | Your Personal Apartment Advisor,finding your next apartment should feel intentional. brightplace is building a better way to find your next apartment.,apartment hunting,recommended,1600,77,informational
https://www.brightplace.ai/,brightplace | Your Personal Apartment Advisor,finding your next apartment should feel intentional. brightplace is building a better way to find your next apartment.,find an apartment,recommended,1600,96,commercial
https://www.brightplace.ai/,brightplace | Your Personal Apartment Advisor,finding your next apartment should feel intentional. brightplace is building a better way to find your next apartment.,help finding apartment,recommended,170,50,informational
https://www.brightplace.ai/,brightplace | Your Personal Apartment Advisor,finding your next apartment should feel intentional. brightplace is building a better way to find your next apartment.,assistance in finding an apartment,recommended,260,72,informational
https://www.brightplace.ai/,brightplace | Your Personal Apartment Advisor,finding your next apartment should feel intentional. brightplace is building a better way to find your next apartment.,searching for apartments tips,recommended,30,19,informational
https://www.brightplace.ai/,brightplace | Your Personal Apartment Advisor,finding your next apartment should feel intentional. brightplace is building a better way to find your next apartment.,apartment search tips,recommended,30,25,informational
https://www.brightplace.ai/,brightplace | Your Personal Apartment Advisor,finding your next apartment should feel intentional. brightplace is building a better way to find your next apartment.,apartment search near me,recommended,590,97,transactional
https://www.brightplace.ai/,brightplace | Your Personal Apartment Advisor,finding your next apartment should feel intentional. brightplace is building a better way to find your next apartment.,finding an apartment,recommended,260,57,informational
https://www.brightplace.ai/,brightplace | Your Personal Apartment Advisor,finding your next apartment should feel intentional. brightplace is building a better way to find your next apartment.,find apartment near me,recommended,210,97,transactional
https://www.brightplace.ai/,brightplace | Your Personal Apartment Advisor,finding your next apartment should feel intentional. brightplace is building a better way to find your next apartment.,find apartment to rent,recommended,210,100,commercial
https://www.brightplace.ai/,brightplace | Your Personal Apartment Advisor,finding your next apartment should feel intentional. brightplace is building a better way to find your next apartment.,apartments finder near me,recommended,110,95,transactional
https://www.brightplace.ai/,brightplace | Your Personal Apartment Advisor,finding your next apartment should feel intentional. brightplace is building a better way to find your next apartment.,best way to find an apartment,recommended,260,46,commercial
https://www.brightplace.ai/,brightplace | Your Personal Apartment Advisor,finding your next apartment should feel intentional. brightplace is building a better way to find your next apartment.,apartment finder near me,recommended,1000,97,transactional
https://www.brightplace.ai/,brightplace | Your Personal Apartment Advisor,finding your next apartment should feel intentional. brightplace is building a better way to find your next apartment.,apartment search apps,recommended,390,57,transactional
https://www.brightplace.ai/,brightplace | Your Personal Apartment Advisor,finding your next apartment should feel intentional. brightplace is building a better way to find your next apartment.,need help finding an apartment,recommended,110,45,informational
https://www.brightplace.ai/,brightplace | Your Personal Apartment Advisor,finding your next apartment should feel intentional. brightplace is building a better way to find your next apartment.,apartment finders near me,recommended,590,95,"navigational, transactional"
https://www.brightplace.ai/,brightplace | Your Personal Apartment Advisor,finding your next apartment should feel intentional. brightplace is building a better way to find your next apartment.,apartment search help,recommended,30,51,commercial
https://www.brightplace.ai/,brightplace | Your Personal Apartment Advisor,finding your next apartment should feel intentional. brightplace is building a better way to find your next apartment.,apartment search helper,recommended,390,70,informational
https://www.brightplace.ai/,brightplace | Your Personal Apartment Advisor,finding your next apartment should feel intentional. brightplace is building a better way to find your next apartment.,find the apartment,recommended,1900,92,informational
https://www.brightplace.ai/,brightplace | Your Personal Apartment Advisor,finding your next apartment should feel intentional. brightplace is building a better way to find your next apartment.,apartment finder application,recommended,70,54,informational
https://www.brightplace.ai/,brightplace | Your Personal Apartment Advisor,finding your next apartment should feel intentional. brightplace is building a better way to find your next apartment.,apartment search tool,recommended,0,0,
https://www.brightplace.ai/,brightplace | Your Personal Apartment Advisor,finding your next apartment should feel intentional. brightplace is building a better way to find your next apartment.,apartment finding site,recommended,1000,90,informational
https://www.brightplace.ai/,brightplace | Your Personal Apartment Advisor,finding your next apartment should feel intentional. brightplace is building a better way to find your next apartment.,looking for apartment,recommended,260,100,commercial
https://www.brightplace.ai/,brightplace | Your Personal Apartment Advisor,finding your next apartment should feel intentional. brightplace is building a better way to find your next apartment.,apartment search advice,recommended,0,0,
,apartment locator austin,,apartment locator austin,recommended,590,52,commercial
,apartment locator austin,,property management advertising examples,recommended,50,8,informational
,apartment locator austin,,marketing for property managers,recommended,110,13,informational
,apartment locator austin,,marketing in property management,recommended,90,14,informational
,apartment locator austin,,marketing for property management companies,recommended,90,14,informational
,apartment locator austin,,property management marketing automation,recommended,70,10,"informational, commercial"
,apartment locator austin,,property management marketing to owners,recommended,40,9,informational
,apartment locator austin,,property management marketing solutions,recommended,50,16,"informational, commercial"
,apartment locator austin,,marketing property management company,recommended,30,14,informational
,fair housing disability definition,,fair housing disability definition,recommended,110,32,informational
,fair housing disability definition,,equal housing opportunity,recommended,0,0,
,fair housing disability definition,,dept of fair housing,recommended,480,55,informational
,fair housing disability definition,,department of fair housing,recommended,720,58,informational
,fair housing disability definition,,office of fair housing,recommended,260,61,informational
,north lake apartments,,north lake apartments,recommended,720,19,commercial
,north lake apartments,,cascades at northlake apartments,recommended,390,27,navigational
,north lake apartments,,northlake apartments ga,recommended,50,18,commercial
,1 car garage with apartment,,1 car garage with apartment,recommended,110,10,informational
,1 car garage with apartment,,cost for garage with apartment,recommended,30,27,"informational, transactional"
,short term lease furnished apartments washington dc,,short term lease furnished apartments washington dc,recommended,170,23,commercial
,short term lease furnished apartments washington dc,,dc furnished apartments short term,recommended,30,20,commercial
,renters insurance quotes,,how do i get renters insurance,recommended,2400,69,informational
,renters insurance quotes,,how to buy renters insurance,recommended,260,54,informational
,renters insurance quotes,,what is renters insurance and what does it cover,recommended,2400,50,informational
,renters insurance quotes,,do i have renters insurance,recommended,110,54,commercial
,renters insurance quotes,,how to find renters insurance,recommended,110,65,informational
,renters insurance quotes,,how to get renters insurance for apartment,recommended,70,59,informational
,renters insurance quotes,,what is covered by renters insurance,recommended,480,50,informational
,renters insurance quotes,,what is renters insurance for,recommended,590,60,informational
,renters insurance quotes,,what should renters insurance cover,recommended,170,50,informational
,renters insurance quotes,,where do you get renters insurance,recommended,30,60,transactional
,renters insurance quotes,,what does home renters insurance cover,recommended,70,47,informational
,renters insurance quotes,,how to obtain renters insurance,recommended,260,61,informational
,renters insurance quotes,,what is a rental insurance,recommended,50,51,informational
,renters insurance quotes,,which renters insurance is best,recommended,90,60,commercial
,renters insurance quotes,,renters insurance quotes,recommended,246000,68,"informational, commercial"
,renters insurance quotes,,renters insurance nyc,recommended,74000,50,"informational, commercial"
,renters insurance quotes,,apartment insurance,recommended,74000,69,"informational, commercial"
,renters insurance quotes,,renters insurance chicago,recommended,2400,34,"informational, commercial"
,renters insurance quotes,,renters insurance va,recommended,1000,24,commercial
,renters insurance quotes,,affordable renters insurance,recommended,9900,65,informational
,renters insurance quotes,,renters insurance florida,recommended,3600,51,"informational, commercial"
,renters insurance quotes,,good renters insurance,recommended,4400,65,commercial
,renters insurance quotes,,renters insurance online,recommended,3600,63,commercial
,renters insurance quotes,,renters insurance policy quotes,recommended,4400,66,"informational, commercial"
,renters insurance quotes,,quote on renters insurance,recommended,2900,64,"informational, commercial"
,renters insurance quotes,,apt renters insurance,recommended,2900,70,commercial
,renters insurance quotes,,best renter insurance,recommended,2400,65,commercial
,renters insurance quotes,,tenant insurance coverage,recommended,1900,63,informational
,renters insurance quotes,,assurance renters insurance,recommended,90,17,commercial
,renters insurance quotes,,best insurance for renters,recommended,1600,63,commercial
,rent commercial kitchen,,rent commercial kitchen,recommended,480,24,commercial
,rent commercial kitchen,,kitchen for lease,recommended,140,14,informational
,rent commercial kitchen,,rentable kitchen space,recommended,260,28,navigational
,rent commercial kitchen,,rent commercial kitchen near me,recommended,110,17,transactional
,rent commercial kitchen,,3 bedroom townhomes for rent in orlando fl,recommended,50,16,informational
,rent commercial kitchen,,orlando apartments for rent cheap,recommended,90,39,commercial
,rent commercial kitchen,,rent out kitchen space,recommended,30,19,informational
,rent commercial kitchen,,apartments in orlando near disney,recommended,30,38,transactional
,luxury apartments bloomington in,,luxury apartments bloomington in,recommended,210,13,commercial
,luxury apartments bloomington in,,townhouses for rent bloomington il,recommended,30,18,commercial
,luxury apartments bloomington in,,3rd and union apartments bloomington,recommended,140,15,"informational, transactional"
,luxury apartments bloomington in,,iu bloomington student apartments,recommended,90,18,commercial
,apartments near denver university,,apartments near denver university,recommended,90,32,commercial
,apartments near denver university,,university off campus housing,recommended,90,43,informational
,apartments near denver university,,apartments for rent near florida international university,recommended,90,27,commercial
,student living apartments near me,,student living apartments near me,recommended,210,56,transactional
,student living apartments near me,,university student housing,recommended,110,64,commercial
,south tampa apartments,,south tampa apartments,recommended,1000,31,commercial
,south tampa apartments,,affordable lofts in philadelphia,recommended,70,25,transactional
,south tampa apartments,,eviction accepted apartments in houston,recommended,140,6,commercial
,south tampa apartments,,rental companies that work with bad credit,recommended,70,13,commercial
,south tampa apartments,,townhome move in specials,recommended,30,4,informational
,south tampa apartments,,homes for rent in california,recommended,1000,48,informational
,south tampa apartments,,3 story townhomes for rent houston,recommended,50,36,commercial
,south tampa apartments,,san diego beach apartments,recommended,90,33,commercial
,south tampa apartments,,for rent in california,recommended,70,39,informational
,south tampa apartments,,apartments in dc,recommended,4400,51,commercial
,south tampa apartments,,houses houston,recommended,320,57,commercial
,apartments for empty nesters dc,,apartments for empty nesters dc,recommended,0,0,
,apartments for empty nesters dc,,1 bedroom apartments in washington dc,recommended,70,22,informational
,apartments for empty nesters dc,,apartments for rent downtown dc,recommended,70,25,commercial
,apartments for empty nesters dc,,cheap apartments washington dc,recommended,170,43,informational
,apartments for empty nesters dc,,washington dc apartments,recommended,4400,52,commercial
,apartments for empty nesters dc,,dc apartments,recommended,5400,60,commercial
,uptown apartments charlotte nc,,uptown apartments charlotte nc,recommended,880,59,commercial
,uptown apartments charlotte nc,,midtown charlotte nc apartments,recommended,140,22,navigational
,uptown apartments charlotte nc,,charlotte north carolina downtown apartments,recommended,70,50,navigational
,uptown apartments charlotte nc,,apartment for rent uptown charlotte,recommended,40,49,commercial
,uptown apartments charlotte nc,,charlotte north carolina apts for rent,recommended,40,50,commercial
,industrial apartments phoenix,,industrial apartments phoenix,recommended,40,20,transactional
,industrial apartments phoenix,,loft style apartments phoenix,recommended,70,30,commercial
,industrial apartments phoenix,,loft style apartments in phoenix az,recommended,70,31,commercial
,northlake apartments,,northlake apartments,recommended,2900,33,commercial
,northlake apartments,,northlake apartments for rent,recommended,70,26,commercial
,apartments for rent in east houston,,apartments for rent in east houston,recommended,70,20,commercial
,apartments for rent in east houston,,apartment realtor houston,recommended,50,42,commercial
,manayunk philly apartments,,manayunk philly apartments,recommended,1300,29,commercial
,manayunk philly apartments,,apartments for rent in manayunk philadelphia pa,recommended,260,24,commercial
,manayunk philly apartments,,apex manayunk apartments,recommended,0,0,
,townhomes with garage,,townhomes with garage,recommended,1000,22,commercial
,townhomes with garage,,month to month rentals minneapolis,recommended,140,20,commercial
,townhomes with garage,,short term lease apartments minneapolis,recommended,170,13,transactional
,townhomes with garage,,furnished rentals minneapolis mn,recommended,40,7,commercial
,townhomes with garage,,short term apartment rentals minneapolis,recommended,50,16,informational
,townhomes with garage,,1 bed townhomes for rent,recommended,110,16,transactional
,townhomes with garage,,6 month lease apartments minneapolis,recommended,40,17,informational
,townhomes with garage,,short term lease apartments mn,recommended,40,17,commercial
,townhomes with garage,,3 month lease apartments minneapolis,recommended,30,23,informational
,townhomes with garage,,furnished short term rentals minneapolis mn,recommended,50,15,commercial
,townhomes with garage,,minneapolis short term rentals,recommended,40,19,transactional
,townhomes with garage,,high rise apartments minneapolis,recommended,260,29,commercial
,townhomes with garage,,luxury apartments for rent minneapolis,recommended,40,31,commercial
,townhomes with garage,,downtown minneapolis apartments,recommended,1300,36,commercial
,townhomes with garage,,apts minneapolis,recommended,70,46,commercial
,dog friendly beach panama city,,dog friendly beach panama city,recommended,210,30,informational
,dog friendly beach panama city,,pet friendly panama city,recommended,110,16,"informational, transactional"
,dog friendly beach panama city,,is panama city beach dog friendly,recommended,110,20,informational
,dog friendly beach panama city,,panama city pet friendly hotels,recommended,170,33,commercial
,homes for rent by owner in phoenix az,,homes for rent by owner in phoenix az,recommended,170,45,informational
,homes for rent by owner in phoenix az,,homes for rent in south phoenix az,recommended,90,12,transactional
,homes for rent by owner in phoenix az,,2 bedroom homes for rent phoenix az,recommended,140,23,informational
,homes for rent by owner in phoenix az,,houses for rent phoenix by owner,recommended,50,46,informational
,quotes on renters insurance,,quotes on renters insurance,recommended,1000,64,commercial
,quotes on renters insurance,,top renters insurance,recommended,390,63,commercial
,quotes on renters insurance,,where can i buy renters insurance,recommended,110,64,transactional
,quotes on renters insurance,,renters insurance compare prices,recommended,50,51,transactional
,affordable 2 bedroom apartments in houston tx,,affordable 2 bedroom apartments in houston tx,recommended,90,34,navigational
,affordable 2 bedroom apartments in houston tx,,2 bed 2 bath apartments houston,recommended,30,30,commercial
,rent 3 bedroom apartment,,rent 3 bedroom apartment,recommended,110,18,informational
,rent 3 bedroom apartment,,3 2 apartments for rent,recommended,70,19,informational
,two bedroom apartments nyc,,how to rent an apartment in new york,recommended,40,39,informational
,two bedroom apartments nyc,,two bedroom apartments nyc,recommended,590,35,commercial
,two bedroom apartments nyc,,2 bedroom apartment for rent new york,recommended,320,24,informational
,two bedroom apartments nyc,,apartments nyc,recommended,14800,82,informational
,two bedroom apartments nyc,,renting an apartment in new york,recommended,18100,80,informational
,two bedroom apartments nyc,,1 br apartment for rent,recommended,590,17,informational
,two bedroom apartments nyc,,apts for rent in brooklyn ny,recommended,390,48,informational
,two bedroom apartments nyc,,nyc rentals,recommended,2900,57,informational
,two bedroom apartments nyc,,studio apt for rent bronx ny,recommended,260,30,informational
,two bedroom apartments nyc,,1 bedroom for rent in queens,recommended,90,21,informational
,two bedroom apartments nyc,,cheap apartments for rent in nyc,recommended,140,49,transactional
,two bedroom apartments nyc,,two bedroom apartments in the bronx,recommended,90,26,commercial
,two bedroom apartments nyc,,apartments for rent in bronx ny 10467,recommended,70,20,commercial
,two bedroom apartments nyc,,1 bedroom bronx,recommended,90,24,informational
,two bedroom apartments nyc,,2 bedroom apartments for rent bronx,recommended,50,26,informational
,two bedroom apartments nyc,,1bd apartment for rent,recommended,110,22,informational
,two bedroom apartments nyc,,studio apartment bronx,recommended,70,24,informational
,two bedroom apartments nyc,,rent apartment new york,recommended,880,65,informational
,two bedroom apartments nyc,,apartment for rent in manhattan ny,recommended,390,53,informational
,two bedroom apartments nyc,,1 bedroom apartment rentals,recommended,50,36,commercial
,two bedroom apartments nyc,,new york apartment rentals,recommended,320,67,informational
,two bedroom apartments nyc,,manhattan average rent 1 bedroom,recommended,110,41,informational
,two bedroom apartments nyc,,rent and apartment in new york,recommended,390,70,commercial
,two bedroom apartments nyc,,flats for rent nyc,recommended,480,74,informational
,two bedroom apartments nyc,,new york rental,recommended,320,62,informational
,two bedroom apartments nyc,,manhattan two bedroom apartments,recommended,30,28,"informational, transactional"
,two bedroom apartments nyc,,2 bedroom apartment cheap,recommended,210,28,informational
,two bedroom apartments nyc,,nyc two bedroom apartment,recommended,30,32,informational
,two bedroom apartments nyc,,bronx apartments no credit check,recommended,50,35,commercial
,two bedroom apartments nyc,,1 bedroom condo for sale nyc,recommended,30,24,transactional
,apartment downtown denver,,apartment downtown denver,recommended,320,39,commercial
,apartment downtown denver,,apartments uptown denver co,recommended,170,32,commercial
,apartment downtown denver,,2 bedroom apartments for rent denver,recommended,50,14,informational
,apartment downtown denver,,long term rentals denver,recommended,70,25,informational
,apartment downtown denver,,homes for rent in denver co by owner,recommended,50,25,commercial
,apartment downtown denver,,denver house for rent by owner,recommended,30,19,informational
,apartment downtown denver,,denver two bedroom apartments,recommended,30,21,transactional
,apartment downtown denver,,weekly rentals no deposit,recommended,50,27,informational
,apartment downtown denver,,apt denver co,recommended,50,53,commercial
,apartment downtown denver,,resources for rental assistance,recommended,390,62,informational
,apartment downtown denver,,nice apartments in denver co,recommended,40,41,commercial
,apartment downtown denver,,apartment complex denver,recommended,40,51,commercial
,loft apartments philadelphia pa,,loft apartments philadelphia pa,recommended,40,16,commercial
,loft apartments philadelphia pa,,townhouses for rent in philadelphia,recommended,90,13,informational
,loft apartments philadelphia pa,,lofts in manayunk pa,recommended,50,14,commercial
,loft apartments philadelphia pa,,best apartments in center city philadelphia,recommended,70,20,commercial
,loft apartments philadelphia pa,,condominiums for rent in philadelphia,recommended,110,27,commercial
,loft apartments philadelphia pa,,apartments center city philadelphia,recommended,390,28,navigational
,loft apartments philadelphia pa,,apartments for rent philly,recommended,170,50,informational
,loft apartments philadelphia pa,,philly rentals apartment,recommended,110,53,commercial
,budget for apartment,,budget for apartment,recommended,110,34,informational
,budget for apartment,,apartments 2x the rent,recommended,90,49,commercial
,budget for apartment,,apartment budgeting calculator,recommended,30,59,informational
,budget for apartment,,how to calculate rent price,recommended,30,42,informational
,affordable apartments in new york for rent,,affordable apartments in new york for rent,recommended,590,54,commercial
,affordable apartments in new york for rent,,cheap apartments to rent new york,recommended,260,42,commercial
,affordable apartments in new york for rent,,apartment in nyc,recommended,1300,69,informational
,affordable apartments in new york for rent,,new york city short term rental,recommended,140,33,transactional
,affordable apartments in new york for rent,,how to find apartment nyc,recommended,40,35,informational
,affordable apartments in new york for rent,,new york apartment rental sites,recommended,70,66,informational
,affordable apartments in new york for rent,,apartment building,recommended,18100,63,commercial
,affordable apartments in new york for rent,,1 bedroom apartments for rent,recommended,5400,29,informational
,how to get first apartment,,how to get first apartment,recommended,30,19,informational
,how to get first apartment,,questions to ask while apartment hunting,recommended,260,12,informational
,how to get first apartment,,things to ask when apartment hunting,recommended,210,16,informational
,how to get first apartment,,apartment hunting questions to ask,recommended,210,22,informational
,how to get first apartment,,what to ask about an apartment,recommended,50,27,informational
,how to get first apartment,,apartment questions,recommended,110,21,informational
,how to get first apartment,,questions to ask for apartment hunting,recommended,40,18,informational
,how to get first apartment,,apartments in ny city,recommended,140,73,navigational
,condos and townhomes for rent near me,,condos and townhomes for rent near me,recommended,480,50,transactional
,condos and townhomes for rent near me,,condos with attached garage for rent,recommended,30,14,informational
,condos and townhomes for rent near me,,townhouses and apartments,recommended,320,36,"navigational, commercial"
,condos and townhomes for rent near me,,2 br townhomes for rent near me,recommended,70,15,transactional
,condos and townhomes for rent near me,,townhouse condo for rent,recommended,90,23,informational
,condos and townhomes for rent near me,,townhomes with attached garage for rent near me,recommended,40,14,transactional
,condos and townhomes for rent near me,,san diego beach apartments for rent,recommended,320,33,commercial
,cheap apartments brooklyn heights,,cheap apartments brooklyn heights,recommended,40,24,commercial
,cheap apartments brooklyn heights,,no credit check apartments brooklyn ny,recommended,50,37,commercial
,cheap apartments brooklyn heights,,apt for rent brooklyn,recommended,210,48,informational
,cheap apartments brooklyn heights,,brooklyn townhouses for rent,recommended,40,19,informational
,suburbs in austin texas,,suburbs in austin texas,recommended,50,12,informational
,suburbs in austin texas,,neighbourhood austin,recommended,40,15,informational
,suburbs in austin texas,,suburbs near austin tx,recommended,30,19,informational
,luxury homes for sale in phoenix az,,luxury homes for sale in phoenix az,recommended,110,22,transactional
,luxury homes for sale in phoenix az,,phoenix luxury homes for sale,recommended,40,23,transactional
,ocean city pet friendly rentals,,ocean city pet friendly rentals,recommended,480,13,commercial
,ocean city pet friendly rentals,,rentals pet friendly,recommended,590,46,informational
,ocean city pet friendly rentals,,houses for rent accept pets,recommended,50,13,informational
,ocean city pet friendly rentals,,ocean city house rentals pet friendly,recommended,50,11,commercial
,ocean city pet friendly rentals,,houses for rent allow pets,recommended,210,22,commercial
,best place to live in tampa florida,,best place to live in tampa florida,recommended,140,11,commercial
,best place to live in tampa florida,,areas in tampa florida,recommended,90,22,informational
,best place to live in tampa florida,,tampa area cities,recommended,90,28,informational
,best place to live in tampa florida,,cheap tampa apartments,recommended,40,33,commercial
,apartment inspection list,,apartment inspection list,recommended,140,24,commercial
,apartment inspection list,,checklist for apartment inspection,recommended,50,22,informational
,apartment inspection list,,apartment walk through checklist,recommended,70,31,informational
,average rent in philadelphia pa,,average rent in philadelphia pa,recommended,320,27,informational
,average rent in philadelphia pa,,average rent in philadelphia,recommended,590,33,informational
,university city student rentals,,university city student rentals,recommended,70,12,commercial
,university city student rentals,,apartment in university city,recommended,140,43,commercial
,off leash dog parks san diego ca,,off leash dog parks san diego ca,recommended,50,21,informational
,off leash dog parks san diego ca,,best dog park in san diego,recommended,70,22,commercial
,las brisas apartment,,las brisas apartment,recommended,260,13,informational
,las brisas apartment,,las brisas apartamentos,recommended,30,22,commercial
,no credit check apartments knoxville tn,,no credit check apartments knoxville tn,recommended,50,20,commercial
,no credit check apartments knoxville tn,,can you rent without credit,recommended,70,17,informational
,no credit check apartments knoxville tn,,renting a house without credit,recommended,40,15,informational
,no credit check apartments knoxville tn,,do you need good credit to get an apartment,recommended,90,34,informational
,no credit check apartments knoxville tn,,how to rent without credit,recommended,170,20,informational
,no credit check apartments knoxville tn,,credit and renting an apartment,recommended,40,39,informational
,no credit check apartments knoxville tn,,apartments for rent with no rental history check,recommended,110,35,informational
,move in specials dallas,,move in specials dallas,recommended,320,17,informational
,move in specials dallas,,apartments with move in specials in dallas,recommended,90,22,commercial
,move in specials dallas,,apartments in dallas tx move in specials,recommended,90,26,commercial
,move in specials dallas,,apartments in dallas metroplex,recommended,14800,52,commercial
,move in specials dallas,,dallas apartments,recommended,14800,54,commercial
,move in specials dallas,,dallas apartments dallas tx,recommended,12100,53,commercial
,for rent pet friendly,,for rent pet friendly,recommended,140,25,informational
,for rent pet friendly,,rent pet friendly apartment,recommended,260,40,informational
,for rent pet friendly,,pet apartments near me,recommended,30,31,transactional
,short term flats for rent,,short term flats for rent,recommended,880,60,commercial
,short term flats for rent,,short term lease apartments chicago,recommended,390,31,commercial
,short term flats for rent,,chicago short term apartment rentals,recommended,90,33,commercial
,high rise apartments in miami,,high rise apartments in miami,recommended,90,19,commercial
,high rise apartments in miami,,how much is rent in miami per month,recommended,30,30,informational
,high rise apartments in miami,,miami rental prices,recommended,30,46,transactional
,low income apartments in the bronx,,low income apartments in the bronx,recommended,1000,45,commercial
,low income apartments in the bronx,,low income housing bronx,recommended,390,28,commercial
,low income apartments in the bronx,,low income apts in the bronx,recommended,260,37,commercial
,low income apartments in the bronx,,low income apt bronx ny,recommended,140,47,commercial
,low income apartments in the bronx,,the bronx housing,recommended,110,43,transactional
,low income apartments in the bronx,,bronx apartments for rent with bad credit,recommended,50,31,commercial
,1 bedroom apartment for rent in miami,,1 bedroom apartment for rent in miami,recommended,210,18,informational
,1 bedroom apartment for rent in miami,,1 bedroom apt for rent miami,recommended,170,22,commercial
,1 bedroom apartment for rent in miami,,1 bedroom apartments for rent in miami fl,recommended,140,24,commercial
,1 bedroom apartment for rent in miami,,1 bedroom apartments for rent in miami,recommended,90,20,commercial
,1 bedroom apartment for rent in miami,,miami apartment prices,recommended,70,45,commercial
,austin cities,,austin cities,recommended,170,29,informational
,austin cities,,austin tx area,recommended,50,33,informational
,3 bedroom apartments for rent,,3 bedroom apartments for rent,recommended,8100,19,informational
,3 bedroom apartments for rent,,rent 1 bedroom apartment,recommended,260,34,informational
,3 bedroom apartments for rent,,2br for rent,recommended,70,14,transactional
,3 bedroom apartments for rent,,3bd apartments for rent,recommended,210,14,informational
,3 bedroom apartments for rent,,two bedroom pet friendly apartments,recommended,40,17,informational
,3 bedroom apartments for rent,,1 person apartments,recommended,390,26,transactional
,3 bedroom apartments for rent,,3bedroom 2bath apartment for rent,recommended,90,15,informational
,3 bedroom apartments for rent,,3 bedroom places for rent,recommended,210,24,"informational, transactional"
,3 bedroom apartments for rent,,2 bedroom rent,recommended,390,24,informational
,3 bedroom apartments for rent,,two bedroom rentals near me,recommended,590,53,transactional
,3 bedroom apartments for rent,,rentals mission bay,recommended,30,15,"informational, transactional"
,3 bedroom apartments for rent,,3 bedroom move in specials,recommended,40,7,"informational, transactional"
,3 bedroom apartments for rent,,ny city rent,recommended,140,74,informational
,2nd gen restaurant for lease,,2nd gen restaurant for lease,recommended,170,8,commercial
,2nd gen restaurant for lease,,restaurant for lease sacramento,recommended,70,4,transactional
,2nd gen restaurant for lease,,restaurant space available near me,recommended,70,7,transactional
,2nd gen restaurant for lease,,sacramento county restaurants for lease,recommended,40,1,transactional
,2nd gen restaurant for lease,,restaurants for rent near me by owner,recommended,90,39,transactional
,affordable apartments greenville sc,,affordable apartments greenville sc,recommended,70,21,commercial
,affordable apartments greenville sc,,eviction friendly apartments greenville sc,recommended,50,18,commercial
,homes charlotte north carolina,,homes charlotte north carolina,recommended,90,50,"informational, transactional"
,homes charlotte north carolina,,casas baratas en charlotte nc 28217,recommended,70,23,commercial
,south florida apts for rent,,south florida apts for rent,recommended,170,38,commercial
,south florida apts for rent,,south miami fl apartments,recommended,40,44,commercial
,nashville tn houses,,nashville tn houses,recommended,590,50,transactional
,nashville tn houses,,nashville property,recommended,590,62,"informational, commercial"
,nashville tn houses,,furnished apartments for rent nashville tn,recommended,110,29,commercial
,nashville tn houses,,houses for sale nashville tn,recommended,1600,43,transactional
,nashville tn houses,,homes near nashville tn,recommended,140,46,commercial
,nashville tn houses,,rental nashville,recommended,90,38,informational
,nashville tn houses,,rental nashville tn,recommended,90,41,commercial
,nashville tn houses,,nashville property search,recommended,880,44,transactional
,nashville tn houses,,house rentals east nashville,recommended,30,20,informational
,nashville tn houses,,nashville tennessee apartments cheap,recommended,320,31,commercial
,nashville tn houses,,houses for sale near nashville tn,recommended,590,45,transactional
,nashville tn houses,,homes for sale on nashville tn,recommended,260,45,transactional
,nashville tn houses,,rentas en nashville tennessee,recommended,30,47,commercial
,nashville tn houses,,cheapest apartments in nashville,recommended,40,29,commercial
,nashville tn houses,,property in nashville,recommended,110,51,commercial
,nashville tn houses,,houses in nashville tennessee,recommended,40,46,commercial
,house for rent bloomington,,house for rent bloomington,recommended,260,26,informational
,house for rent bloomington,,bloomington mn rental properties,recommended,110,28,informational
,house for rent bloomington,,places for rent in bloomington mn,recommended,90,24,commercial
,how to get your first apartment,,how to get your first apartment,recommended,140,19,informational
,how to get your first apartment,,how to move into your first apartment,recommended,40,12,informational
,how to get your first apartment,,must haves when moving out for the first time,recommended,40,12,informational
,how to get your first apartment,,what to buy for new apartment,recommended,170,20,informational
,how to get your first apartment,,what do i need for new apartment,recommended,70,13,informational
,how to get your first apartment,,what do you need to furnish an apartment,recommended,70,12,informational
,how to get your first apartment,,apartment necessities,recommended,720,24,informational
,how to get your first apartment,,kitchen essentials for new apartment,recommended,210,20,informational
,how to get your first apartment,,things to do before moving into a new apartment,recommended,90,8,informational
,how to get your first apartment,,apartment essentials,recommended,2900,27,"informational, commercial"
,how to get your first apartment,,apartment kitchen checklist,recommended,70,4,informational
,how to get your first apartment,,items needed for apartment,recommended,260,22,"informational, transactional"
,how to get your first apartment,,checklist when moving out of an apartment,recommended,110,23,informational
,how to get your first apartment,,things to get for new apartment,recommended,140,18,informational
,how to get your first apartment,,things to buy for an apartment,recommended,140,22,informational
,how to get your first apartment,,new apartment shopping list,recommended,260,11,informational
,how to get your first apartment,,apartment basics,recommended,70,15,informational
,how to get your first apartment,,apartment shopping list,recommended,320,16,informational
,how to get your first apartment,,basic apartment needs,recommended,70,18,informational
,how to get your first apartment,,stuff for new apartment,recommended,140,16,commercial
,how to get your first apartment,,stuff to buy for new apartment,recommended,210,22,commercial
,how to get your first apartment,,apartment wish list,recommended,70,25,informational
,how to get your first apartment,,bedroom essentials for first apartment,recommended,70,10,informational
,how to get your first apartment,,move in essentials list,recommended,110,15,informational
,how to get your first apartment,,move in list for new apartment,recommended,70,10,informational
,how to get your first apartment,,apartment checklist printable,recommended,40,6,informational
,how to get your first apartment,,things needed in an apartment,recommended,70,14,"informational, commercial"
,how to get your first apartment,,things to get for an apartment,recommended,140,23,informational
,how to get your first apartment,,apartment items list,recommended,70,14,informational
,how to get your first apartment,,things needed to move into an apartment,recommended,90,18,informational
,small restaurant space for rent,,small restaurant space for rent,recommended,1000,14,informational
,small restaurant space for rent,,1x1 apartments,recommended,70,26,navigational
,small restaurant space for rent,,business locations for lease,recommended,210,21,commercial
,small restaurant space for rent,,commercial premises to rent,recommended,320,32,transactional
,small restaurant space for rent,,commercial kitchens for lease,recommended,50,12,commercial
,small restaurant space for rent,,restaurant properties for sale,recommended,70,18,transactional
,small restaurant space for rent,,commercial kitchen space for rent near me,recommended,110,26,transactional
,small restaurant space for rent,,restaurant spaces for sale,recommended,50,21,transactional
,small restaurant space for rent,,food court for lease,recommended,30,15,informational
,small restaurant space for rent,,space available for lease,recommended,70,29,commercial
,small restaurant space for rent,,commercial real estate restaurant,recommended,30,20,commercial
,small restaurant space for rent,,restaurant buildings for rent near me,recommended,90,37,transactional
,small restaurant space for rent,,kitchen space for lease,recommended,50,34,informational
,small restaurant space for rent,,lease space available near me,recommended,30,31,transactional
,small restaurant space for rent,,lease space for rent,recommended,140,53,commercial
,small restaurant space for rent,,business space for lease,recommended,720,81,informational
,small restaurant space for rent,,place for lease,recommended,70,54,commercial
,property management software for tenant lead generation,,property management software for tenant lead generation,recommended,70,10,commercial
,property management software for tenant lead generation,,rental leads for realtors,recommended,40,5,informational
,property management software for tenant lead generation,,apartment prospect leads,recommended,110,3,informational
,property management software for tenant lead generation,,property management solution,recommended,320,89,commercial
,property management software for tenant lead generation,,how to get rental leads,recommended,70,5,informational
,property management software for tenant lead generation,,prospecting for property management clients,recommended,70,6,informational
,property management software for tenant lead generation,,how to get clients for property management,recommended,30,7,informational
,pet frendly apartments,,pet frendly apartments,recommended,140,28,commercial
,pet frendly apartments,,pet friendly apts for rent near me,recommended,90,19,transactional
,pet frendly apartments,,one bedroom apartment for rent with dog park,recommended,260,16,informational
,pet frendly apartments,,apartment for rent near me dog friendly,recommended,110,27,transactional
,pet frendly apartments,,cheap apartments pet friendly,recommended,40,11,informational
,austin suburbs,,austin suburbs,recommended,1000,28,"informational, commercial"
,austin suburbs,,apartment locators austin,recommended,390,50,commercial
,austin suburbs,,austin area apartment locators,recommended,110,45,informational
,austin suburbs,,rent apartment in austin texas,recommended,140,53,commercial
,austin suburbs,,apartment finders austin,recommended,30,51,commercial
,luxury apartments florida,,luxury apartments florida,recommended,210,48,transactional
,luxury apartments florida,,apartments in north palm beach fl,recommended,70,28,commercial
,cheap apartment for rent in brooklyn ny,,cheap apartment for rent in brooklyn ny,recommended,590,34,transactional
,cheap apartment for rent in brooklyn ny,,2 bedroom apartments for rent in brooklyn,recommended,590,27,informational
,cheap apartment for rent in brooklyn ny,,apartment for rent brooklyn,recommended,1600,50,commercial
,cheap apartment for rent in brooklyn ny,,brooklyn apartments under 1500,recommended,40,12,informational
,cheap apartment for rent in brooklyn ny,,rent brooklyn,recommended,390,50,informational
,cheap apartment for rent in brooklyn ny,,for rent brooklyn ny,recommended,260,50,informational
,cheap apartment for rent in brooklyn ny,,1 bedroom apartment in brooklyn heights new york,recommended,40,25,informational
,cheap apartment for rent in brooklyn ny,,rental brooklyn,recommended,140,45,commercial
,cheap apartment for rent in brooklyn ny,,apartments available in brooklyn ny,recommended,90,53,"navigational, commercial"
,cheap apartment for rent in brooklyn ny,,brooklyn heights sublet,recommended,30,1,informational
,cheap apartment for rent in brooklyn ny,,rental brooklyn ny,recommended,110,50,informational
,cheap apartment for rent in brooklyn ny,,affordable apartments rent brooklyn,recommended,50,38,transactional
,cheap apartment for rent in brooklyn ny,,brooklyn apts,recommended,90,57,commercial
,cheap apartment for rent in brooklyn ny,,apartamentos para rentar en brooklyn,recommended,30,13,informational
,cheap apartment for rent in brooklyn ny,,cheap rent in brooklyn,recommended,590,26,commercial
,cheap apartment for rent in brooklyn ny,,condos for rent in brooklyn ny,recommended,210,26,commercial
,cheap apartment for rent in brooklyn ny,,cheap apts in brooklyn,recommended,110,28,commercial
,cheap apartment for rent in brooklyn ny,,low rent apartments brooklyn,recommended,50,30,commercial
,cheap apartment for rent in brooklyn ny,,apartment complexes in brooklyn ny,recommended,390,39,commercial
,cheap apartment for rent in brooklyn ny,,brooklyn rent prices,recommended,110,48,transactional
,cheap apartment for rent in brooklyn ny,,brooklyn flats for rent,recommended,1300,49,informational
,cheap apartment for rent in brooklyn ny,,brooklyn flat for rent,recommended,1300,49,informational
,cheap apartment for rent in brooklyn ny,,brooklyn housing,recommended,170,50,commercial
,cheap apartment for rent in brooklyn ny,,rent flat in brooklyn,recommended,480,52,commercial
,cheap apartment for rent in brooklyn ny,,apartment brooklyn ny,recommended,40,53,commercial
,cheap apartment for rent in brooklyn ny,,new york apartments in brooklyn,recommended,50,53,commercial
,cheap apartment for rent in brooklyn ny,,apts in brooklyn ny,recommended,720,54,commercial
,best neighborhoods in philadelphia for families,,best neighborhoods in philadelphia for families,recommended,110,9,commercial
,best neighborhoods in philadelphia for families,,best neighborhoods in philadelphia for young adults,recommended,90,13,commercial
,best neighborhoods in philadelphia for families,,best places to live near philadelphia pa,recommended,30,15,"informational, commercial"
,best neighborhoods in philadelphia for families,,best place to live in philadelphia,recommended,590,16,commercial
,best neighborhoods in philadelphia for families,,coolest neighborhoods in philadelphia,recommended,110,17,informational
,best neighborhoods in philadelphia for families,,best areas in philadelphia,recommended,720,17,commercial
,best neighborhoods in philadelphia for families,,nice areas of philadelphia,recommended,110,18,informational
,best neighborhoods in philadelphia for families,,areas in philadelphia,recommended,1000,19,informational
,best neighborhoods in philadelphia for families,,best parts of philadelphia to live,recommended,50,19,commercial
,best neighborhoods in philadelphia for families,,best philly neighborhoods,recommended,260,20,commercial
,best neighborhoods in philadelphia for families,,best neighborhood philadelphia,recommended,40,20,commercial
,best neighborhoods in philadelphia for families,,philadelphia pa neighborhoods,recommended,320,21,informational
,best neighborhoods in philadelphia for families,,philadelphia areas,recommended,70,22,informational
,best neighborhoods in philadelphia for families,,nicest neighborhoods in philadelphia,recommended,590,24,informational
,best neighborhoods in philadelphia for families,,good neighborhoods in philly,recommended,40,27,informational
,best neighborhoods in philadelphia for families,,neighborhood philadelphia,recommended,50,30,informational
,best neighborhoods in philadelphia for families,,neighborhood in philadelphia,recommended,140,31,informational
,best neighborhoods in philadelphia for families,,philadelphia neighbourhoods,recommended,1300,35,informational
,1 bedroom apartment near me,,how to find an apartment in new york,recommended,210,44,informational
,1 bedroom apartment near me,,how to find rentals,recommended,140,91,informational
,1 bedroom apartment near me,,1 bedroom apartment near me,recommended,5400,44,transactional
,1 bedroom apartment near me,,denver studio apartments,recommended,1000,34,commercial
,1 bedroom apartment near me,,apartments specials near me,recommended,390,22,transactional
,1 bedroom apartment near me,,private landlords no credit checks near me,recommended,1600,41,transactional
,1 bedroom apartment near me,,apartment near me that are pet friendly,recommended,170,27,transactional
,1 bedroom apartment near me,,apartment rent specials near me,recommended,170,20,transactional
,1 bedroom apartment near me,,two bedroom rental,recommended,140,29,commercial
,1 bedroom apartment near me,,2 bedroom apartments miami,recommended,210,16,commercial
,1 bedroom apartment near me,,no credit check homes for rent by owner near me,recommended,320,29,transactional
,1 bedroom apartment near me,,pet friendly two bedroom apartment for rent,recommended,140,16,"informational, transactional"
,1 bedroom apartment near me,,one bed apartments,recommended,140,26,transactional
,1 bedroom apartment near me,,1 bedroom apartments knoxville,recommended,140,24,informational
,1 bedroom apartment near me,,phoenix studio apartments,recommended,390,36,commercial
,1 bedroom apartment near me,,3 bedroom houses and apartments for rent,recommended,70,14,informational
,1 bedroom apartment near me,,1 room apartment for rent near me,recommended,720,22,transactional
,1 bedroom apartment near me,,pet friendly places to rent near me,recommended,590,45,"informational, transactional"
,1 bedroom apartment near me,,short term apartment rentals nyc,recommended,590,46,commercial
,1 bedroom apartment near me,,2 bedroom apartments for rent queens,recommended,70,24,commercial
,1 bedroom apartment near me,,2 bedroom apartment specials near me,recommended,40,12,transactional
,1 bedroom apartment near me,,for rent by owner no credit check,recommended,210,49,informational
,1 bedroom apartment near me,,rent near me that are pet friendly,recommended,70,32,transactional
,1 bedroom apartment near me,,cheap apartments for rent in ny,recommended,210,50,transactional
,1 bedroom apartment near me,,need help getting an apartment,recommended,210,65,transactional
,1 bedroom apartment near me,,two bedroom apartment for rent with central air,recommended,110,20,informational
,1 bedroom apartment near me,,one bedroom move in specials near me,recommended,30,1,transactional
,1 bedroom apartment near me,,apartment locators in denver co,recommended,40,30,commercial
,1 bedroom apartment near me,,free apartment locator austin,recommended,50,53,commercial
,1 bedroom apartment near me,,5 bedroom homes for rent in phoenix az,recommended,90,12,informational
,townhomes for rent philadelphia,,how much is an apartment in philadelphia,recommended,30,43,informational
,townhomes for rent philadelphia,,townhomes for rent philadelphia,recommended,390,15,informational
,townhomes for rent philadelphia,,condos in philadelphia pa,recommended,590,31,commercial
,townhomes for rent philadelphia,,inexpensive apartments in philadelphia,recommended,590,34,commercial
,townhomes for rent philadelphia,,cheap apartments in philadelphia pa,recommended,480,36,commercial
,townhomes for rent philadelphia,,philadelphia condos,recommended,210,32,commercial
,townhomes for rent philadelphia,,3 bedroom apartments for rent in philadelphia,recommended,90,19,commercial
,townhomes for rent philadelphia,,apartments in philadelphia 19104,recommended,40,20,navigational
,townhomes for rent philadelphia,,affordable philadelphia suburbs,recommended,70,8,informational
,townhomes for rent philadelphia,,move in specials philadelphia,recommended,110,11,transactional
,townhomes for rent philadelphia,,apt for rent in northeast philadelphia pa,recommended,30,20,commercial
,townhomes for rent philadelphia,,philadelphia pa apartment deals,recommended,30,21,informational
,townhomes for rent philadelphia,,condos for rent in philadelphia pa,recommended,90,26,informational
,townhomes for rent philadelphia,,apartments for rent in south philadelphia,recommended,210,29,commercial
,townhomes for rent philadelphia,,1 br apartments philadelphia,recommended,170,25,informational
,townhomes for rent philadelphia,,two bedroom apartments for rent in philadelphia,recommended,140,26,commercial
,townhomes for rent philadelphia,,apartments for rent center city philadelphia,recommended,170,30,commercial
,townhomes for rent philadelphia,,2 bedroom philadelphia apartments,recommended,40,29,commercial
,townhomes for rent philadelphia,,apartamentos en alquiler philadelphia cerca de mi,recommended,30,32,commercial
,townhomes for rent philadelphia,,cheap apartments for rent in philadelphia,recommended,260,36,transactional
,townhomes for rent philadelphia,,apartment complex philadelphia,recommended,260,36,commercial
,townhomes for rent philadelphia,,cheap apartment buildings in philadelphia,recommended,1000,36,commercial
,townhomes for rent philadelphia,,property for rent in philadelphia pa,recommended,40,40,informational
,townhomes for rent philadelphia,,best philadelphia apartments near parks,recommended,40,41,commercial
,townhomes for rent philadelphia,,philly apartment finder,recommended,50,45,informational
,townhomes for rent philadelphia,,philly for rent,recommended,590,47,informational
,townhomes for rent philadelphia,,apartamentos en renta philadelphia,recommended,70,49,informational
,townhomes for rent philadelphia,,apt in philadelphia,recommended,40,50,informational
,townhomes for rent philadelphia,,rentals in philadelphia pa,recommended,390,50,informational
,townhomes for rent philadelphia,,philly apartment listings,recommended,40,50,informational
,chicago 1 bedroom apartments,,chicago 1 bedroom apartments,recommended,210,36,informational
,chicago 1 bedroom apartments,,chicago illinois apartments,recommended,480,67,commercial
,chicago 1 bedroom apartments,,chicago apartment rent,recommended,170,61,informational
,chicago 1 bedroom apartments,,2 bedroom chicago apartments,recommended,40,30,informational
,chicago 1 bedroom apartments,,move in specials chicago il,recommended,40,3,informational
,chicago 1 bedroom apartments,,chicago illinois apartments for rent,recommended,260,64,commercial
,chicago 1 bedroom apartments,,2br apartments chicago,recommended,30,28,informational
,chicago 1 bedroom apartments,,chicago apartments rent,recommended,140,65,informational
,chicago 1 bedroom apartments,,rent apartments in chicago,recommended,30,63,commercial
,chicago 1 bedroom apartments,,apartments in illinois chicago,recommended,30,63,commercial
,chicago 1 bedroom apartments,,apartments around chicago,recommended,30,64,commercial
,chicago 1 bedroom apartments,,apartments for rent in chicago area,recommended,30,67,commercial
,chicago 1 bedroom apartments,,apartments for rent near university of illinois chicago,recommended,70,23,commercial
,house for rent bloomington il,,house for rent bloomington il,recommended,110,18,informational
,house for rent bloomington il,,for rent bloomington il,recommended,210,18,commercial
,house for rent bloomington il,,apt bloomington,recommended,40,29,commercial
,house for rent bloomington il,,rent bloomington il,recommended,90,28,informational
,house for rent bloomington il,,best apartments in bloomington il,recommended,30,21,commercial
,house for rent bloomington il,,rentals bloomington il,recommended,30,21,"informational, transactional"
,house for rent bloomington il,,rent in bloomington il,recommended,50,36,informational
,house for rent bloomington il,,low income apartments bloomington il,recommended,90,8,commercial
,house for rent bloomington il,,downtown bloomington il apartments,recommended,70,21,commercial
,house for rent bloomington il,,luxury apartments bloomington il,recommended,110,23,commercial
,house for rent bloomington il,,places for rent bloomington il,recommended,70,31,commercial
,rent downtown tampa condo,,rent downtown tampa condo,recommended,70,19,informational
,rent downtown tampa condo,,affordable apartments in florida,recommended,590,41,commercial
,rent downtown tampa condo,,two bedroom apartment tampa,recommended,40,22,commercial
,rent downtown tampa condo,,houses for rent in new tampa fl,recommended,50,31,informational
,rent downtown tampa condo,,downtown tampa apartments,recommended,1900,45,commercial
,rent downtown tampa condo,,luxury apartments for rent tampa,recommended,30,30,commercial
,best apartments in downtown austin,,best apartments in downtown austin,recommended,170,36,commercial
,best apartments in downtown austin,,apartments austin tx downtown,recommended,140,41,transactional
,best apartments in downtown austin,,downtown austin apartment rentals,recommended,30,37,commercial
,best apartments in downtown austin,,apartments for rent in austin tx downtown,recommended,110,42,commercial
,best apartments in downtown austin,,apartment complexes austin tx,recommended,90,43,commercial
,studio apartments near utsa,,studio apartments near utsa,recommended,70,18,navigational
,studio apartments near utsa,,utsa boulevard apartments,recommended,90,34,commercial
,studio apartments near utsa,,luxury apartments near utsa,recommended,40,47,commercial
,cheap houses for rent in nashville tn,,cheap houses for rent in nashville tn,recommended,210,22,informational
,cheap houses for rent in nashville tn,,single family homes for rent in nashville tn,recommended,110,31,informational
,west palm beach apartments,,west palm beach apartments,recommended,3600,42,commercial
,west palm beach apartments,,apartments for rent west palm beach,recommended,2400,43,commercial
,west palm beach apartments,,west palm beach florida apartments,recommended,720,41,commercial
,west palm beach apartments,,apartments for rent in west palm beach florida,recommended,170,22,commercial
,west palm beach apartments,,west palm beach apartments rent,recommended,260,49,commercial
,west palm beach apartments,,apartments for rent near west palm beach,recommended,70,38,navigational
,west palm beach apartments,,apartment rentals west palm beach,recommended,90,44,commercial
,west palm beach apartments,,luxury aparthotels for rent palm beach,recommended,70,44,commercial
,west palm beach apartments,,rental communities west palm beach,recommended,40,34,commercial
,apartment rentals in kansas city,,apartment rentals in kansas city,recommended,720,53,commercial
,apartment rentals in kansas city,,affordable apartments kansas city,recommended,90,38,transactional
,apartment rentals in kansas city,,apartment complexes in kansas city,recommended,50,47,commercial
,apartment rentals in kansas city,,apartments near kansas city,recommended,140,46,commercial
,apartment rentals in kansas city,,apartments in kansas city,recommended,2900,47,commercial
,apartment rentals in kansas city,,apartments for rent in kansas city,recommended,3600,53,commercial
,apartments in northern california,,apartments in northern california,recommended,90,36,commercial
,apartments in northern california,,california apartment prices,recommended,70,45,transactional
,apartments in northern california,,apartment cost in california,recommended,110,46,informational
,ballston arlington va,,ballston arlington va,recommended,1600,32,"informational, transactional"
,ballston arlington va,,ballston park condos arlington va,recommended,30,7,"informational, transactional"
,can you have renters insurance on two places,,can you have renters insurance on two places,recommended,40,4,informational
,can you have renters insurance on two places,,can you have two renters insurance policies,recommended,90,17,"informational, commercial"
,luxury homes rental,,luxury homes rental,recommended,40,68,commercial
,luxury homes rental,,home rentals luxury,recommended,70,65,commercial
,affordable studio apartments phoenix,,affordable studio apartments phoenix,recommended,110,34,"navigational, commercial"
,affordable studio apartments phoenix,,phoenix arizona average rent,recommended,260,29,informational
,affordable studio apartments phoenix,,affordable apartments phoenix az,recommended,70,39,navigational
,affordable studio apartments phoenix,,3 bedroom apartments downtown phoenix,recommended,50,21,navigational
,affordable studio apartments phoenix,,apartments for rent in phoenix az cheap,recommended,90,40,commercial
,affordable studio apartments phoenix,,departamentos en phoenix,recommended,40,21,commercial
,3 bedroom apartments nashville tn,,3 bedroom apartments nashville tn,recommended,320,16,informational
,3 bedroom apartments nashville tn,,apartments for rent in west nashville,recommended,90,21,commercial
,3 bedroom apartments nashville tn,,2 bedroom apartments in nashville,recommended,70,16,commercial
,3 bedroom apartments nashville tn,,cheap apartments in west nashville,recommended,30,17,navigational
,hidden rental costs,,hidden rental costs,recommended,0,0,
,hidden rental costs,,hidden costs of renting out your house,recommended,50,1,"informational, transactional"
,how much to spend on rent,,how much to spend on rent,recommended,1300,40,informational
,how much to spend on rent,,how much rent i can afford calculator,recommended,480,51,informational
,how much to spend on rent,,rental price calculator,recommended,390,56,transactional
,how much to spend on rent,,rent calculator,recommended,40500,58,commercial
,how much to spend on rent,,how much spend on rent,recommended,70,51,informational
,how much to spend on rent,,what does prorated mean,recommended,8100,40,informational
,how much to spend on rent,,rent prorate calculator,recommended,1000,18,informational
,how much to spend on rent,,free prorated rent calculator,recommended,170,19,informational
,how much to spend on rent,,how to budget rent,recommended,50,36,informational
,how much to spend on rent,,rent and income calculator,recommended,390,51,informational
,how much to spend on rent,,prorated rate,recommended,320,33,informational
,how much to spend on rent,,rent price calculator,recommended,90,56,transactional
,how much to spend on rent,,apartment cost calculator,recommended,90,50,informational
,how much to spend on rent,,calculating rental property,recommended,1600,48,"informational, transactional"
,how much to spend on rent,,how to calculate the rent of a property,recommended,70,15,informational
,how much to spend on rent,,rent proration,recommended,50,19,informational
,how much to spend on rent,,how much is monthly rent,recommended,90,67,informational
,how much to spend on rent,,rent affordability,recommended,170,57,informational
,how much to spend on rent,,meaning prorated,recommended,320,48,informational
,how much to spend on rent,,rent vs buy calculator,recommended,18100,60,commercial
,how much to spend on rent,,rent amount calculator,recommended,70,57,informational
,how much to spend on rent,,rental price estimate,recommended,320,55,transactional
,how much to spend on rent,,property rent estimate,recommended,40,38,informational
,how much to spend on rent,,how to determine what to charge for rent,recommended,30,39,informational
,how much to spend on rent,,how to estimate rent,recommended,70,49,informational
,how much to spend on rent,,how to price a rental,recommended,40,37,informational
,apartments in brickell miami for rent,,apartments in brickell miami for rent,recommended,110,29,navigational
,apartments in brickell miami for rent,,brickell miami rent,recommended,70,24,commercial
,apartments in brickell miami for rent,,apartment building in miami,recommended,110,35,commercial
,apartments in brickell miami for rent,,apartment for rent in brickell miami,recommended,40,28,commercial
,apartments in brickell miami for rent,,apt for rent in brickell miami,recommended,30,24,commercial
,apartments in brickell miami for rent,,miami high rise apartment for rent,recommended,40,12,informational
,homes for rent in huntsville al 35810,,homes for rent in huntsville al 35810,recommended,50,36,informational
,homes for rent in huntsville al 35810,,duplex for rent huntsville al,recommended,30,26,commercial
,austin places,,austin places,recommended,260,45,"informational, commercial"
,austin places,,arental homes austin,recommended,320,35,informational
,austin places,,home for rent austin tx,recommended,320,37,informational
,austin places,,houses for rent with no deposit in okc,recommended,170,24,informational
,austin places,,home rental austin tx,recommended,260,35,"informational, commercial"
,austin places,,home rentals in austin tx,recommended,210,41,commercial
,austin places,,property for rent austin,recommended,210,44,informational
,austin places,,austin tx downtown living,recommended,50,41,commercial
,austin places,,townhomes for rent with backyard,recommended,140,39,transactional
,austin places,,tx austin texas,recommended,33100,100,informational
,austin places,,casa de renta houston tx,recommended,110,42,informational
,austin places,,rental house houston tx,recommended,1000,52,informational
,austin places,,huntsville rentals,recommended,210,57,commercial
,3 bedroom apartments in huntsville al,,3 bedroom apartments in huntsville al,recommended,70,4,commercial
,3 bedroom apartments in huntsville al,,huntsville apartment,recommended,170,39,commercial
,3 bedroom apartments in huntsville al,,studio apartments in huntsville al,recommended,90,22,commercial
,3 bedroom apartments in huntsville al,,1 bedroom apartment in huntsville al,recommended,40,13,commercial
,3 bedroom apartments in huntsville al,,cheap 1 bedroom apartments in huntsville al,recommended,30,13,transactional
,3 bedroom apartments in huntsville al,,two bedroom apartments huntsville al,recommended,30,17,commercial
,3 bedroom apartments in huntsville al,,northeast huntsville huntsville apartments,recommended,50,24,commercial
,3 bedroom apartments in huntsville al,,apartments in downtown huntsville,recommended,40,40,commercial
,3 bedroom apartments in huntsville al,,huntsville rental,recommended,50,49,"informational, transactional"
,houses for rent with pool in phoenix az,,houses for rent with pool in phoenix az,recommended,90,18,"informational, commercial"
,houses for rent with pool in phoenix az,,cheap homes for rent in phoenix az,recommended,140,42,informational
,houses for rent with pool in phoenix az,,phoenix vacation rentals with pool,recommended,70,4,"informational, transactional"
,houses for rent with pool in phoenix az,,cheap houses in phoenix for rent,recommended,140,50,commercial
,houses for rent with pool in phoenix az,,vacation rental by owner phoenix arizona,recommended,140,23,commercial
,houses for rent with pool in phoenix az,,single family home rentals phoenix,recommended,50,32,informational
,houses for rent with pool in phoenix az,,cheap apartments in phoenix arizona,recommended,40,38,commercial
,houses for rent with pool in phoenix az,,phoenix az rent prices,recommended,40,50,transactional
,first time renters guide,,first time renters guide,recommended,70,19,informational
,first time renters guide,,tips for renting a house,recommended,70,20,informational
,first time renters guide,,steps to renting a house for the first time,recommended,40,22,informational
,first time renters guide,,what to look for when renting apartment,recommended,90,32,informational
,1 bedroom apartments for rent in denver,,1 bedroom apartments for rent in denver,recommended,70,24,transactional
,1 bedroom apartments for rent in denver,,housing near denver university,recommended,30,15,commercial
,1 bedroom apartments for rent in denver,,1 bedroom houses for rent in denver,recommended,30,15,informational
,1 bedroom apartments for rent in denver,,one bedroom apartments for rent denver,recommended,40,27,"informational, transactional"
,los angeles 1 bedroom apartment,,los angeles 1 bedroom apartment,recommended,110,33,commercial
,los angeles 1 bedroom apartment,,1 bed apartment los angeles,recommended,50,31,informational
,fair housing history,,fair housing history,recommended,70,30,informational
,fair housing history,,fair housing act in california,recommended,110,42,"informational, commercial"
,fair housing history,,fair housing laws in california,recommended,70,35,"informational, commercial"
,fair housing history,,fair housing act year,recommended,110,45,informational
,fair housing history,,equal housing opportunity meaning,recommended,140,28,informational
,fair housing history,,what is the purpose of the fair housing act,recommended,50,31,informational
,fair housing history,,real estate fair housing laws,recommended,70,42,informational
,fair housing history,,what was the fair housing act,recommended,170,43,informational
,fair housing history,,fair housing california,recommended,70,44,commercial
,fair housing history,,what is equal housing opportunity,recommended,480,46,informational
,fair housing history,,fair housing act summary,recommended,90,47,informational
,fair housing history,,equal opportunity in housing act,recommended,70,49,informational
,fair housing history,,fair housing complaint,recommended,480,50,"informational, transactional"
,fair housing history,,federal fair housing acts,recommended,30,51,informational
,fair housing history,,fair housing act text,recommended,70,51,"informational, commercial"
,fair housing history,,fair housing act discrimination,recommended,110,59,informational
,fair housing history,,fair housing act fha,recommended,140,61,informational
,fair housing history,,equal opportunity housing act,recommended,70,62,informational
,fair housing history,,fair housing act wikipedia,recommended,110,64,"navigational, transactional"
,fair housing history,,fair houseing act,recommended,90,73,informational
,average rent one bedroom manhattan,,average rent one bedroom manhattan,recommended,50,48,informational
,average rent one bedroom manhattan,,average cost of one bedroom apartment in new york,recommended,90,45,informational
,average rent one bedroom manhattan,,average rent in brooklyn 1 bedroom,recommended,40,31,informational
,houses for rent near ut austin,,houses for rent near ut austin,recommended,50,14,informational
,houses for rent near ut austin,,houses for rent near university of texas austin,recommended,50,18,informational
,west campus austin tx,,west campus austin tx,recommended,260,28,informational
,west campus austin tx,,rent in austin texas,recommended,480,50,informational
,west campus austin tx,,apartment rental austin,recommended,480,57,commercial
,west campus austin tx,,south austin apts for rent,recommended,260,42,commercial
,west campus austin tx,,apartment finder austin,recommended,320,54,transactional
,west campus austin tx,,austin apartments locator,recommended,140,50,commercial
,west campus austin tx,,apartment complex austin,recommended,90,38,commercial
,west campus austin tx,,smart housing austin west campus,recommended,30,9,informational
,west campus austin tx,,affordable homes near austin,recommended,140,28,commercial
,west campus austin tx,,austin apartments for rent cheap,recommended,50,30,transactional
,west campus austin tx,,apartments for rent northwest austin,recommended,30,24,navigational
,west campus austin tx,,affordable housing austin for rent,recommended,50,18,commercial
,west campus austin tx,,affordable apartments in austin texas,recommended,70,31,commercial
,west campus austin tx,,apt finders austin tx,recommended,50,49,commercial
,west campus austin tx,,affordable rent austin,recommended,40,21,commercial
,west campus austin tx,,apartment finding assistance,recommended,170,70,commercial
,west campus austin tx,,apartments near apple campus austin,recommended,30,18,commercial
,west campus austin tx,,apartments rent austin texas,recommended,110,46,"navigational, commercial"
,west campus austin tx,,apt finder austin texas,recommended,30,55,commercial
,west campus austin tx,,apts for rent in austin tx,recommended,30,55,commercial
,west campus austin tx,,austin housing search,recommended,40,58,commercial
,west campus austin tx,,apartments for rent in austin tx near downtown,recommended,50,44,commercial
,west campus austin tx,,austin texas apartment rent,recommended,70,54,commercial
,income based homes in charlotte nc,,income based homes in charlotte nc,recommended,1900,16,commercial
,income based homes in charlotte nc,,income based apartments charlotte,recommended,1000,9,commercial
,income based homes in charlotte nc,,townhomes near me,recommended,40500,56,transactional
,income based homes in charlotte nc,,low income apartments charlotte nc,recommended,1300,30,commercial
,income based homes in charlotte nc,,low income housing charlotte nc,recommended,1300,36,commercial
,income based homes in charlotte nc,,apartments for rent under 800 in charlotte nc,recommended,50,11,informational
,income based homes in charlotte nc,,charlotte low income housing,recommended,140,25,commercial
,income based homes in charlotte nc,,low income charlotte nc,recommended,40,30,commercial
,income based homes in charlotte nc,,affordable one bedroom apartments in charlotte nc,recommended,70,21,commercial
,income based homes in charlotte nc,,cheap studio apartments charlotte nc,recommended,40,29,commercial
,2 bedroom apartments in manhattan,,2 bedroom apartments in manhattan,recommended,390,28,commercial
,2 bedroom apartments in manhattan,,2 br apartments nyc,recommended,260,36,informational
,2 bedroom apartments in manhattan,,2 bedroom flat,recommended,40,23,informational
,2 bedroom apartments in manhattan,,2bd for rent near me,recommended,40,16,transactional
,phoenix az apartments furnished,,phoenix az apartments furnished,recommended,70,21,navigational
,phoenix az apartments furnished,,phoenix az condos for rent,recommended,30,33,commercial
,phoenix az apartments furnished,,condo for rent in phoenix,recommended,30,34,commercial
,phoenix az apartments furnished,,condos near me phoenix,recommended,40,42,transactional
,2 bed townhouse,,2 bed townhouse,recommended,140,19,informational
,2 bed townhouse,,2 bedroom townhouses,recommended,140,22,informational
,2 bed townhouse,,2 bedroom town houses,recommended,50,19,informational
,short term rentals in nyc,,short term rentals in nyc,recommended,590,46,transactional
,short term rentals in nyc,,temporary rentals nyc,recommended,50,34,informational
,two bedroom two bath,,two bedroom two bath,recommended,480,20,informational
,two bedroom two bath,,small 2 bedroom apartment,recommended,50,11,"informational, commercial"
,two bedroom two bath,,2bedroom 2bath,recommended,70,15,informational
,two bedroom for rent,,two bedroom for rent,recommended,590,26,transactional
,two bedroom for rent,,modern two bedroom apartment,recommended,90,9,commercial
,two bedroom for rent,,2 story apartment,recommended,390,23,"informational, transactional"
,apartments with no pet restriction,,apartments with no pet restriction,recommended,50,14,informational
,apartments with no pet restriction,,apartment complexes that allow dogs,recommended,260,29,commercial
,pet friendly apts near me,,pet friendly apts near me,recommended,480,20,transactional
,pet friendly apts near me,,pet friendly apts,recommended,720,36,commercial
,pet friendly apts near me,,apartemen dog friendly,recommended,2400,11,informational
,pet friendly apts near me,,cheap apartments that allow dogs,recommended,110,14,transactional
,pet friendly apts near me,,pet friendly apartment,recommended,480,35,commercial
,pet friendly apts near me,,cheap dog friendly apartments,recommended,110,22,commercial
,pet friendly apts near me,,rentals near me pet friendly,recommended,480,52,"informational, transactional"
,pet friendly apts near me,,houses for rent with pets,recommended,50,15,transactional
,pet friendly apts near me,,homes for rent with pets,recommended,90,39,informational
,pet friendly apts near me,,houses to rent pets allowed,recommended,260,17,informational
,pet friendly apts near me,,pet friendly rental,recommended,720,40,informational
,pet friendly apts near me,,pet friendly rentals florida,recommended,90,21,commercial
,pet friendly apts near me,,no pet restriction apartments,recommended,30,21,informational
,pet friendly apts near me,,dog friendly rentals,recommended,390,38,commercial
,pet friendly apts near me,,florida pet friendly vacation homes,recommended,50,14,informational
,pet friendly apts near me,,pet friendly rent,recommended,110,46,informational
,pet friendly apts near me,,apartments that accept 3 pets,recommended,30,14,informational
,pet friendly apts near me,,pet friendly beachfront vacation rentals east florida,recommended,40,15,transactional
,pet friendly apts near me,,rentals near me that allow pets,recommended,70,37,transactional
,pet friendly apts near me,,pet friendly florida beach rentals,recommended,50,23,commercial
,pet friendly apts near me,,pet free apartments,recommended,90,22,informational
,pet friendly apts near me,,dog friendly rental,recommended,170,33,informational
,pet friendly apts near me,,pet friendly house rentals,recommended,210,38,commercial
,pet friendly apts near me,,dog friendly vacation rentals florida,recommended,30,15,transactional
,pet friendly apts near me,,rental with pets allowed,recommended,110,38,commercial
,pet friendly apts near me,,pet friendly for rent by owner,recommended,70,33,informational
,pet friendly apts near me,,rentals that allow pets,recommended,70,46,informational
,pet friendly apts near me,,properties to rent that allow pets,recommended,40,40,informational
,pet friendly apts near me,,house rentals that allow pets,recommended,40,42,commercial
,apartments near kent state campus,,apartments near kent state campus,recommended,210,22,commercial
,apartments near kent state campus,,kent student apartments,recommended,70,44,commercial
,apartments near kent state campus,,university apartments kent ohio,recommended,30,24,commercial
,apartments near kent state campus,,student housing kent,recommended,40,42,commercial
,house for rent in east nashville,,house for rent in east nashville,recommended,70,14,"informational, transactional"
,house for rent in east nashville,,nashville tennessee house for rent,recommended,110,31,informational
,house for rent in east nashville,,east nashville apartments for rent,recommended,50,32,commercial
,orlando 2 bedroom apartments,,orlando 2 bedroom apartments,recommended,140,29,navigational
,orlando 2 bedroom apartments,,furnished apartments for rent in orlando,recommended,140,9,informational
,orlando 2 bedroom apartments,,studio apartments in orlando,recommended,1900,35,commercial
,orlando 2 bedroom apartments,,affordable apartments in orlando,recommended,210,29,commercial
,orlando 2 bedroom apartments,,houses for rent florida orlando,recommended,880,47,commercial
,orlando 2 bedroom apartments,,apartments near downtown orlando fl,recommended,90,32,commercial
,orlando 2 bedroom apartments,,orlando fl for rent,recommended,320,42,informational
,orlando 2 bedroom apartments,,affordable apartments orlando fl,recommended,40,24,commercial
,orlando 2 bedroom apartments,,apartamento en orlando,recommended,50,29,informational
,orlando 2 bedroom apartments,,places to rent in orlando florida,recommended,140,49,informational
,orlando 2 bedroom apartments,,orlando apartments for rent by owner,recommended,40,30,informational
,orlando 2 bedroom apartments,,orlando florida for rent,recommended,90,44,informational
,orlando 2 bedroom apartments,,apts in orlando,recommended,140,53,commercial
,orlando 2 bedroom apartments,,for rent in orlando fl,recommended,90,46,informational
,orlando 2 bedroom apartments,,homes rent orlando,recommended,70,31,informational
,orlando 2 bedroom apartments,,orlando fl house for rent,recommended,140,41,informational
,orlando 2 bedroom apartments,,orlando studio apartments for rent,recommended,40,35,"informational, transactional"
,orlando 2 bedroom apartments,,orlando rental properties,recommended,90,38,commercial
,orlando 2 bedroom apartments,,house rent orlando,recommended,90,40,commercial
,orlando 2 bedroom apartments,,downtown apartments orlando fl,recommended,40,40,commercial
,orlando 2 bedroom apartments,,rent a home orlando,recommended,70,38,informational
,orlando 2 bedroom apartments,,places for rent orlando fl,recommended,40,42,informational
,orlando 2 bedroom apartments,,cheap apartments near orlando fl,recommended,30,40,commercial
,orlando 2 bedroom apartments,,house to rent orlando,recommended,30,41,commercial
,orlando 2 bedroom apartments,,rental property in orlando,recommended,50,50,commercial
,orlando 2 bedroom apartments,,orlando family apartments,recommended,0,0,
,rent insurance quotes,,rent insurance quotes,recommended,260,61,commercial
,rent insurance quotes,,typical renters insurance coverage,recommended,390,46,informational
,rent insurance quotes,,what is renters insurance coverage,recommended,480,56,informational
,rent insurance quotes,,what does a renters insurance policy cover,recommended,70,40,informational
,rent insurance quotes,,renters insurance what it covers,recommended,170,53,informational
,rent insurance quotes,,renters insurance recommended coverage,recommended,50,49,informational
,rent insurance quotes,,renters insurance information,recommended,170,61,informational
,one bedroom apartments for rent in minneapolis,,one bedroom apartments for rent in minneapolis,recommended,30,19,commercial
,one bedroom apartments for rent in minneapolis,,cheap apartments for rent in minneapolis mn,recommended,30,27,commercial
,one bedroom apartments for rent in minneapolis,,one bedroom apartments minneapolis,recommended,480,18,informational
,one bedroom apartments for rent in minneapolis,,studio apartments for rent minneapolis mn,recommended,170,21,commercial
,is knoxville a good place to live,,best areas to rent knoxville,recommended,0,0,
,is knoxville a good place to live,,is knoxville a good place to live,recommended,720,33,informational
,is knoxville a good place to live,,knoxville best neighborhoods,recommended,140,11,commercial
,is knoxville a good place to live,,best place to live in knoxville,recommended,140,9,commercial
,dc 2 bedroom apartments,,dc 2 bedroom apartments,recommended,70,22,"informational, transactional"
,dc 2 bedroom apartments,,2 bedroom 2,recommended,40,15,informational
,dc 2 bedroom apartments,,2 bed 1 bathroom,recommended,70,22,commercial
,rockledge apartments reviews,,rockledge apartments reviews,recommended,390,19,commercial
,rockledge apartments reviews,,space coast apartments,recommended,0,0,
,rockledge apartments reviews,,rockledge apartment,recommended,50,28,commercial
,cheap apartments in palm beach,,cheap apartments in palm beach,recommended,480,32,commercial
,cheap apartments in palm beach,,west palm beach rental apartments,recommended,140,41,commercial
,studio apt for rent tampa,,studio apt for rent tampa,recommended,210,20,commercial
,studio apt for rent tampa,,studio apartments for rent tampa,recommended,210,27,informational
,2 bedroom apartments that allow pets,,what do you need when renting an apartment,recommended,260,14,informational
,2 bedroom apartments that allow pets,,when applying for an apartment,recommended,110,10,informational
,2 bedroom apartments that allow pets,,what you need to rent an apartment,recommended,170,26,informational
,2 bedroom apartments that allow pets,,what do i need to apply for an apartment,recommended,170,28,informational
,2 bedroom apartments that allow pets,,what is required to rent an apartment,recommended,110,14,informational
,2 bedroom apartments that allow pets,,what paperwork do i need to rent an apartment,recommended,90,17,informational
,2 bedroom apartments that allow pets,,when applying for an apartment what do you need,recommended,90,26,informational
,2 bedroom apartments that allow pets,,what is required to get an apartment,recommended,70,24,informational
,2 bedroom apartments that allow pets,,what do i need to lease an apartment,recommended,50,18,informational
,2 bedroom apartments that allow pets,,what to look at when renting an apartment,recommended,90,22,informational
,2 bedroom apartments that allow pets,,what do i need for an apartment,recommended,140,16,informational
,2 bedroom apartments that allow pets,,how does apartment rent work,recommended,50,37,informational
,2 bedroom apartments that allow pets,,what to know before getting an apartment,recommended,30,25,informational
,2 bedroom apartments that allow pets,,how to qualify for apartment,recommended,30,23,informational
,2 bedroom apartments that allow pets,,2 bedroom apartments that allow pets,recommended,320,22,commercial
,2 bedroom apartments that allow pets,,apartment rental application,recommended,480,37,"informational, transactional"
,2 bedroom apartments that allow pets,,homes for rent pets allowed,recommended,140,19,informational
,2 bedroom apartments that allow pets,,documents needed to rent an apartment,recommended,170,21,informational
,2 bedroom apartments that allow pets,,apartment application requirements,recommended,110,14,informational
,2 bedroom apartments that allow pets,,requirements to get an apartment,recommended,90,15,informational
,2 bedroom apartments that allow pets,,requirements for renting apartment,recommended,70,23,"informational, commercial"
,2 bedroom apartments that allow pets,,apartment application process,recommended,320,22,informational
,2 bedroom apartments that allow pets,,income based apartments charlotte north carolina,recommended,2400,25,commercial
,2 bedroom apartments that allow pets,,apartments in charlotte based on income,recommended,2900,32,commercial
,2 bedroom apartments that allow pets,,qualifications to rent an apartment,recommended,50,16,informational
,2 bedroom apartments that allow pets,,things you need to rent an apartment,recommended,50,20,informational
,2 bedroom apartments that allow pets,,apartments with specials for rent,recommended,30,13,informational
,2 bedroom apartments that allow pets,,second chance apartments no credit check,recommended,210,31,commercial
,2 bedroom apartments that allow pets,,credit score for apartment rental,recommended,260,34,informational
,2 bedroom apartments that allow pets,,credit score for an apartment,recommended,170,31,informational
,cheap high rise apartments houston,,cheap high rise apartments houston,recommended,30,45,commercial
,cheap high rise apartments houston,,apartments near downtown houston tx,recommended,210,50,navigational
,cheap high rise apartments houston,,downtown living houston tx,recommended,70,38,transactional
,cheap high rise apartments houston,,best apartments downtown houston,recommended,30,41,commercial
,cheap high rise apartments houston,,houston downtown rentals,recommended,30,42,commercial
,cheap high rise apartments houston,,apartment for rent downtown houston,recommended,30,43,commercial
,cheap high rise apartments houston,,apartments for rent downtown houston,recommended,260,53,commercial
,cheap high rise apartments houston,,apartments downtown houston,recommended,880,53,commercial
,cheap high rise apartments houston,,houston tx downtown apartments,recommended,110,58,commercial
,cheap high rise apartments houston,,flats to rent in houston texas,recommended,5400,59,commercial
,texas restaurants for lease,,texas restaurants for lease,recommended,40,1,"informational, transactional"
,texas restaurants for lease,,dallas county restaurants for lease,recommended,30,3,"informational, transactional"
,top apartments in tampa,,top apartments in tampa,recommended,30,43,commercial
,top apartments in tampa,,tampa bay apartment,recommended,70,56,commercial
,studio apts denver co,,studio apts denver co,recommended,1300,34,commercial
,studio apts denver co,,studio apartments for rent denver co,recommended,110,28,commercial
,studio apts denver co,,affordable studio apartments denver,recommended,90,23,navigational
,studio apts denver co,,cheap apartments in denver co,recommended,70,25,commercial
,studio apts denver co,,studio apt for rent in denver co,recommended,70,33,commercial
,university club apartments gainesville fl,,university club apartments gainesville fl,recommended,140,10,"informational, transactional"
,university club apartments gainesville fl,,student housing gainesville,recommended,480,47,commercial
,university club apartments gainesville fl,,furnished student apartments in gainesville,recommended,50,43,commercial
,university club apartments gainesville fl,,student apartments near uf best amenities,recommended,90,52,commercial
,university club apartments gainesville fl,,gainesville student apartment,recommended,30,50,commercial
,apartments with utilities included phoenix,,apartments with utilities included phoenix,recommended,30,18,commercial
,apartments with utilities included phoenix,,apartments in phoenix arizona with utilities included,recommended,30,20,commercial
,apartments by rent,,how to find apartments nyc,recommended,390,39,informational
,apartments by rent,,how to find apartments in new york,recommended,140,58,informational
,apartments by rent,,how to find short term rentals,recommended,320,40,informational
,apartments by rent,,how do i find an apartment in nyc,recommended,50,39,informational
,apartments by rent,,where to find short term rentals,recommended,90,38,commercial
,apartments by rent,,where to find nyc apartments,recommended,90,69,"informational, commercial"
,apartments by rent,,apartments by rent,recommended,49500,70,navigational
,apartments by rent,,2 br apartment nyc,recommended,590,33,informational
,apartments by rent,,two bedroom apartment new york,recommended,320,33,informational
,apartments by rent,,rent an apartment,recommended,1900,81,commercial
,apartments by rent,,cheap apartments for rent in brooklyn,recommended,320,27,transactional
,apartments by rent,,2 bedroom furnished flat,recommended,90,15,commercial
,apartments by rent,,nyc 2 bedroom apartments for rent,recommended,140,34,commercial
,apartments by rent,,summer sublet apartments new york city,recommended,480,21,informational
,apartments by rent,,rent flat nyc,recommended,8100,72,informational
,apartments by rent,,month to month apartments for rent near me,recommended,320,50,transactional
,apartments by rent,,new york apartments,recommended,12100,83,commercial
,apartments by rent,,studio apartments for rent bronx ny,recommended,320,26,informational
,apartments by rent,,affordable 2 bedroom apartments nyc,recommended,110,40,commercial
,apartments by rent,,south bronx apartments,recommended,210,21,informational
,apartments by rent,,home for rent short term,recommended,320,65,informational
,apartments by rent,,nyc apartment for rent,recommended,4400,79,informational
,apartments by rent,,new york summer sublet,recommended,140,14,"informational, transactional"
,apartments by rent,,new york sublets summer,recommended,140,14,"informational, transactional"
,apartments by rent,,2 bedroom apartment for rent nyc,recommended,70,42,informational
,apartments by rent,,short term accommodation rental,recommended,12100,56,commercial
,apartments by rent,,rent apartment in brooklyn,recommended,390,50,informational
,apartments by rent,,apartment for rent new york,recommended,1300,70,commercial
,apartments by rent,,apts for rent in bronx ny by owner,recommended,140,28,informational
,apartments by rent,,apartments for rent in bronx ny by owner,recommended,110,29,informational
,apartments for rent,,two bedroom apartments in md,recommended,90,29,commercial
,apartments for rent,,how to find home rentals,recommended,170,75,informational
,apartments for rent,,how to find an apartment online,recommended,70,76,informational
,apartments for rent,,how to find places to rent,recommended,110,85,informational
,apartments for rent,,apartments for rent,recommended,450000,79,informational
,apartments for rent,,pet friendly apartment rentals,recommended,480,29,informational
,apartments for rent,,townhomes for rent by owner,recommended,480,16,informational
,apartments for rent,,apartment specials near me,recommended,2900,26,transactional
,apartments for rent,,2 bedroom apartments in boston,recommended,210,30,commercial
,apartments for rent,,places for rent pet friendly,recommended,140,18,informational
,apartments for rent,,houses for rent that allow pets,recommended,140,24,"informational, transactional"
,apartments for rent,,above garage apartment,recommended,1000,20,informational
,apartments for rent,,townhomes for rent by private owner,recommended,390,11,informational
,apartments for rent,,apartments in florida,recommended,3600,53,commercial
,apartments for rent,,2 bedroom pet friendly apartments near me,recommended,210,21,transactional
,apartments for rent,,apartment for rent austin,recommended,260,59,commercial
,apartments for rent,,apt for rent pet friendly,recommended,110,36,transactional
,apartments for rent,,apartments for rent near me that allow dogs,recommended,140,18,transactional
,apartments for rent,,apartments with no credit check greenville sc,recommended,70,25,commercial
,apartments for rent,,2 bedroom apartments orlando fl,recommended,880,23,commercial
,apartments for rent,,two bedroom apartments indianapolis,recommended,210,11,informational
,apartments for rent,,for rent by owner phoenix az,recommended,210,24,commercial
,apartments for rent,,big dog friendly apartments near me,recommended,70,19,transactional
,apartments for rent,,3 bedroom houses for rent in denver,recommended,40,11,informational
,apartments for rent,,apartments for rent new york city,recommended,1300,73,informational
,apartments for rent,,section 8 houses for rent with no deposit,recommended,170,42,informational
,apartments for rent,,apartments for rent in south florida,recommended,210,36,informational
,apartments for rent,,1 bedroom 1 bathroom apartment for rent,recommended,170,24,informational
,apartments for rent,,places for rent that allow pets,recommended,70,31,informational
,apartments for rent,,casas de renta phoenix,recommended,140,36,informational
,garage with apartment on top,,garage with apartment on top,recommended,390,20,informational
,garage with apartment on top,,garage apartment floor plans 2 bedrooms,recommended,90,13,informational
,garage with apartment on top,,cost of garage apartment,recommended,170,15,informational
,garage with apartment on top,,garage efficiency apartment,recommended,320,32,informational
,garage with apartment on top,,garage studio apartments,recommended,110,18,informational
,garage with apartment on top,,garage with small apartment,recommended,70,12,informational
,garage with apartment on top,,garage apartments for rent houston tx,recommended,110,32,commercial
,garage with apartment on top,,2 bedroom apartment above garage plans,recommended,50,19,informational
,garage with apartment on top,,garage with apartment loft,recommended,40,16,informational
,west campus ut austin,,west campus ut austin,recommended,260,39,informational
,west campus ut austin,,apartment hunters austin tx,recommended,40,17,informational
,west campus ut austin,,apartment rentals in austin tx,recommended,390,56,commercial
,west campus ut austin,,ut north campus apartments,recommended,140,23,commercial
,west campus ut austin,,furnished apartments ut austin,recommended,40,31,commercial
,west campus ut austin,,ut west campus housing,recommended,30,44,commercial
,west campus ut austin,,apartment buildings austin,recommended,70,47,commercial
,west campus ut austin,,flats in austin texas,recommended,14800,50,commercial
,west campus ut austin,,north austin apartments for rent,recommended,140,35,commercial
,pet friendly hotels in st augustine fl historic district,,pet friendly hotels in st augustine fl historic district,recommended,110,31,transactional
,pet friendly hotels in st augustine fl historic district,,st augustine dog friendly hotel,recommended,90,28,commercial
,pet friendly hotels in st augustine fl historic district,,dog friendly bed and breakfast st augustine,recommended,40,15,"informational, transactional"
,pet friendly hotels in st augustine fl historic district,,hotels in st augustine that allow dogs,recommended,40,27,commercial
,houses for rent no credit check in atlanta ga,,houses for rent no credit check in atlanta ga,recommended,40,26,informational
,houses for rent no credit check in atlanta ga,,one bedroom move in specials,recommended,40,2,informational
,houses for rent no credit check in atlanta ga,,1 bedroom move in specials,recommended,40,5,informational
,houses for rent no credit check in atlanta ga,,new construction townhomes for rent near me,recommended,50,20,transactional
,how much for 2 bedroom apartment,,how much for 2 bedroom apartment,recommended,140,15,informational
,how much for 2 bedroom apartment,,square footage of a 2 bedroom apartment,recommended,140,8,informational
,how much for 2 bedroom apartment,,how many square feet in a 2 bedroom apartment,recommended,90,16,informational
,life in minneapolis,,life in minneapolis,recommended,110,30,informational
,life in minneapolis,,minneapolis mn area,recommended,140,53,informational
,life in minneapolis,,minneapolis minnesota,recommended,14800,60,informational
,pet rent,,pet rent,recommended,590,27,informational
,pet rent,,is pet deposit refundable,recommended,140,8,informational
,pet rent,,average pet deposit,recommended,170,16,informational
,pet rent,,what does a pet deposit cover,recommended,90,5,informational
,pet rent,,typical pet deposit,recommended,140,17,informational
,pet rent,,how much is pet rent,recommended,110,21,informational
,pet rent,,what is pet deposit,recommended,90,18,informational
,pet rent,,average pet fee for rental,recommended,110,30,informational
,pet rent,,why do apartments charge pet rent,recommended,50,16,informational
,pet rent,,average pet deposit for rentals,recommended,70,26,commercial
,pet rent,,how much is a pet deposit for a cat,recommended,50,18,informational
,kitchen space for rent,,kitchen space for rent,recommended,1300,20,informational
,kitchen space for rent,,commercial kitchen for rent,recommended,5400,39,commercial
,kitchen space for rent,,commercial kitchen space for rent,recommended,1000,22,commercial
,dog friendly apartments san jose,,dog friendly apartments san jose,recommended,90,50,transactional
,dog friendly apartments san jose,,pet friendly apartments for rent in san jose ca,recommended,40,38,commercial
,dog friendly apartments san jose,,san jose pet friendly apartments,recommended,30,50,transactional
,1br apts,,1br apts,recommended,260,29,commercial
,1br apts,,1 bedroom apartments for rent in queens,recommended,50,20,commercial
,denver rino apartments,,denver rino apartments,recommended,70,44,commercial
,denver rino apartments,,apts in five points denver,recommended,40,38,commercial
,apartments in west charlotte nc,,apartments in west charlotte nc,recommended,30,25,navigational
,apartments in west charlotte nc,,affordable luxury apartments charlotte nc,recommended,90,53,commercial
,nyc apartments 2 bedroom,,how much is apartment rent in california,recommended,70,41,informational
,nyc apartments 2 bedroom,,nyc apartments 2 bedroom,recommended,320,35,informational
,nyc apartments 2 bedroom,,short term home rentals,recommended,880,87,commercial
,nyc apartments 2 bedroom,,rental homes short term,recommended,170,56,commercial
,nyc apartments 2 bedroom,,pet friendly furnished apartments,recommended,70,22,navigational
,nyc apartments 2 bedroom,,cheap apartments brooklyn ny,recommended,140,33,transactional
,nyc apartments 2 bedroom,,1 bedroom furnished apartments,recommended,210,52,"informational, transactional"
,nyc apartments 2 bedroom,,short term rental options,recommended,90,44,informational
,nyc apartments 2 bedroom,,short term home rentals near me,recommended,390,89,transactional
,nyc apartments 2 bedroom,,ny studio apartment,recommended,90,41,"informational, transactional"
,nyc apartments 2 bedroom,,townhomes for rent near me pet friendly,recommended,480,18,transactional
,nyc apartments 2 bedroom,,short term apartments in new york city for rent,recommended,320,45,commercial
,nyc apartments 2 bedroom,,short term rentals near me,recommended,8100,64,transactional
,nyc apartments 2 bedroom,,luxury townhomes for rent,recommended,1000,34,commercial
,nyc apartments 2 bedroom,,house rentals short term,recommended,90,67,informational
,nyc apartments 2 bedroom,,house short term rental,recommended,110,75,commercial
,nyc apartments 2 bedroom,,monthly apt rentals,recommended,390,63,commercial
,nyc apartments 2 bedroom,,furnished apartments los angeles short term,recommended,140,28,commercial
,nyc apartments 2 bedroom,,short term apartment rentals florida,recommended,170,31,commercial
,nyc apartments 2 bedroom,,rent month to month apartments,recommended,140,50,commercial
,nyc apartments 2 bedroom,,rental homes in california,recommended,140,41,informational
,nyc apartments 2 bedroom,,monthly apartment rentals near me,recommended,320,69,transactional
,nyc apartments 2 bedroom,,temporary furnished apartments,recommended,320,64,commercial
,nyc apartments 2 bedroom,,furnished pet friendly apartments near me,recommended,30,65,transactional
,nyc apartments 2 bedroom,,short term fully furnished rentals,recommended,140,61,informational
,nyc apartments 2 bedroom,,temporary monthly rentals,recommended,140,67,commercial
,nyc apartments 2 bedroom,,affordable short term rentals,recommended,210,75,"informational, transactional"
,nyc apartments 2 bedroom,,short term month to month rentals near me,recommended,70,62,transactional
,nyc apartments 2 bedroom,,flexible rental apartments,recommended,90,64,commercial
,nyc apartments 2 bedroom,,month by month apartment rental,recommended,30,53,informational
,furnished apartments nashville,,furnished apartments nashville,recommended,590,24,commercial
,furnished apartments nashville,,month to month rentals nashville,recommended,210,20,commercial
,furnished apartments nashville,,furnished rentals nashville,recommended,110,23,informational
,furnished apartments nashville,,short term apartments nashville tn,recommended,70,21,transactional
,furnished apartments nashville,,short term lease apartments nashville tn,recommended,50,20,commercial
,furnished apartments nashville,,furnished apartment nashville,recommended,50,23,commercial
,furnished apartments nashville,,monthly furnished rentals nashville tn,recommended,50,25,commercial
,criteria for renting an apartment,,criteria for renting an apartment,recommended,110,16,informational
,criteria for renting an apartment,,credit check for renting,recommended,590,38,informational
,criteria for renting an apartment,,can i rent a house with bad credit history,recommended,110,14,informational
,criteria for renting an apartment,,apartments that accept low credit scores near me,recommended,590,35,transactional
,criteria for renting an apartment,,apartments that take low credit,recommended,50,30,commercial
,neighborhoods of denver,,neighborhoods of denver,recommended,210,30,informational
,neighborhoods of denver,,downtown denver neighborhoods,recommended,50,19,informational
,month to month rentals miami fl,,month to month rentals miami fl,recommended,260,28,commercial
,month to month rentals miami fl,,furnished apartments in miami fl for rent,recommended,140,15,commercial
,month to month rentals miami fl,,luxury apartments for rent in miami fl,recommended,210,31,commercial
,month to month rentals miami fl,,rent apartment florida,recommended,480,50,informational
,month to month rentals miami fl,,condos for rent downtown miami,recommended,30,22,commercial
,month to month rentals miami fl,,apartments near brickell miami fl,recommended,30,25,transactional
,month to month rentals miami fl,,1 bedroom for rent miami,recommended,260,13,informational
,month to month rentals miami fl,,miami gardens apts for rent,recommended,480,23,commercial
,month to month rentals miami fl,,miami two bedroom apartments,recommended,480,24,commercial
,month to month rentals miami fl,,miami dade apartments,recommended,1300,35,transactional
,month to month rentals miami fl,,florida cheap apartments,recommended,30,30,"informational, transactional"
,month to month rentals miami fl,,lofts for rent miami,recommended,70,9,commercial
,month to month rentals miami fl,,miami florida 2 bedroom apartments rent,recommended,140,20,commercial
,month to month rentals miami fl,,apartments for rent in miami gardens,recommended,260,28,commercial
,month to month rentals miami fl,,apartments for rent in miami dade county,recommended,30,31,navigational
,month to month rentals miami fl,,condo rental in miami florida,recommended,390,35,commercial
,month to month rentals miami fl,,long term rentals miami,recommended,70,19,commercial
,month to month rentals miami fl,,apartment in downtown miami,recommended,260,33,commercial
,month to month rentals miami fl,,apartment in miami florida,recommended,1300,54,commercial
,month to month rentals miami fl,,2 bedroom apartments for rent in miami fl,recommended,140,28,commercial
,month to month rentals miami fl,,miami high rise for rent,recommended,50,18,commercial
,month to month rentals miami fl,,miami apartment,recommended,720,49,commercial
,month to month rentals miami fl,,miami oceanfront condos for rent,recommended,110,29,transactional
,month to month rentals miami fl,,miami 3 bedroom apartments,recommended,50,25,navigational
,month to month rentals miami fl,,miami high rise rentals,recommended,30,23,commercial
,month to month rentals miami fl,,downtown apartments in miami,recommended,50,30,commercial
,month to month rentals miami fl,,one bedroom apartments for rent miami fl,recommended,30,24,commercial
,month to month rentals miami fl,,apartamento en miami,recommended,70,36,informational
,month to month rentals miami fl,,miami gardens florida apartments,recommended,30,27,commercial
,month to month rentals miami fl,,condo rentals in miami fl,recommended,30,34,commercial
,nashville homes for rent by owner,,nashville homes for rent by owner,recommended,170,26,commercial
,nashville homes for rent by owner,,2 bedroom townhouse rent,recommended,90,19,informational
,nashville homes for rent by owner,,2 bedroom townhomes near me,recommended,320,21,transactional
,nashville homes for rent by owner,,1 bedroom townhomes for rent near me,recommended,210,19,"informational, transactional"
,nashville homes for rent by owner,,townhome near me,recommended,1900,50,transactional
,nashville homes for rent by owner,,one bedroom townhomes for rent near me,recommended,110,13,transactional
,nashville homes for rent by owner,,two story townhomes for rent,recommended,110,16,informational
,nashville homes for rent by owner,,2 bedroom townhome,recommended,90,15,informational
,nashville homes for rent by owner,,townhouse townhome,recommended,27100,26,commercial
,nashville homes for rent by owner,,casa de renta en phoenix,recommended,50,43,informational
,nashville homes for rent by owner,,single story townhomes for rent,recommended,70,19,"informational, transactional"
,nashville homes for rent by owner,,townhomes for rent with utilities included,recommended,30,8,"informational, transactional"
,nashville homes for rent by owner,,4 bedroom houses for rent tampa,recommended,50,12,informational
,nashville homes for rent by owner,,1 2 bedroom townhomes for rent,recommended,30,12,informational
,nashville homes for rent by owner,,2 bhk apartment for rent near me,recommended,110,33,transactional
,nashville homes for rent by owner,,phoenix homes for rent by owner,recommended,30,44,commercial
,nashville homes for rent by owner,,detached townhomes for rent near me,recommended,30,19,transactional
,nashville homes for rent by owner,,rent a townhouse or apartment,recommended,40,24,informational
,nashville homes for rent by owner,,homes for rent near me,recommended,135000,64,transactional
,nashville homes for rent by owner,,townhome,recommended,14800,56,"informational, commercial"
,nashville homes for rent by owner,,3 bedroom homes for rent in houston tx,recommended,170,15,commercial
,nashville homes for rent by owner,,houses rent to own in houston,recommended,70,25,"informational, transactional"
,nashville homes for rent by owner,,house for rent houston,recommended,1600,50,commercial
,rent nyc,,rent nyc,recommended,1600,80,informational
,rent nyc,,rental pricing,recommended,170,68,transactional
,rent nyc,,average rent costs,recommended,90,77,informational
,rent nyc,,how to know how much to charge for rent,recommended,30,32,informational
,rent nyc,,how to determine rental price for a house,recommended,30,37,informational
,rent nyc,,how to calculate rental rate,recommended,90,21,informational
,rent nyc,,house renting prices,recommended,30,73,transactional
,rent nyc,,rental value estimate,recommended,50,46,informational
,rent nyc,,how to figure rental rates,recommended,50,59,informational
,rent nyc,,rental rates,recommended,320,76,informational
,rent nyc,,average rent prices,recommended,140,76,transactional
,denver colorado houses for rent by owner,,denver colorado houses for rent by owner,recommended,140,24,commercial
,denver colorado houses for rent by owner,,cheap homes for rent in denver colorado,recommended,70,22,commercial
,denver colorado houses for rent by owner,,denver house rentals by owner,recommended,50,23,informational
,denver colorado houses for rent by owner,,single family homes for rent in denver,recommended,30,29,informational
,denver colorado houses for rent by owner,,rental of properties,recommended,14800,99,informational
,jack flats apartments melrose,,jack flats apartments melrose,recommended,1000,7,commercial
,jack flats apartments melrose,,the melrose apartment,recommended,30,7,commercial
,section 8 homes for rent in denver,,how to get an apartment in nyc,recommended,40,34,informational
,section 8 homes for rent in denver,,section 8 homes for rent in denver,recommended,70,10,commercial
,section 8 homes for rent in denver,,cheap townhouses for rent,recommended,70,17,"informational, transactional"
,section 8 homes for rent in denver,,affordable apartments in ny,recommended,170,51,transactional
,section 8 homes for rent in denver,,duplex and townhomes for rent,recommended,70,13,informational
,section 8 homes for rent in denver,,lease townhomes near me,recommended,70,28,transactional
,section 8 homes for rent in denver,,townhouse for lease,recommended,480,16,"informational, transactional"
,section 8 homes for rent in denver,,rental town house,recommended,260,21,commercial
,section 8 homes for rent in denver,,2 bed 2 bath townhouse,recommended,260,14,"informational, transactional"
,section 8 homes for rent in denver,,townhome for rent houston,recommended,210,39,"informational, transactional"
,section 8 homes for rent in denver,,two bedroom apartment queens,recommended,30,29,informational
,section 8 homes for rent in denver,,bronx apt nyc,recommended,90,46,informational
,section 8 homes for rent in denver,,houses for rent pets,recommended,50,22,informational
,section 8 homes for rent in denver,,top rated townhomes for rent near me,recommended,90,24,transactional
,section 8 homes for rent in denver,,private townhomes for rent,recommended,140,31,informational
,section 8 homes for rent in denver,,town homes rent,recommended,90,26,transactional
,section 8 homes for rent in denver,,tenant management for rentals,recommended,90,93,commercial
,section 8 homes for rent in denver,,2 bed 2 bath rent near me,recommended,40,21,transactional
,section 8 homes for rent in denver,,2 bedroom rentals by owner,recommended,110,62,informational
,section 8 homes for rent in denver,,detached townhomes for rent,recommended,30,16,transactional
,section 8 homes for rent in denver,,duplex townhouse to rent,recommended,40,20,informational
,section 8 homes for rent in denver,,chicago suburbs apartments for rent,recommended,40,44,informational
,section 8 homes for rent in denver,,best townhomes for rent,recommended,30,21,commercial
,section 8 homes for rent in denver,,community townhomes for rent,recommended,30,22,transactional
,section 8 homes for rent in denver,,chicago appartments,recommended,70,60,commercial
,section 8 homes for rent in denver,,house rents,recommended,110,99,transactional
,section 8 homes for rent in denver,,apartment or townhouse for rent,recommended,30,36,transactional
,section 8 homes for rent in denver,,apartment to rent in chicago,recommended,30,61,informational
,section 8 homes for rent in denver,,3 bedroom apartments,recommended,18100,16,commercial
,section 8 homes for rent in denver,,huntsville rent,recommended,30,60,informational
,weekly rentals phoenix,,weekly rentals phoenix,recommended,590,21,commercial
,weekly rentals phoenix,,arizona home rental,recommended,170,38,informational
,weekly rentals phoenix,,houses for rent in west phoenix az,recommended,50,15,"informational, transactional"
,weekly rentals phoenix,,rent by owner phoenix,recommended,70,27,informational
,weekly rentals phoenix,,az home rentals,recommended,90,33,informational
,weekly rentals phoenix,,arizona vacation home rentals,recommended,320,28,"informational, transactional"
,weekly rentals phoenix,,rental homes in arizona,recommended,70,32,commercial
,weekly rentals phoenix,,arizona house rentals,recommended,90,40,informational
,weekly rentals phoenix,,houses for rent by owner in south phoenix,recommended,90,17,transactional
,weekly rentals phoenix,,cheap rent in phoenix az,recommended,50,33,commercial
,weekly rentals phoenix,,phoenix winter rentals,recommended,30,2,informational
,weekly rentals phoenix,,arizona home rentals,recommended,170,33,informational
,weekly rentals phoenix,,condos for rent north phoenix,recommended,30,26,informational
,weekly rentals phoenix,,house rental arizona,recommended,40,34,informational
,weekly rentals phoenix,,single family homes for rent phoenix,recommended,40,40,informational
,weekly rentals phoenix,,house rentals scottsdale,recommended,110,41,commercial
,weekly rentals phoenix,,house for rent in phoenix az by owner,recommended,30,45,informational
,weekly rentals phoenix,,luxury vacation rentals with pool phoenix warm weather,recommended,70,0,commercial
,weekly rentals phoenix,,luxury vacation homes arizona,recommended,90,26,transactional
,furnished short term apartment rentals in nyc,,furnished short term apartment rentals in nyc,recommended,720,50,commercial
,furnished short term apartment rentals in nyc,,new york sublet law,recommended,90,24,informational
,furnished short term apartment rentals in nyc,,new york sublease law,recommended,90,24,"informational, transactional"
,furnished short term apartment rentals in nyc,,sublets long island ny,recommended,30,8,informational
,furnished short term apartment rentals in nyc,,furnished rentals new york city,recommended,70,40,commercial
,cheap places to rent in knoxville tn,,cheap places to rent in knoxville tn,recommended,70,19,commercial
,cheap places to rent in knoxville tn,,downtown apartments in knoxville tn,recommended,50,17,commercial
,cheap places to rent in knoxville tn,,knoxville apartments for rent cheap,recommended,70,27,transactional
,cheap places to rent in knoxville tn,,luxury student apartments knoxville,recommended,50,34,commercial
,fully furnished apartments orlando,,fully furnished apartments orlando,recommended,50,19,"informational, transactional"
,fully furnished apartments orlando,,fully furnished apartments for rent in orlando,recommended,50,24,"informational, transactional"
,fully furnished apartments orlando,,furnished apartments orlando fl,recommended,110,24,commercial
,fully furnished apartments orlando,,furnished apartment orlando florida,recommended,30,20,commercial
,what documents do i need to rent an apartment,,what documents do i need to rent an apartment,recommended,210,14,informational
,what documents do i need to rent an apartment,,what is needed to get an apartment,recommended,90,12,informational
,1 bedroom apartments,,how to apartment hunt,recommended,110,31,informational
,1 bedroom apartments,,how can i find apartments for rent,recommended,480,85,informational
,1 bedroom apartments,,how to hunt for apartments,recommended,70,36,informational
,1 bedroom apartments,,how to find an apartment in a new city,recommended,50,18,informational
,1 bedroom apartments,,how to find a place to rent,recommended,390,51,informational
,1 bedroom apartments,,how to find an affordable apartment,recommended,320,48,informational
,1 bedroom apartments,,how much is a rent,recommended,50,65,informational
,1 bedroom apartments,,how to find affordable apartments,recommended,110,56,informational
,1 bedroom apartments,,how much is a rental house,recommended,50,63,informational
,1 bedroom apartments,,where to search for apartments for rent,recommended,140,90,informational
,1 bedroom apartments,,who can help me find an apartment,recommended,70,65,informational
,1 bedroom apartments,,how to find rental home,recommended,140,75,informational
,1 bedroom apartments,,how to find rental houses,recommended,90,71,informational
,1 bedroom apartments,,how to find housing for rent,recommended,70,71,informational
,1 bedroom apartments,,how to find rental properties,recommended,320,91,informational
,1 bedroom apartments,,1 bedroom apartments,recommended,18100,35,informational
,1 bedroom apartments,,one bedroom apartments near me,recommended,18100,51,transactional
,1 bedroom apartments,,pet friendly apartments near me,recommended,12100,30,transactional
,1 bedroom apartments,,apartment for rent,recommended,110000,93,informational
,1 bedroom apartments,,one bedroom apartments for rent,recommended,3600,45,"informational, commercial"
,1 bedroom apartments,,1 bedroom apartment,recommended,12100,24,commercial
,1 bedroom apartments,,pet friendly apartment for rent,recommended,720,23,informational
,1 bedroom apartments,,rent apartment,recommended,12100,72,commercial
,1 bedroom apartments,,rental apartments,recommended,5400,90,commercial
,1 bedroom apartments,,apartments that accept dogs near me,recommended,1000,23,transactional
,1 bedroom apartments,,apartments rental apartments,recommended,2400,68,navigational
,1 bedroom apartments,,places to rent near me that allow pets,recommended,720,50,transactional
,1 bedroom apartments,,pet friendly studio apartments,recommended,260,19,commercial
,1 bedroom apartments,,house for rent by owner no credit check,recommended,2400,42,informational
,1 bedroom apartments,,houses for rent austin tx,recommended,1900,38,commercial
,hotels huntsville al,,hotels huntsville al,recommended,2900,38,commercial
,hotels huntsville al,,huntsville alabama hotels,recommended,1900,40,transactional
,hotels huntsville al,,motels in huntsville alabama,recommended,390,27,commercial
,hotels huntsville al,,cheap hotels in huntsville alabama,recommended,110,24,commercial
,hotels huntsville al,,hotels near huntsville al,recommended,590,44,commercial
,hotels huntsville al,,cheapest hotels in huntsville alabama,recommended,110,26,transactional
,hotels huntsville al,,hotel suites in huntsville al,recommended,140,21,commercial
,hotels huntsville al,,cheap motels in huntsville,recommended,90,25,transactional
,hotels huntsville al,,lodging in huntsville al,recommended,90,27,commercial
,hotels huntsville al,,places to stay huntsville,recommended,110,33,transactional
,hotels huntsville al,,where to stay in huntsville,recommended,70,23,"informational, transactional"
,hotels huntsville al,,town suites huntsville al,recommended,70,25,"informational, transactional"
,hotels huntsville al,,huntsville accommodation,recommended,40,24,transactional
,hotels huntsville al,,monthly hotel rates huntsville al,recommended,30,20,"informational, transactional"
,hotels huntsville al,,motels near huntsville al,recommended,30,30,commercial
,hotels huntsville al,,hotel room huntsville al,recommended,40,47,commercial
,little italy chicago hotels,,little italy chicago hotels,recommended,90,17,commercial
,little italy chicago hotels,,hotels near little italy chicago,recommended,40,13,transactional
,chicago one bedroom apartments,,chicago one bedroom apartments,recommended,260,48,informational
,chicago one bedroom apartments,,chicago apartment listings,recommended,70,58,informational
,restaurants for lease san francisco,,restaurants for lease san francisco,recommended,110,2,informational
,restaurants for lease san francisco,,locales para restaurante en renta,recommended,50,21,commercial
,cheap apts in denver co,,how much is an apartment in denver colorado,recommended,40,39,informational
,cheap apts in denver co,,how much are apartments in denver colorado,recommended,40,42,informational
,cheap apts in denver co,,cheap apts in denver co,recommended,590,26,commercial
,cheap apts in denver co,,average rent for denver colorado,recommended,880,38,informational
,cheap apts in denver co,,low cost apartments denver,recommended,720,33,commercial
,cheap apts in denver co,,affordable apartments in denver colorado,recommended,590,31,commercial
,cheap apts in denver co,,2 bedroom apartments in denver,recommended,210,13,transactional
,cheap apts in denver co,,3 bedroom apartments denver,recommended,210,19,commercial
,cheap apts in denver co,,average apartment rent in denver,recommended,320,34,informational
,cheap apts in denver co,,apartamentos en denver,recommended,390,48,commercial
,cheap apts in denver co,,median rent in denver,recommended,260,38,informational
,cheap apts in denver co,,denver studio apartments rent,recommended,140,28,commercial
,cheap apts in denver co,,denver apartment,recommended,260,46,commercial
,cheap apts in denver co,,private landlords denver,recommended,110,23,informational
,cheap apts in denver co,,apartments in denver under 1000,recommended,70,15,"informational, transactional"
,cheap apts in denver co,,private landlords in denver colorado,recommended,90,22,informational
,cheap apts in denver co,,north denver apartments,recommended,90,40,navigational
,cheap apts in denver co,,cheap apts for rent in denver co,recommended,40,25,commercial
,cheap apts in denver co,,3 bd 2 ba apartments for rent,recommended,30,18,transactional
,cheap apts in denver co,,apartment buildings downtown denver,recommended,90,46,transactional
,cheap apts in denver co,,denver colorado apartments for rent cheap,recommended,40,31,commercial
,cheap apts in denver co,,apartment prices in denver colorado,recommended,70,45,transactional
,cheap apts in denver co,,denver apartment prices,recommended,70,47,transactional
,cheap apts in denver co,,apartment rentals colorado,recommended,50,36,commercial
,cheap apts in denver co,,2 bedroom apartments colorado,recommended,30,17,"informational, transactional"
,cheap apts in denver co,,denver apartment cost,recommended,70,49,informational
,cheap apts in denver co,,average rent in denver for 1 bedroom,recommended,40,35,informational
,cheap apts in denver co,,communities in denver co,recommended,40,38,commercial
,cheap apts in denver co,,apt in denver colorado,recommended,50,52,commercial
,cheap apts in denver co,,denver co area,recommended,50,52,informational
,2 bedroom apartments in la california,,2 bedroom apartments in la california,recommended,1600,34,commercial
,2 bedroom apartments in la california,,2br apartments los angeles,recommended,1300,33,commercial
,2 bedroom apartments in la california,,2 bed apartment los angeles,recommended,1000,29,informational
,2 bedroom apartments in la california,,two bedroom apartments los angeles,recommended,480,24,commercial
,2 bedroom apartments in la california,,2 bedroom 2 bathroom condo,recommended,140,16,informational
,2 bedroom apartments in la california,,2 bedroom apartments for rent in la,recommended,210,28,commercial
,2 bedroom apartments in la california,,two bedroom apartments for rent in los angeles,recommended,140,37,informational
,2 bedroom apartments in la california,,2 bed 2 bath apartments los angeles,recommended,50,22,informational
,2 bedroom apartments in la california,,los angeles 2 bedroom apartment for rent,recommended,40,24,informational
,2 bedroom apartments in la california,,2 bedroom la apartments,recommended,30,26,informational
,2 bedroom apartments in la california,,house 2 bedroom for rent,recommended,140,12,informational
,2 bedroom apartments in la california,,la apartment rental,recommended,210,55,commercial
,2 bedroom apartments in la california,,affordable apartments for rent in los angeles,recommended,70,44,commercial
,2 bedroom apartments in la california,,apartment in angeles,recommended,70,55,commercial
,2 bedroom apartments in la california,,los angeles rentals apartments,recommended,90,59,navigational
,2 bedroom apartments in la california,,apartments for rent near los angeles,recommended,90,57,commercial
,nice neighborhoods in brooklyn,,nice neighborhoods in brooklyn,recommended,390,10,informational
,nice neighborhoods in brooklyn,,best place to live brooklyn,recommended,40,1,commercial
,nice neighborhoods in brooklyn,,where to move in brooklyn,recommended,70,1,"informational, commercial"
,nice neighborhoods in brooklyn,,where to live in brooklyn,recommended,110,4,"informational, commercial"
,nice neighborhoods in brooklyn,,best places to live in brooklyn,recommended,320,6,commercial
,nice neighborhoods in brooklyn,,good brooklyn neighborhoods,recommended,170,7,informational
,nice neighborhoods in brooklyn,,best areas to live in brooklyn,recommended,260,8,commercial
,nice neighborhoods in brooklyn,,nicest neighborhoods in brooklyn,recommended,590,10,informational
,nice neighborhoods in brooklyn,,good places to live in brooklyn ny,recommended,260,12,informational
,nice neighborhoods in brooklyn,,brooklyn areas,recommended,1300,12,informational
,nice neighborhoods in brooklyn,,good neighborhood in brooklyn,recommended,40,13,commercial
,nice neighborhoods in brooklyn,,best areas of brooklyn,recommended,70,15,commercial
,nice neighborhoods in brooklyn,,best parts of brooklyn to live,recommended,140,16,commercial
,nice neighborhoods in brooklyn,,brooklyn neighborhood,recommended,590,19,informational
,nice neighborhoods in brooklyn,,areas in brooklyn new york,recommended,210,26,informational
,beach homes for rent in san diego ca,,beach homes for rent in san diego ca,recommended,720,48,informational
,beach homes for rent in san diego ca,,mission bay rental,recommended,110,29,commercial
,beach homes for rent in san diego ca,,hotels in mission beach san diego ca,recommended,210,64,transactional
,beach homes for rent in san diego ca,,pet friendly resorts san diego,recommended,50,20,transactional
,beach homes for rent in san diego ca,,mission beach accommodation,recommended,50,50,commercial
,beach homes for rent in san diego ca,,vacation rentals mission bay ca,recommended,90,7,"informational, transactional"
,beach homes for rent in san diego ca,,mission bay vacation rental,recommended,50,10,informational
,beach homes for rent in san diego ca,,mission bay ca rentals,recommended,40,11,informational
,beach homes for rent in san diego ca,,mission bay vacation rentals,recommended,320,13,informational
,beach homes for rent in san diego ca,,mission beach vacation homes,recommended,320,14,"informational, transactional"
,beach homes for rent in san diego ca,,san diego mission beach house,recommended,50,20,commercial
,beach homes for rent in san diego ca,,mission bay rental homes,recommended,40,20,"informational, transactional"
,2 bedroom queens apartments,,2 bedroom queens apartments,recommended,40,24,informational
,2 bedroom queens apartments,,two bedroom apartments in queens ny,recommended,30,26,informational
,restaurant for lease new york,,restaurant for lease new york,recommended,90,2,"informational, transactional"
,restaurant for lease new york,,restaurants for lease nyc,recommended,40,9,informational
,garage apt plans,,what is a garage apartment,recommended,40,20,informational
,garage apt plans,,apartment over garage,recommended,390,16,informational
,garage apt plans,,garage apartment building plans,recommended,1000,16,commercial
,garage apt plans,,garage apt plans,recommended,1600,25,informational
,garage apt plans,,apartment garage floor plans,recommended,390,21,commercial
,garage apt plans,,garage studio apartment,recommended,590,28,informational
,garage apt plans,,garage apartment ideas,recommended,390,20,commercial
,garage apt plans,,garage apartment designs plans,recommended,390,20,commercial
,garage apt plans,,garages with living space,recommended,390,22,informational
,garage apt plans,,garage apartment interior,recommended,260,14,informational
,garage apt plans,,apartment over 2 car garage,recommended,390,11,informational
,garage apt plans,,plans for garage with apartment,recommended,590,18,informational
,garage apt plans,,two car garage apartment floor plans,recommended,140,4,"informational, commercial"
,garage apt plans,,garage apartment layout,recommended,590,22,informational
,garage apt plans,,garages with living quarters,recommended,880,30,informational
,garage apt plans,,garage apartment design ideas,recommended,390,15,"informational, commercial"
,garage apt plans,,apartment above garage plans,recommended,390,21,informational
,garage apt plans,,two story garage apartment,recommended,320,17,informational
,garage apt plans,,2 car garage with loft apartment,recommended,140,14,informational
,garage apt plans,,garage apt,recommended,590,32,informational
,garage apt plans,,detached garage plans with apartment,recommended,260,15,informational
,garage apt plans,,2 car garage with apartment plans,recommended,260,14,"informational, commercial"
,garage apt plans,,single car garage with apartment,recommended,170,8,"informational, commercial"
,garage apt plans,,garage with 2 bedroom apartment,recommended,320,23,informational
,garage apt plans,,2 bedroom garage apartment,recommended,260,20,informational
,garage apt plans,,detached garage apartment,recommended,210,16,informational
,garage apt plans,,garage with apartment floor plan,recommended,170,14,commercial
,garage apt plans,,one story garage with apartment,recommended,140,10,informational
,garage apt plans,,garage apartments plans,recommended,210,21,informational
,garage apt plans,,floor plans for garage apartments,recommended,170,19,commercial
,charlotte nc homes for rent,,charlotte nc homes for rent,recommended,720,43,informational
,charlotte nc homes for rent,,homes for rent near charlotte nc,recommended,260,33,informational
,charlotte nc homes for rent,,homes to rent in charlotte nc,recommended,170,41,informational
,charlotte nc homes for rent,,casas de renta baratas en charlotte nc,recommended,70,28,informational
,charlotte nc homes for rent,,charlotte housing,recommended,480,54,commercial
,charlotte nc homes for rent,,housing rentals charlotte nc,recommended,70,40,informational
,charlotte nc homes for rent,,homes for rent in charlotte north carolina,recommended,50,36,informational
,first apartment food shopping list,,first apartment food shopping list,recommended,140,7,informational
,first apartment food shopping list,,kitchen needs for first apartment,recommended,140,9,informational
,first apartment food shopping list,,stuff for apartment,recommended,170,20,commercial
,first apartment food shopping list,,first grocery list for new apartment,recommended,90,9,informational
,first apartment food shopping list,,kitchen list for new apartment,recommended,50,7,informational
,first apartment food shopping list,,food essentials for first apartment,recommended,40,10,informational
,do both tenants need renters insurance,,do both tenants need renters insurance,recommended,90,9,informational
,do both tenants need renters insurance,,does each renter need renters insurance,recommended,140,23,informational
,do both tenants need renters insurance,,does each person need renters insurance,recommended,90,27,informational
,huntsville room,,huntsville room,recommended,70,15,commercial
,huntsville room,,2 bedroom suites huntsville al,recommended,30,28,transactional
,apartments that allow 3 pets near me,,apartments that allow 3 pets near me,recommended,720,26,transactional
,apartments that allow 3 pets near me,,3 bedroom 2 bath house for rent near me,recommended,480,14,transactional
,apartments that allow 3 pets near me,,apartment complexes near me that are pet friendly,recommended,90,17,transactional
,apartments that allow 3 pets near me,,houses to rent with pets,recommended,90,31,informational
,apartments that allow 3 pets near me,,2bed 2bath for rent near me,recommended,40,24,transactional
,apartments that allow 3 pets near me,,homes for rent 3 bed 2 bath,recommended,70,13,transactional
,apartments that allow 3 pets near me,,restaurant property for sale,recommended,260,13,transactional
,apartments that allow 3 pets near me,,small restaurant for lease near me,recommended,110,8,transactional
,apartments that allow 3 pets near me,,restaurant space near me,recommended,170,14,transactional
,apartments that allow 3 pets near me,,rent restaurant,recommended,210,17,informational
,apartments that allow 3 pets near me,,rental with garage near me,recommended,210,59,transactional
,apartments that allow 3 pets near me,,2bedroom 2bath near me,recommended,30,55,transactional
,apartments that allow 3 pets near me,,3 bedroom house for rent,recommended,18100,27,informational
,apartments that allow 3 pets near me,,restaurants for rent by owner,recommended,70,14,"informational, commercial"
,apartments that allow 3 pets near me,,apartment above garage for rent near me,recommended,40,30,"informational, transactional"
,apartments that allow 3 pets near me,,resturants for rent,recommended,50,10,"informational, transactional"
,apartments that allow 3 pets near me,,restaurants rentals near me,recommended,30,10,transactional
,apartments that allow 3 pets near me,,closed restaurant for lease near me,recommended,50,21,"informational, transactional"
,apartments that allow 3 pets near me,,for lease commercial property,recommended,260,51,"informational, commercial"
,apartments that allow 3 pets near me,,business property for lease,recommended,880,68,commercial
,apartments that allow 3 pets near me,,townhomes rent to own near me,recommended,70,42,transactional
,apartments that allow 3 pets near me,,commercial business for lease,recommended,170,67,transactional
,apartments that allow 3 pets near me,,spaces for lease for business near me,recommended,110,63,transactional
,apartments that allow 3 pets near me,,commercial places for lease,recommended,40,50,commercial
,apartments that allow 3 pets near me,,spaces for lease commercial,recommended,40,80,informational
,st augustine luxury rentals,,st augustine luxury rentals,recommended,480,9,commercial
,st augustine luxury rentals,,houses for rent in holiday fl,recommended,390,14,informational
,st augustine luxury rentals,,beachfront rental st augustine,recommended,390,13,"informational, transactional"
,st augustine luxury rentals,,vacation rental by owner st augustine fl,recommended,210,14,informational
,st augustine luxury rentals,,rentals st augustine,recommended,260,23,"informational, transactional"
,st augustine luxury rentals,,vacation homes for rent in st augustine fl,recommended,210,21,"informational, transactional"
,st augustine luxury rentals,,st augustine florida rentals beachfront,recommended,140,13,"informational, transactional"
,st augustine luxury rentals,,st augustine beach home rentals,recommended,390,39,commercial
,st augustine luxury rentals,,rentals st augustine florida,recommended,260,36,"informational, transactional"
,st augustine luxury rentals,,holiday rentals st augustine,recommended,1000,43,commercial
,st augustine luxury rentals,,st augustine home rentals,recommended,320,42,informational
,st augustine luxury rentals,,st augustine beach front rentals,recommended,90,12,"informational, transactional"
,st augustine luxury rentals,,saint augustine florida beach rentals,recommended,210,32,transactional
,st augustine luxury rentals,,st augustine vacation rentals with pool,recommended,50,0,"informational, transactional"
,st augustine luxury rentals,,rental st augustine,recommended,140,25,"informational, transactional"
,st augustine luxury rentals,,st augustine house rentals,recommended,170,34,informational
,st augustine luxury rentals,,st augustine fl vacation rentals by owner,recommended,260,27,commercial
,st augustine luxury rentals,,rental in st augustine,recommended,140,31,"informational, transactional"
,st augustine luxury rentals,,rentals in saint augustine florida,recommended,140,32,"informational, transactional"
,st augustine luxury rentals,,rental houses in st augustine fl,recommended,140,33,commercial
,st augustine luxury rentals,,beach rentals st augustine florida,recommended,50,10,"informational, transactional"
,st augustine luxury rentals,,st augustine rentals on the beach,recommended,110,31,"informational, transactional"
,st augustine luxury rentals,,st augustine beach vacation home rentals,recommended,90,30,transactional
,st augustine luxury rentals,,beachfront rentals in st augustine fl,recommended,40,10,"informational, transactional"
,st augustine luxury rentals,,st augustine beach rental houses,recommended,70,26,commercial
,st augustine luxury rentals,,beach house rental in st augustine,recommended,90,32,commercial
,st augustine luxury rentals,,house rentals st augustine fl,recommended,90,34,informational
,st augustine luxury rentals,,beachfront vacation rentals st augustine,recommended,30,10,"informational, transactional"
,st augustine luxury rentals,,oceanfront vacation rentals st augustine,recommended,40,16,commercial
,st augustine luxury rentals,,st augustine florida rental homes,recommended,70,30,informational
,no credit check apartments plano,,no credit check apartments plano,recommended,70,24,commercial
,no credit check apartments plano,,apartments dallas no credit check,recommended,30,40,informational
,no credit check apartments plano,,apartment in plano texas,recommended,140,42,commercial
,furnished apartments miami beach,,furnished apartments miami beach,recommended,90,23,commercial
,furnished apartments miami beach,,monthly furnished rentals miami,recommended,50,10,commercial
,furnished apartments miami beach,,rent month to month miami,recommended,30,11,informational
,furnished apartments miami beach,,short term lease apartments miami,recommended,50,26,"informational, transactional"
,apartments without pet restrictions,,apartments without pet restrictions,recommended,70,3,informational
,apartments without pet restrictions,,pet friendly homes,recommended,320,38,informational
,apartments without pet restrictions,,pets allowed rentals,recommended,110,46,informational
,apartments without pet restrictions,,pet friendly houses,recommended,260,39,informational
,apartments without pet restrictions,,pet friendly house rentals near me,recommended,140,28,transactional
,apartments without pet restrictions,,condo for rent with dog park,recommended,320,13,"informational, transactional"
,apartments without pet restrictions,,houses for rent pets allowed near me,recommended,50,14,transactional
,apartments without pet restrictions,,cheap pet friendly rentals,recommended,40,45,commercial
,apartments without pet restrictions,,cat friendly airbnb,recommended,260,22,"informational, commercial"
,apartments without pet restrictions,,rental with pets,recommended,210,36,informational
,communities in brooklyn,,communities in brooklyn,recommended,110,8,informational
,communities in brooklyn,,nice areas in brooklyn to live,recommended,70,3,informational
,communities in brooklyn,,areas of brooklyn,recommended,390,15,informational
,communities in brooklyn,,coolest neighborhoods in brooklyn,recommended,480,16,informational
,communities in brooklyn,,best neighborhood in brooklyn,recommended,320,19,commercial
,communities in brooklyn,,areas of brooklyn ny,recommended,1600,20,informational
,two bedroom apartments dc,,two bedroom apartments dc,recommended,390,29,commercial
,two bedroom apartments dc,,1br apartment dc,recommended,390,22,commercial
,two bedroom apartments dc,,one bedroom apartment dc,recommended,50,13,"informational, transactional"
,two bedroom apartments dc,,1 bedroom apartment in washington dc,recommended,50,13,informational
,two bedroom apartments dc,,1 bedroom apartment dc,recommended,30,16,informational
,two bedroom apartments dc,,one bedroom apartments in washington dc,recommended,260,18,informational
,two bedroom apartments dc,,dc 1 bedroom apartments,recommended,70,19,informational
,two bedroom apartments dc,,privately owned apartments no credit check in dc,recommended,70,20,commercial
,two bedroom apartments dc,,one bedroom apartments dc,recommended,140,25,"informational, transactional"
,two bedroom apartments dc,,apartments in dc for cheap,recommended,40,35,commercial
,two bedroom apartments dc,,cheap apartments dc,recommended,90,37,commercial
,two bedroom apartments dc,,cheap apartments near washington dc,recommended,30,38,informational
,two bedroom apartments dc,,affordable apartments for rent in dc,recommended,110,39,commercial
,two bedroom apartments dc,,apartments downtown dc,recommended,90,39,navigational
,two bedroom apartments dc,,dc rental housing,recommended,140,40,commercial
,two bedroom apartments dc,,housing near washington dc,recommended,170,44,informational
,two bedroom apartments dc,,apartment rentals dc,recommended,210,45,informational
,two bedroom apartments dc,,apartment buildings dc,recommended,1000,48,commercial
,two bedroom apartments dc,,housing in dc,recommended,70,49,commercial
,two bedroom apartments dc,,apartments outside of dc,recommended,40,50,"informational, transactional"
,two bedroom apartments dc,,apartments for rent in dc,recommended,1000,55,informational
,no security deposit apartments near me,,no security deposit apartments near me,recommended,260,48,transactional
,no security deposit apartments near me,,move in no deposit,recommended,50,13,"informational, commercial"
,no security deposit apartments near me,,99 move in specials near me,recommended,260,4,transactional
,no security deposit apartments near me,,move in specials indianapolis,recommended,140,0,informational
,no security deposit apartments near me,,deposit free apartments,recommended,70,29,informational
,no security deposit apartments near me,,no deposit first month free apartments,recommended,30,19,informational
,no security deposit apartments near me,,felony approved apartments near me no credit check,recommended,30,16,transactional
,hotel huntsville al,,hotel huntsville al,recommended,1000,41,commercial
,hotel huntsville al,,huntsville suites,recommended,170,26,commercial
,hotel huntsville al,,suites huntsville al,recommended,90,26,commercial
,hotel huntsville al,,huntsville hotels suites,recommended,50,25,commercial
,hotel huntsville al,,2 bedroom hotel suites in huntsville al,recommended,50,28,"informational, transactional"
,hotel huntsville al,,hotels near downtown huntsville al,recommended,50,32,commercial
,gainesville apartments,,gainesville apartments,recommended,3600,52,navigational
,gainesville apartments,,student housing near campus,recommended,140,46,commercial
,gainesville apartments,,gainesville apartments gainesville fl,recommended,1900,57,commercial
,gainesville apartments,,student housing gainesville fl,recommended,480,38,commercial
,gainesville apartments,,on campus student housing near me,recommended,40,35,transactional
,gainesville apartments,,student living gainesville florida,recommended,170,50,commercial
,gainesville apartments,,apartments in gainesville florida,recommended,480,48,commercial
,gainesville apartments,,apartment in gainesville fl,recommended,210,41,commercial
,gainesville apartments,,apartments gainesville fl non student,recommended,70,25,transactional
,gainesville apartments,,apartments for rent gainesville,recommended,260,45,informational
,gainesville apartments,,uf apartment,recommended,110,52,commercial
,gainesville apartments,,best off campus housing uf,recommended,30,16,commercial
,gainesville apartments,,best student apartments in gainesville fl,recommended,140,40,commercial
,gainesville apartments,,apartments near gainesville fl,recommended,170,45,commercial
,gainesville apartments,,gainesville student living,recommended,170,47,commercial
,gainesville apartments,,gainesville florida student housing,recommended,210,53,commercial
,gainesville apartments,,student housing florida,recommended,50,35,commercial
,gainesville apartments,,apartments to rent in gainesville fl,recommended,90,46,"navigational, commercial"
,gainesville apartments,,best apartments in gainesville for students,recommended,140,53,commercial
,gainesville apartments,,best apartments for uf students,recommended,30,34,commercial
,gainesville apartments,,best student apartments gainesville,recommended,70,50,commercial
,gainesville apartments,,apartments for rent gainesville florida,recommended,40,42,informational
,housing for rent orlando,,housing for rent orlando,recommended,2900,47,commercial
,housing for rent orlando,,apartamentos en orlando florida,recommended,1300,40,commercial
,housing for rent orlando,,move in specials orlando,recommended,210,14,informational
,housing for rent orlando,,apartment specials orlando,recommended,50,16,transactional
,housing for rent orlando,,north orlando apartments,recommended,140,23,commercial
,housing for rent orlando,,2 bedroom apartments downtown orlando,recommended,30,12,transactional
,housing for rent orlando,,3 bedroom apartments in south orlando fl,recommended,90,22,informational
,housing for rent orlando,,orlando 2 bedroom apartments for rent,recommended,30,20,informational
,housing for rent orlando,,orlando flats for rent,recommended,590,56,commercial
,housing for rent orlando,,homes to rent orlando,recommended,90,38,informational
,housing for rent orlando,,apt in orlando fl,recommended,40,45,commercial
,housing for rent orlando,,renta apartamentos orlando,recommended,30,49,informational
,casas en alquiler en houston,,casas en alquiler en houston,recommended,30,21,"informational, transactional"
,casas en alquiler en houston,,new homes for rent in houston tx,recommended,90,24,informational
,casas en alquiler en houston,,homes for lease in houston,recommended,110,40,informational
,casas en alquiler en houston,,rent a house houston,recommended,880,46,informational
,casas en alquiler en houston,,house rent houston,recommended,260,48,informational
,apartment sublets,,apartment sublets,recommended,140,41,informational
,apartment sublets,,furnished apartments houston short term lease,recommended,170,25,commercial
,apartment sublets,,short term apartments houston,recommended,110,22,commercial
,apartment sublets,,monthly rentals houston tx,recommended,110,23,commercial
,studio apartments bloomington indiana,,studio apartments bloomington indiana,recommended,210,21,commercial
,studio apartments bloomington indiana,,rentals bloomington indiana,recommended,390,35,commercial
,studio apartments bloomington indiana,,rent bloomington indiana,recommended,170,32,informational
,studio apartments bloomington indiana,,bloomington for rent,recommended,110,24,informational
,studio apartments bloomington indiana,,new apartments bloomington indiana,recommended,70,17,commercial
,studio apartments bloomington indiana,,bloomington luxury apartments,recommended,70,19,transactional
,studio apartments bloomington indiana,,houses for rent in bloomington mn,recommended,70,20,informational
,studio apartments bloomington indiana,,houses for rent iu bloomington,recommended,50,18,informational
,studio apartments bloomington indiana,,3 bedroom apartments bloomington mn,recommended,50,21,informational
,studio apartments bloomington indiana,,bloomington rentals,recommended,320,28,informational
,studio apartments bloomington indiana,,non student apartments bloomington indiana,recommended,70,35,commercial
,studio apartments bloomington indiana,,luxury apartments bloomington indiana,recommended,40,26,commercial
,studio apartments bloomington indiana,,for rent bloomington indiana,recommended,30,22,informational
,studio apartments bloomington indiana,,rental properties bloomington il,recommended,170,31,commercial
,studio apartments bloomington indiana,,rental properties bloomington,recommended,30,28,commercial
,studio apartments bloomington indiana,,housing bloomington il,recommended,70,37,commercial
,studio apartments bloomington indiana,,bloomington il rental,recommended,30,27,commercial
,studio apartments bloomington indiana,,rentals bloomington in,recommended,30,29,commercial
,studio apartments bloomington indiana,,apartments close to iu bloomington,recommended,480,26,commercial
,1 br apartments,,1 br apartments,recommended,210,22,"informational, transactional"
,1 br apartments,,1 bedroom apts,recommended,260,32,commercial
,1 br apartments,,dog friendly apts for rent,recommended,210,25,informational
,1 br apartments,,dog friendly studio apartments,recommended,50,18,commercial
,1 br apartments,,apartments that allow large dogs near me,recommended,90,21,transactional
,1 br apartments,,dog friendly apts near me,recommended,30,14,transactional
,1 br apartments,,apartments allow pets,recommended,110,35,informational
,1 br apartments,,dog friendly 2 bedroom apartments,recommended,30,27,informational
,1 br apartments,,pet friendly flats to rent,recommended,30,30,informational
,1 br apartments,,best apartments for dogs near me,recommended,30,35,transactional
,1 br apartments,,2 bedroom apartments in tampa,recommended,50,19,informational
,1 br apartments,,luxury townhomes for rent in tampa fl,recommended,90,31,commercial
,1 br apartments,,apartments for rent that allow big dogs,recommended,70,15,commercial
,apartments for rent southwest austin,,apartments for rent southwest austin,recommended,30,17,commercial
,apartments for rent southwest austin,,southwest austin apartments,recommended,90,25,commercial
,garage apartments houston,,garage apartments houston,recommended,170,36,"informational, transactional"
,garage apartments houston,,apartments with carports,recommended,40,9,commercial
,garage apartments houston,,apartments with attached garages 77070,recommended,30,13,navigational
,garage apartments houston,,apartments in houston with attached garages,recommended,30,22,transactional
,1 bedroom apartments phoenix,,1 bedroom apartments phoenix,recommended,480,27,"informational, transactional"
,1 bedroom apartments phoenix,,low income apartments downtown phoenix,recommended,30,18,navigational
,1 bedroom apartments phoenix,,cheap places to live in phoenix,recommended,30,30,informational
,apartments close to university of tampa,,apartments close to university of tampa,recommended,210,17,navigational
,apartments close to university of tampa,,apartments downtown tampa fl,recommended,480,40,commercial
,apartments close to university of tampa,,condos for rent downtown tampa fl,recommended,70,19,commercial
,apartments close to university of tampa,,tampa average rent,recommended,390,30,informational
,apartments close to university of tampa,,one level townhomes for rent,recommended,70,15,informational
,apartments close to university of tampa,,beachfront apartments tampa fl,recommended,140,19,commercial
,apartments close to university of tampa,,3 bedroom apartments in tampa,recommended,70,11,informational
,apartments close to university of tampa,,duplexes for rent in tampa,recommended,210,25,informational
,apartments close to university of tampa,,luxury apartments tampa,recommended,1600,54,commercial
,apartments close to university of tampa,,lofts for rent tampa,recommended,110,22,commercial
,apartments close to university of tampa,,2 bedroom for rent tampa fl,recommended,30,10,informational
,apartments close to university of tampa,,new tampa fl homes for rent,recommended,110,28,commercial
,apartments close to university of tampa,,apartments for rent near university of tampa fl,recommended,50,20,commercial
,apartments close to university of tampa,,upscale apartments tampa,recommended,480,52,commercial
,apartments close to university of tampa,,2 bedroom apartments for rent in tampa fl,recommended,40,22,commercial
,apartments close to university of tampa,,luxury rentals in tampa fl,recommended,50,27,commercial
,apartments close to university of tampa,,tampa 1 bedroom apartments for rent,recommended,40,26,informational
,apartments close to university of tampa,,renta en tampa,recommended,40,27,informational
,apartments close to university of tampa,,apartamentos en tampa,recommended,170,46,commercial
,apartments close to university of tampa,,tampa florida apartments for rent cheap,recommended,50,35,commercial
,apartments close to university of tampa,,apartment complexes tampa fl,recommended,140,50,commercial
,apartments close to university of tampa,,apartment in tampa florida,recommended,110,49,commercial
,apartments close to university of tampa,,apartamentos en tampa florida,recommended,90,48,commercial
,apartments close to university of tampa,,university of florida luxury apartments,recommended,30,46,commercial
,apartments close to university of tampa,,apartment homes in downtown tampa,recommended,40,42,commercial
,apartments close to university of tampa,,unique rentals tampa downtown area,recommended,70,50,commercial
,apartments close to university of tampa,,luxury apartments near tampa,recommended,50,48,commercial
,best neighborhoods in tampa florida,,best neighborhoods in tampa florida,recommended,390,13,commercial
,best neighborhoods in tampa florida,,cities in tampa florida,recommended,390,21,informational
,best neighborhoods in tampa florida,,best part of tampa to live,recommended,70,11,commercial
,best neighborhoods in tampa florida,,best area in tampa florida to live,recommended,720,20,commercial
,best neighborhoods in tampa florida,,best areas in tampa florida,recommended,260,12,commercial
,best neighborhoods in tampa florida,,best places to live near tampa,recommended,210,11,commercial
,best neighborhoods in tampa florida,,tampa florida neighborhood map,recommended,170,15,"informational, transactional"
,best neighborhoods in tampa florida,,high end neighborhoods tampa,recommended,50,0,"informational, transactional"
,best neighborhoods in tampa florida,,best neighborhoods to live in tampa florida,recommended,140,13,commercial
,best neighborhoods in tampa florida,,neighborhoods in tampa,recommended,320,28,"informational, transactional"
,best neighborhoods in tampa florida,,best places to live around tampa fl,recommended,70,9,commercial
,best neighborhoods in tampa florida,,best tampa neighborhoods for families,recommended,70,10,commercial
,best neighborhoods in tampa florida,,tampa areas,recommended,110,26,informational
,best neighborhoods in tampa florida,,best places to live in tampa area,recommended,70,21,commercial
,best neighborhoods in tampa florida,,best area in tampa,recommended,50,17,commercial
,best neighborhoods in tampa florida,,tampa fl,recommended,27100,93,informational
,san diego mission beach motels,,san diego mission beach motels,recommended,110,26,transactional
,san diego mission beach motels,,cheap hotels mission beach san diego,recommended,110,28,commercial
,san diego mission beach motels,,motels in mission beach san diego,recommended,50,31,"informational, transactional"
,san diego mission beach motels,,hotel in mission beach san diego,recommended,140,64,commercial
,san diego mission beach motels,,best hotels mission beach san diego,recommended,70,49,commercial
,san diego mission beach motels,,oceanfront hotels mission beach san diego,recommended,90,59,"informational, transactional"
,san diego mission beach motels,,san diego hotels mission bay beach,recommended,110,67,"informational, transactional"
,san diego mission beach motels,,san diego hotels near mission beach,recommended,70,64,commercial
,san diego mission beach motels,,condos in mission beach,recommended,30,19,commercial
,relocating to nashville tennessee,,relocating to nashville tennessee,recommended,70,16,informational
,relocating to nashville tennessee,,moving to nashville tennessee,recommended,70,22,informational
,relocating to nashville tennessee,,should i move to nashville tn,recommended,40,12,informational
,relocating to nashville tennessee,,relocation to nashville tn,recommended,30,8,"informational, commercial"
,relocating to nashville tennessee,,best places to live in nashville tennessee,recommended,40,19,commercial
,apartment locator houston tx,,apartment locator houston tx,recommended,390,35,commercial
,apartment locator houston tx,,houston apartment locator service,recommended,70,29,commercial
,apartment locator houston tx,,apartments for rent west houston,recommended,170,30,commercial
,houses for rent charlotte nc,,houses for rent charlotte nc,recommended,5400,37,commercial
,houses for rent charlotte nc,,great places to live in charlotte nc,recommended,880,21,informational
,houses for rent charlotte nc,,charlotte neighborhoods,recommended,1000,26,informational
,houses for rent charlotte nc,,charlotte north carolina best suburbs,recommended,480,16,commercial
,houses for rent charlotte nc,,best areas of charlotte nc to live,recommended,320,14,commercial
,houses for rent charlotte nc,,best areas in charlotte to live,recommended,390,22,commercial
,houses for rent charlotte nc,,houses in charlotte,recommended,720,49,transactional
,houses for rent charlotte nc,,best places in charlotte nc to live,recommended,110,12,commercial
,houses for rent charlotte nc,,nice areas to live in charlotte nc,recommended,110,13,"informational, commercial"
,houses for rent charlotte nc,,best place to live in charlotte nc,recommended,210,25,commercial
,houses for rent charlotte nc,,nicest suburbs of charlotte nc,recommended,40,1,informational
,houses for rent charlotte nc,,best neighborhoods to explore in charlotte,recommended,90,13,commercial
,houses for rent charlotte nc,,homes near charlotte nc,recommended,140,50,commercial
,houses for rent charlotte nc,,best neighborhood charlotte nc,recommended,50,14,commercial
,houses for rent charlotte nc,,homes near charlotte,recommended,90,49,commercial
,houses for rent charlotte nc,,nice neighborhoods in charlotte,recommended,50,16,informational
,houses for rent charlotte nc,,nicest neighborhoods in charlotte,recommended,70,22,"informational, commercial"
,houses for rent charlotte nc,,best neighbourhoods in charlotte nc,recommended,70,22,commercial
,houses for rent charlotte nc,,suburbs in charlotte nc,recommended,40,19,informational
,houses for rent charlotte nc,,best neighborhood in charlotte,recommended,40,21,commercial
,houses for rent charlotte nc,,charlotte nc properties,recommended,50,50,commercial
,houses for rent charlotte nc,,charlotte nc,recommended,135000,99,informational
,houses for rent charlotte nc,,charlotte north carolina best places to live,recommended,30,16,commercial
,houses for rent charlotte nc,,areas in charlotte north carolina,recommended,260,19,"informational, commercial"
,where to live in kansas city,,best neighborhoods kansas city renters,recommended,0,0,
,where to live in kansas city,,where to live in kansas city,recommended,30,12,informational
,where to live in kansas city,,renter friendly neighborhoods,recommended,0,0,
,most desirable neighborhoods in denver,,most desirable neighborhoods in denver,recommended,210,20,informational
,most desirable neighborhoods in denver,,denver colorado best places to live,recommended,30,14,commercial
,hotels in panama city beach florida that allow pets,,hotels in panama city beach florida that allow pets,recommended,1000,34,commercial
,hotels in panama city beach florida that allow pets,,pet friendly hotels in panama beach,recommended,1000,37,commercial
,hotels in panama city beach florida that allow pets,,pet friendly condos in pcb,recommended,210,9,commercial
,hotels in panama city beach florida that allow pets,,pet friendly hotels panama city florida,recommended,70,32,commercial
,hotels in panama city beach florida that allow pets,,cheap pet friendly hotels in panama city beach,recommended,50,29,commercial
,hotels in panama city beach florida that allow pets,,panama city beach hotels oceanfront pet friendly,recommended,70,37,"informational, transactional"
,hotels in panama city beach florida that allow pets,,pet friendly hotels in panama city beach florida,recommended,50,32,"informational, transactional"
,hotels in panama city beach florida that allow pets,,oceanfront pet friendly hotels panama city beach fl,recommended,40,29,commercial
,hotels in panama city beach florida that allow pets,,pet friendly beachfront hotels in panama city beach florida,recommended,40,31,commercial
,hotels in panama city beach florida that allow pets,,dog friendly hotels panama city beach,recommended,30,32,"informational, commercial"
,hotels in panama city beach florida that allow pets,,pet friendly hotels near panama city fl,recommended,30,33,commercial
,hotels in panama city beach florida that allow pets,,renting with pets pcb,recommended,0,0,
,1 bedroom apartments for rent nashville,,1 bedroom apartments for rent nashville,recommended,70,25,commercial
,1 bedroom apartments for rent nashville,,south nashville apartments,recommended,140,45,navigational
,1 bedroom apartments for rent nashville,,apartments for rent in nashville tn cheap,recommended,70,33,navigational
,1 bedroom apartments for rent nashville,,nashville tn apartment deals,recommended,30,18,commercial
,1 bedroom apartments for rent nashville,,apts downtown nashville,recommended,1300,54,commercial
,1 bedroom apartments for rent nashville,,apartment building nashville tn,recommended,70,53,commercial
,1 bedroom apartments for rent nashville,,top rated apartments in nashville tn,recommended,40,40,commercial
,1 bedroom apartments for rent nashville,,apartment prices in nashville tn,recommended,30,43,transactional
,1 bedroom apartments for rent nashville,,nashville high rise apartments,recommended,210,50,commercial
,1 bedroom apartments for rent nashville,,apartment in nashville tennessee,recommended,110,40,commercial
,1 bedroom apartments for rent nashville,,apartment downtown nashville,recommended,70,46,commercial
,ballston condominiums,,ballston condominiums,recommended,170,22,commercial
,ballston condominiums,,condos in ballston va,recommended,140,21,commercial
,ballston condominiums,,ballston square arlington va,recommended,70,33,informational
,ballston condominiums,,luxury apartments ballston va,recommended,170,50,commercial
,ballston condominiums,,affordable apartments in ballston va,recommended,40,16,commercial
,ballston condominiums,,ballston va rentals,recommended,30,23,transactional
,ballston condominiums,,apartment ballston va,recommended,90,29,commercial
,ballston condominiums,,ballston apartment complexes,recommended,50,35,commercial
,student apartments lexington,,student apartments lexington,recommended,170,32,commercial
,student apartments lexington,,lexington student housing,recommended,90,39,commercial
,student apartments lexington,,university of kentucky rental homes,recommended,50,18,informational
,student apartments lexington,,1 bedroom apartments near university of kentucky,recommended,40,21,commercial
,student apartments lexington,,uk off campus housing,recommended,0,0,
,2 bed to rent,,2 bed to rent,recommended,480,15,"informational, transactional"
,2 bed to rent,,two bed to rent,recommended,170,17,informational
,2 bed to rent,,2 bed 1 bath for rent,recommended,720,28,informational
,2 bed to rent,,2 bedroom apartment price,recommended,30,12,transactional
,2 bed to rent,,boston apartments,recommended,14800,62,commercial
,townhouses for rent in orlando fl,,townhouses for rent in orlando fl,recommended,140,33,informational
,townhouses for rent in orlando fl,,brand new townhomes for rent near me,recommended,70,17,transactional
,townhouses for rent in orlando fl,,orlando townhouses for rent,recommended,30,26,commercial
,townhouses for rent in orlando fl,,luxury rental townhomes near me,recommended,40,26,transactional
,iu bloomington on campus apartments,,iu bloomington on campus apartments,recommended,110,27,transactional
,iu bloomington on campus apartments,,housing bloomington in,recommended,40,32,navigational
,iu bloomington on campus apartments,,housing bloomington,recommended,50,37,commercial
,2100 legacy drive plano tx,,2100 legacy drive plano tx,recommended,70,13,informational
,2100 legacy drive plano tx,,apartments with attached garages in plano tx,recommended,70,21,commercial
,2100 legacy drive plano tx,,no credit check apartments in plano tx,recommended,70,18,commercial
,2100 legacy drive plano tx,,apartment in plano,recommended,110,41,transactional
,2100 legacy drive plano tx,,the legacy in plano,recommended,90,37,commercial
,2100 legacy drive plano tx,,legacy at plano,recommended,50,38,informational
,2100 legacy drive plano tx,,apartment homes plano tx,recommended,40,38,commercial
,2100 legacy drive plano tx,,2 bedroom apartments plano,recommended,170,12,informational
,2100 legacy drive plano tx,,luxury apartments near plano tx,recommended,30,30,commercial
,2100 legacy drive plano tx,,best plano apartments,recommended,50,30,commercial
,2100 legacy drive plano tx,,plano texas luxury apartments,recommended,30,34,commercial
,2100 legacy drive plano tx,,apartments near west plano,recommended,30,35,navigational
,2100 legacy drive plano tx,,apartments in west plano texas,recommended,70,35,navigational
,2100 legacy drive plano tx,,apartments plano texas,recommended,590,39,commercial
,2100 legacy drive plano tx,,apartment complexes in plano tx,recommended,720,38,commercial
,2100 legacy drive plano tx,,plano apartment complexes,recommended,480,39,commercial
,2100 legacy drive plano tx,,apartment plano,recommended,90,38,commercial
,2100 legacy drive plano tx,,apts in plano,recommended,480,39,informational
,2100 legacy drive plano tx,,apartment complex plano tx,recommended,880,40,transactional
,2100 legacy drive plano tx,,apartments plano,recommended,1900,43,commercial
,2100 legacy drive plano tx,,high rise apartments plano tx,recommended,210,41,commercial
,2100 legacy drive plano tx,,apartment homes plano,recommended,40,43,commercial
,2100 legacy drive plano tx,,apartments at shops of legacy plano texas,recommended,170,45,commercial
,2100 legacy drive plano tx,,apartments for rent near plano tx,recommended,40,43,commercial
,2100 legacy drive plano tx,,apartments in plano tx,recommended,2900,46,commercial
,2100 legacy drive plano tx,,high rise apartments plano,recommended,210,44,commercial
,2100 legacy drive plano tx,,new apartments plano tx,recommended,90,44,navigational
,2100 legacy drive plano tx,,apartments for rent plano texas,recommended,170,45,navigational
,2100 legacy drive plano tx,,plano tx apartments for rent,recommended,210,48,commercial
,2100 legacy drive plano tx,,apartments for rent in plano,recommended,590,48,commercial
,st augustine fl rentals,,st augustine fl rentals,recommended,170,23,"informational, transactional"
,st augustine fl rentals,,st augustine rental homes,recommended,210,35,informational
,st augustine fl rentals,,vacation homes st augustine,recommended,260,41,"informational, transactional"
,st augustine fl rentals,,rental st augustine fl,recommended,140,33,transactional
,st augustine fl rentals,,luxury vacation rentals st augustine fl,recommended,30,4,commercial
,st augustine fl rentals,,st augustine florida oceanfront rentals,recommended,40,11,"informational, transactional"
,st augustine fl rentals,,monthly vacation rentals st augustine fl,recommended,30,5,informational
,st augustine fl rentals,,st augustine florida vacation rentals beachfront,recommended,30,7,"informational, transactional"
,st augustine fl rentals,,for rent in st augustine fl,recommended,70,30,commercial
,st augustine fl rentals,,rentals saint augustine fl,recommended,70,35,"informational, transactional"
,st augustine fl rentals,,vacation rentals saint augustine fl,recommended,140,43,"informational, transactional"
,st augustine fl rentals,,st augustine rental houses,recommended,50,39,commercial
,st augustine fl rentals,,vacation homes in st augustine fl,recommended,50,40,transactional
,st augustine fl rentals,,vacation rentals saint augustine,recommended,40,38,"informational, transactional"
,st augustine fl rentals,,st augustine florida vacation rental homes,recommended,70,39,commercial
,home rentals mn,,home rentals mn,recommended,320,25,informational
,home rentals mn,,house for rent in minnesota,recommended,210,20,informational
,home rentals mn,,rental homes in mn,recommended,70,13,informational
,home rentals mn,,home for rent in mn,recommended,50,15,informational
,home rentals mn,,private landlords in minneapolis mn,recommended,90,14,"informational, transactional"
,home rentals mn,,rentals mn,recommended,140,24,"informational, transactional"
,restaurants for lease in houston tx,,restaurants for lease in houston tx,recommended,110,11,commercial
,restaurants for lease in houston tx,,empty restaurant for lease,recommended,50,1,informational
,restaurants for lease in houston tx,,restaurant space for lease houston tx,recommended,70,8,commercial
,restaurants for lease in houston tx,,restaurant for lease in houston,recommended,70,10,"informational, transactional"
,most walkable neighborhoods in austin,,most walkable neighborhoods in austin,recommended,50,0,informational
,most walkable neighborhoods in austin,,best walkable neighborhoods in austin tx,recommended,40,8,commercial
,one bedroom apartment in philadelphia,,one bedroom apartment in philadelphia,recommended,110,27,commercial
,one bedroom apartment in philadelphia,,one bedroom apartments for rent in philadelphia,recommended,170,31,informational
,private landlords renting no credit check,,private landlords renting no credit check,recommended,260,23,informational
,private landlords renting no credit check,,credit score to rent apartment,recommended,590,32,informational
,private landlords renting no credit check,,duplex for rent nashville,recommended,40,20,informational
,private landlords renting no credit check,,credit score to get an apartment,recommended,720,49,informational
,private landlords renting no credit check,,can you rent a house with bad credit,recommended,210,10,informational
,private landlords renting no credit check,,renters insurance new york,recommended,2900,53,"informational, commercial"
,private landlords renting no credit check,,rent apartment without deposit,recommended,30,18,informational
,private landlords renting no credit check,,credit score and renting,recommended,210,38,informational
,private landlords renting no credit check,,ca renters insurance,recommended,590,35,commercial
,private landlords renting no credit check,,renting a house with bad credit but high income,recommended,90,10,informational
,private landlords renting no credit check,,no credit apt,recommended,170,39,"informational, transactional"
,private landlords renting no credit check,,credit score for renting apartment,recommended,170,40,informational
,private landlords renting no credit check,,can you rent a house without credit,recommended,90,13,commercial
,private landlords renting no credit check,,conditionally approved apartment no credit experience,recommended,110,19,informational
,private landlords renting no credit check,,rental agencies that accept bad credit,recommended,70,24,commercial
,private landlords renting no credit check,,charlotte nc rental homes,recommended,110,39,informational
,private landlords renting no credit check,,renting with bad credit but high income,recommended,50,20,informational
,private landlords renting no credit check,,i have bad credit and need to rent a house,recommended,40,18,informational
,private landlords renting no credit check,,low credit score home rentals,recommended,70,27,informational
,private landlords renting no credit check,,credit score renting apartment,recommended,40,32,informational
,private landlords renting no credit check,,homes for rent with low credit score,recommended,50,23,informational
,private landlords renting no credit check,,renters insurance mi,recommended,70,29,commercial
,private landlords renting no credit check,,no credit check move in specials,recommended,90,22,informational
,private landlords renting no credit check,,houses for rent low credit score,recommended,50,33,"informational, transactional"
,private landlords renting no credit check,,rental properties that accept bad credit,recommended,30,33,informational
,private landlords renting no credit check,,obtain renters insurance,recommended,90,61,commercial
,private landlords renting no credit check,,no credit check houses,recommended,140,65,"informational, transactional"
,applying for an apartment,,applying for an apartment,recommended,480,40,informational
,applying for an apartment,,how do you get an apartment,recommended,260,34,informational
,applying for an apartment,,getting an apartment,recommended,140,23,informational
,applying for an apartment,,first time renter tips,recommended,110,22,informational
,applying for an apartment,,what you need to get an apartment,recommended,90,25,informational
,applying for an apartment,,things to consider when renting an apartment,recommended,90,21,informational
,applying for an apartment,,first time renting an apartment,recommended,70,22,informational
,applying for an apartment,,advice for first time renters,recommended,90,23,informational
,applying for an apartment,,how to choose an apartment,recommended,140,15,informational
,applying for an apartment,,tips for first time apartment renters,recommended,50,18,informational
,applying for an apartment,,renting your first apartment,recommended,50,20,informational
,applying for an apartment,,choosing an apartment,recommended,70,11,informational
,applying for an apartment,,apartment process,recommended,40,27,informational
,applying for an apartment,,what to ask when looking for an apartment,recommended,140,24,informational
,applying for an apartment,,what do you need to rent your first apartment,recommended,30,22,informational
,applying for an apartment,,advice for first time apartment renters,recommended,30,25,informational
,applying for an apartment,,renting my apartment,recommended,50,40,informational
,applying for an apartment,,leasing a apartment,recommended,30,32,informational
,applying for an apartment,,renting a one bedroom apartment,recommended,170,56,informational
,dog beaches in san diego,,dog beaches in san diego,recommended,480,24,commercial
,dog beaches in san diego,,things to do in san diego with dogs,recommended,170,4,informational
,dog beaches in san diego,,dog park san diego,recommended,260,22,commercial
,dog beaches in san diego,,dog friendly activities in san diego,recommended,90,8,informational
,dog beaches in san diego,,dog friendly beach in san diego,recommended,210,25,commercial
,dog beaches in san diego,,dog activities san diego,recommended,50,9,commercial
,dog beaches in san diego,,best dog beach san diego,recommended,50,21,commercial
,dog beaches in san diego,,ocean beach dog park san diego,recommended,110,37,commercial
,dog beaches in san diego,,things to do in san diego with a dog,recommended,110,4,commercial
,dog beaches in san diego,,things to do with your dog in san diego,recommended,40,8,"informational, commercial"
,living in austin texas,,living in austin texas,recommended,1300,33,informational
,living in austin texas,,is austin texas a nice place to live,recommended,210,17,informational
,living in austin texas,,best places to live near austin tx,recommended,170,20,commercial
,living in austin texas,,what is it like to live in austin texas,recommended,70,16,informational
,living in austin texas,,austin texas living pros and cons,recommended,50,10,informational
,living in austin texas,,nice neighborhoods in austin,recommended,70,16,informational
,living in austin texas,,should i move to austin texas,recommended,70,22,"informational, commercial"
,living in austin texas,,best cities to live in austin texas,recommended,50,18,commercial
,living in austin texas,,where to live in austin in your 30s,recommended,30,15,informational
,luxury condos phoenix,,luxury condos phoenix,recommended,110,19,commercial
,luxury condos phoenix,,camelback east phoenix apartments,recommended,90,18,"informational, transactional"
,luxury condos phoenix,,city view apartments phoenix,recommended,30,17,informational
,luxury condos phoenix,,condos downtown phoenix,recommended,50,30,commercial
,luxury condos phoenix,,sky rise apartments phoenix,recommended,30,24,commercial
,luxury condos phoenix,,luxury apartments midtown phoenix,recommended,90,45,commercial
,luxury condos phoenix,,townhouse rent to own near me,recommended,90,66,transactional
,luxury condos phoenix,,lofts in downtown phoenix,recommended,50,12,commercial
,luxury condos phoenix,,apartments downtown phx,recommended,90,40,commercial
,2 bedroom apartments in california,,2 bedroom apartments in california,recommended,110,23,"informational, transactional"
,2 bedroom apartments in california,,city place apartments phoenix photos,recommended,40,10,"informational, transactional"
,2 bedroom apartments in california,,1 bedroom studio apartments,recommended,90,22,informational
,2 bedroom apartments in california,,apartment leasing specials near me,recommended,140,14,transactional
,2 bedroom apartments in california,,apartments in east houston,recommended,70,20,navigational
,2 bedroom apartments in california,,apartment for rent 2 bedroom cheap,recommended,70,26,transactional
,2 bedroom apartments in california,,2 bed 2 bath apartments dallas,recommended,50,39,commercial
,moving into your first apartment,,moving into your first apartment,recommended,90,11,informational
,moving into your first apartment,,moving into new place checklist,recommended,110,26,informational
,moving into your first apartment,,moving checklist apartment pdf,recommended,40,15,informational
,moving into your first apartment,,first time moving checklist,recommended,90,34,informational
,moving into your first apartment,,checklist for moving apartments,recommended,30,24,informational
,moving into your first apartment,,list for apartment move in,recommended,30,9,informational
,minnesota rent prices,,minnesota rent prices,recommended,50,20,informational
,minnesota rent prices,,average rent in minneapolis,recommended,480,22,informational
,minnesota rent prices,,north minneapolis apartments,recommended,110,27,commercial
,dallas texas neighborhoods,,dallas texas neighborhoods,recommended,720,30,informational
,dallas texas neighborhoods,,dallas cool neighborhoods,recommended,90,17,informational
,dallas texas neighborhoods,,dallas areas to live,recommended,110,27,"informational, commercial"
,dallas texas neighborhoods,,best areas to live around dallas,recommended,70,22,commercial
,dallas texas neighborhoods,,neighbourhood in dallas,recommended,70,33,informational
,dallas texas neighborhoods,,best suburbs in dallas tx,recommended,140,9,commercial
,dallas texas neighborhoods,,is dallas a good place to raise a family,recommended,50,12,informational
,dallas texas neighborhoods,,dallas texas best places to live,recommended,70,17,commercial
,dallas texas neighborhoods,,good neighborhood in dallas tx,recommended,320,17,informational
,dallas texas neighborhoods,,best places to live near dallas,recommended,170,19,commercial
,dallas texas neighborhoods,,nice neighborhoods in dallas,recommended,140,19,informational
,dallas texas neighborhoods,,best places to live around dallas,recommended,90,20,commercial
,dallas texas neighborhoods,,good areas to live in dallas,recommended,170,22,informational
,dallas texas neighborhoods,,best parts of dallas to live in,recommended,140,23,commercial
,dallas texas neighborhoods,,where to live in dallas,recommended,140,23,informational
,dallas texas neighborhoods,,nicest neighborhood in dallas,recommended,70,24,informational
,dallas texas neighborhoods,,best areas in dallas,recommended,320,24,commercial
,dallas texas neighborhoods,,nice areas to live in dallas,recommended,110,27,informational
,dallas texas neighborhoods,,best areas in dallas to live,recommended,720,29,commercial
,dallas texas neighborhoods,,dallas best neighborhoods,recommended,110,30,commercial
,prorated definition,,prorated definition,recommended,6600,46,informational
,prorated definition,,prorated rent calculator move in,recommended,480,17,informational
,prorated definition,,pro rated rent,recommended,1300,31,informational
,prorated definition,,prorating rent,recommended,320,20,informational
,prorated definition,,prorated amount meaning,recommended,260,24,informational
,prorated definition,,how to prorate rent calculator,recommended,90,13,informational
,prorated definition,,what is prorated,recommended,1600,49,informational
,prorated definition,,prorate calculator for rent,recommended,170,26,informational
,prorated definition,,pro rata rent calculator,recommended,140,28,informational
,prorated definition,,what is a prorated,recommended,170,29,informational
,prorated definition,,prorated,recommended,33100,50,informational
,prorated definition,,how to calculate a prorated amount,recommended,70,28,informational
,prorated definition,,how to figure out prorated amount,recommended,70,29,informational
,prorated definition,,prorated rate meaning,recommended,140,38,informational
,prorated definition,,prorated rent move in,recommended,70,32,informational
,does each tenant need renters insurance,,does each tenant need renters insurance,recommended,210,15,informational
,does each tenant need renters insurance,,renters insurance near me,recommended,12100,80,transactional
,does each tenant need renters insurance,,liability insurance for apartment renters,recommended,320,55,"informational, commercial"
,does each tenant need renters insurance,,tenants insurance,recommended,1000,73,"informational, commercial"
,does each tenant need renters insurance,,liability coverage renters insurance,recommended,3600,44,informational
,does each tenant need renters insurance,,renters insuranc,recommended,480,70,commercial
,does each tenant need renters insurance,,renters insurance for a month,recommended,90,59,"informational, commercial"
,does each tenant need renters insurance,,renters insurance de,recommended,90,62,commercial
,does each tenant need renters insurance,,compare renters insurance,recommended,2400,74,commercial
,does each tenant need renters insurance,,house insurance for tenants,recommended,40,65,commercial
,does each tenant need renters insurance,,renters insurance what is it,recommended,260,59,informational
,does each tenant need renters insurance,,what do renters insurance cover,recommended,50,50,informational
,does each tenant need renters insurance,,what is renters insurance policy,recommended,50,50,informational
,does each tenant need renters insurance,,rental insurance policy,recommended,320,68,commercial
,florida vacation rentals pets allowed,,florida vacation rentals pets allowed,recommended,210,16,"informational, transactional"
,florida vacation rentals pets allowed,,pet friendly gulf coast rentals,recommended,110,5,commercial
,florida vacation rentals pets allowed,,pet friendly vacation rentals florida gulf coast,recommended,90,6,"informational, transactional"
,florida vacation rentals pets allowed,,pet friendly beachfront rentals in florida,recommended,140,22,commercial
,florida vacation rentals pets allowed,,florida vacation rentals pet friendly,recommended,140,10,"informational, transactional"
,florida vacation rentals pets allowed,,pet friendly condos on the beach,recommended,70,11,commercial
,florida vacation rentals pets allowed,,florida panhandle vacation rentals pet friendly,recommended,30,3,"informational, transactional"
,florida vacation rentals pets allowed,,pet friendly vacation home rentals in florida,recommended,40,12,"informational, transactional"
,florida vacation rentals pets allowed,,dog friendly rentals florida,recommended,50,20,"informational, transactional"
,florida vacation rentals pets allowed,,pet friendly vacation rental in florida,recommended,50,15,"informational, transactional"
,florida vacation rentals pets allowed,,dog friendly rental homes,recommended,50,37,commercial
,florida vacation rentals pets allowed,,pcb pet friendly housing,recommended,0,0,
,is st augustine dog friendly,,is st augustine dog friendly,recommended,140,10,informational
,is st augustine dog friendly,,pet friendly restaurants in st augustine,recommended,170,18,commercial
,is st augustine dog friendly,,dog friendly places in st augustine,recommended,140,17,informational
,is st augustine dog friendly,,is st augustine beach dog friendly,recommended,110,12,informational
,is st augustine dog friendly,,dog friendly things to do in st augustine,recommended,50,9,informational
,is st augustine dog friendly,,st augustine dog friendly beaches,recommended,40,18,commercial
,is st augustine dog friendly,,dog friendly beaches st augustine fl,recommended,30,17,commercial
,knoxville housing,,knoxville housing,recommended,1000,41,transactional
,knoxville housing,,student housing in knoxville tn,recommended,480,37,commercial
,knoxville housing,,new apartments knoxville tn,recommended,210,30,commercial
,knoxville housing,,new knoxville apartments,recommended,110,31,commercial
,knoxville housing,,apartments downtown knoxville tennessee,recommended,40,27,commercial
,knoxville housing,,housing in knoxville tennessee,recommended,50,52,commercial
,legacy plano tx,,legacy plano tx,recommended,720,41,commercial
,legacy plano tx,,legacy park plano tx,recommended,70,27,informational
,apartments in normal il,,apartments in normal il,recommended,590,32,navigational
,apartments in normal il,,studio apartments normal il,recommended,40,16,commercial
,apartments in normal il,,normal il apartments for rent,recommended,50,36,commercial
,cheap houses for rent in houston,,how much is an apartment in houston,recommended,30,45,informational
,cheap houses for rent in houston,,cheap houses for rent in houston,recommended,210,27,transactional
,cheap houses for rent in houston,,furnished apartments houston,recommended,1000,30,commercial
,cheap houses for rent in houston,,apartment move in specials houston,recommended,110,16,commercial
,cheap houses for rent in houston,,affordable housing houston houses for rent,recommended,50,20,navigational
,cheap houses for rent in houston,,houston texas apartment locators,recommended,110,32,commercial
,cheap houses for rent in houston,,apartments for rent in southwest houston,recommended,70,28,navigational
,cheap houses for rent in houston,,apartment finders in houston,recommended,70,34,commercial
,cheap houses for rent in houston,,short lease apartments houston,recommended,140,25,commercial
,cheap houses for rent in houston,,cheap apartments for rent in houston tx,recommended,210,41,commercial
,cheap houses for rent in houston,,houston furnished rentals,recommended,30,27,commercial
,cheap houses for rent in houston,,houston long term rentals,recommended,40,31,commercial
,cheap houses for rent in houston,,realtors in houston tx for rental,recommended,70,21,informational
,cheap houses for rent in houston,,renta de casas houston,recommended,90,35,informational
,cheap houses for rent in houston,,apartments in central houston,recommended,30,36,navigational
,cheap houses for rent in houston,,casas en renta en houston,recommended,260,37,informational
,cheap houses for rent in houston,,locate houston apartments,recommended,140,40,navigational
,cheap houses for rent in houston,,house rental houston,recommended,70,44,informational
,cheap houses for rent in houston,,casas de renta en houston tx cerca de mi,recommended,70,44,informational
,cheap houses for rent in houston,,houston houses apartment,recommended,50,44,"informational, transactional"
,cheap houses for rent in houston,,houses for lease houston,recommended,40,47,informational
,cheap houses for rent in houston,,rentas en houston texas,recommended,90,49,informational
,cheap houses for rent in houston,,apartment in houston texas,recommended,720,50,commercial
,cheap houses for rent in houston,,cheap apartments houston,recommended,720,50,transactional
,cheap houses for rent in houston,,for rent houston texas,recommended,170,53,informational
,cheap houses for rent in houston,,houston apartment listing,recommended,40,54,commercial
,cheap houses for rent in houston,,houston rent,recommended,880,56,informational
,cheap houses for rent in houston,,apartment prices in houston,recommended,90,53,transactional
,cheap houses for rent in houston,,apartment houston search,recommended,50,55,commercial
,cheap houses for rent in houston,,rental in houston tx,recommended,90,56,"informational, transactional"
,best neighborhoods to stay in denver,,best neighborhoods to stay in denver,recommended,590,13,commercial
,best neighborhoods to stay in denver,,best neighborhoods in denver colorado,recommended,720,24,informational
,best neighborhoods to stay in denver,,denver best areas to live,recommended,390,21,commercial
,best neighborhoods to stay in denver,,denver neighborhood,recommended,320,23,informational
,best neighborhoods to stay in denver,,areas of denver,recommended,260,25,informational
,best neighborhoods to stay in denver,,best neighborhoods in denver for vacation rentals local living experience,recommended,90,0,commercial
,best neighborhoods to stay in denver,,best places to live near denver,recommended,170,19,commercial
,best neighborhoods to stay in denver,,best areas to live in denver colorado,recommended,140,17,commercial
,best neighborhoods to stay in denver,,trendy neighborhoods in denver,recommended,140,19,"informational, commercial"
,best neighborhoods to stay in denver,,best area to live in denver,recommended,110,20,commercial
,best neighborhoods to stay in denver,,denver areas,recommended,140,28,informational
,best neighborhoods to stay in denver,,areas around denver,recommended,140,29,informational
,best neighborhoods to stay in denver,,neighborhoods denver map,recommended,140,32,"informational, transactional"
,best neighborhoods to stay in denver,,best places to live around denver colorado,recommended,70,23,commercial
,best neighborhoods to stay in denver,,neighborhood in denver colorado,recommended,70,24,informational
,best neighborhoods to stay in denver,,area denver,recommended,260,58,informational
,best neighborhoods to stay in denver,,best neighborhoods in denver to visit,recommended,50,20,commercial
,best neighborhoods to stay in denver,,best parts of denver to live,recommended,30,23,commercial
,best neighborhood minneapolis,,best neighborhood minneapolis,recommended,30,14,commercial
,best neighborhood minneapolis,,trendy neighborhoods in minneapolis,recommended,90,11,informational
,best neighborhood minneapolis,,best neighborhoods in minneapolis,recommended,880,12,commercial
,best neighborhood minneapolis,,areas in minneapolis,recommended,110,15,"informational, transactional"
,best neighborhood minneapolis,,coolest neighborhoods minneapolis,recommended,40,17,informational
,best neighborhood minneapolis,,best areas to live in minneapolis,recommended,260,20,commercial
,best neighborhood minneapolis,,minnesota neighborhoods,recommended,110,24,commercial
,best neighborhood minneapolis,,neighborhoods in minneapolis mn,recommended,320,26,informational
,best neighborhood minneapolis,,area in minneapolis,recommended,50,28,informational
,best neighborhood minneapolis,,live in minneapolis,recommended,170,31,informational
,best neighborhood minneapolis,,minneapolis neighborhood,recommended,260,34,informational
,best neighborhood minneapolis,,area minneapolis,recommended,90,65,informational
,best neighborhood to stay in austin,,best neighborhood to stay in austin,recommended,210,16,commercial
,best neighborhood to stay in austin,,best areas to stay in austin texas,recommended,50,17,commercial
,best neighborhood to stay in austin,,best places to live in austin texas for families,recommended,40,9,commercial
,best neighborhood to stay in austin,,austin best neighborhood,recommended,40,16,commercial
,best neighborhood to stay in austin,,best area to live austin tx,recommended,140,27,commercial
,san diego pet friendly hotels on the beach,,san diego pet friendly hotels on the beach,recommended,110,10,commercial
,san diego pet friendly hotels on the beach,,hotels san diego dog friendly,recommended,140,15,transactional
,san diego pet friendly hotels on the beach,,pet friendly hotels san diego beachfront,recommended,110,13,commercial
,san diego pet friendly hotels on the beach,,pet friendly hotel in san diego,recommended,110,18,commercial
,san diego pet friendly hotels on the beach,,san diego hotels on the beach dog friendly,recommended,30,11,commercial
,3 bedroom phoenix apartments,,3 bedroom phoenix apartments,recommended,40,20,commercial
,3 bedroom phoenix apartments,,villas in phoenix az,recommended,90,18,transactional
,3 bedroom phoenix apartments,,villas in phoenix,recommended,70,22,transactional
,move in specials houston,,move in specials houston,recommended,390,13,informational
,move in specials houston,,move in specials on apartments in houston,recommended,110,25,transactional
,move in specials houston,,cheapest apartments houston,recommended,50,41,navigational
,one bedroom apartment rental,,one bedroom apartment rental,recommended,390,37,informational
,one bedroom apartment rental,,4 bedroom apartments bloomington,recommended,40,11,"informational, transactional"
,apartment complex bronx ny,,apartment complex bronx ny,recommended,1300,54,commercial
,apartment complex bronx ny,,two bedroom apt in the bronx,recommended,390,28,informational
,apartment complex bronx ny,,rent stabilized apartments in the bronx,recommended,90,6,informational
,apartment complex bronx ny,,studios for rent in the bronx for cheap,recommended,140,27,commercial
,apartment complex bronx ny,,apartment for rent in the bronx 10469,recommended,70,19,commercial
,apartment complex bronx ny,,apartments for rent in south bronx ny,recommended,90,23,commercial
,apartment complex bronx ny,,bronx lofts for rent,recommended,70,19,commercial
,apartment complex bronx ny,,bronx no fee apartments,recommended,70,20,informational
,apartment complex bronx ny,,three bedroom apartments in the bronx,recommended,50,19,informational
,apartment complex bronx ny,,no fee bronx apts,recommended,70,24,commercial
,apartment complex bronx ny,,apartments for rent bronx ny 10458,recommended,40,20,commercial
,apartment complex bronx ny,,bronx apartments for rent no fee,recommended,50,23,informational
,apartment complex bronx ny,,bronx apartments for rent no fee no credit check,recommended,50,25,commercial
,apartment complex bronx ny,,apt in the bronx no credit check,recommended,50,26,commercial
,apartment complex bronx ny,,bronx real estate rentals,recommended,40,29,commercial
,apartment complex bronx ny,,rental in bronx,recommended,30,40,transactional
,apartment complex bronx ny,,bronx complex apartments,recommended,30,44,commercial
,apts in northeast philadelphia,,apts in northeast philadelphia,recommended,390,18,commercial
,apts in northeast philadelphia,,rentals in northeast philadelphia,recommended,90,13,commercial
,apts in northeast philadelphia,,homes for rent in northeast philadelphia pa,recommended,90,19,informational
,apts in northeast philadelphia,,apartments in ne philadelphia,recommended,170,21,commercial
,apts in northeast philadelphia,,apartment for rent northeast philadelphia,recommended,70,18,commercial
,apts in northeast philadelphia,,duplex for rent in philadelphia,recommended,140,16,informational
,apts in northeast philadelphia,,far northeast philadelphia apartments,recommended,40,18,navigational
,apts in northeast philadelphia,,rental broker philadelphia,recommended,50,45,commercial
,loft apartments huntsville al,,loft apartments huntsville al,recommended,70,7,commercial
,loft apartments huntsville al,,high rise apartments huntsville al,recommended,40,25,commercial
,one bedroom apartments in williamsburg brooklyn,,one bedroom apartments in williamsburg brooklyn,recommended,30,11,commercial
,one bedroom apartments in williamsburg brooklyn,,sublet williamsburg nyc,recommended,70,12,informational
,philadelphia lofts,,philadelphia lofts,recommended,90,21,commercial
,philadelphia lofts,,loft apartment philadelphia pa,recommended,30,15,commercial
,apartamentos con garaje,,apartamentos con garaje,recommended,70,20,informational
,apartamentos con garaje,,garage with loft for rent,recommended,30,10,"informational, transactional"
,rent townhomes houston,,rent townhomes houston,recommended,50,41,informational
,rent townhomes houston,,rental home community houston,recommended,90,31,commercial
,rentals near ballston metro,,rentals near ballston metro,recommended,0,0,
,rentals near ballston metro,,ballston new apartments,recommended,140,48,commercial
,apartment complex charlotte,,apartments in charlotte,recommended,2900,49,navigational
,apartment complex charlotte,,apartment complex charlotte,recommended,5400,58,commercial
,apartment complex charlotte,,charlotte apartment complexes,recommended,6600,48,commercial
,apartment complex charlotte,,apartments for rent charlotte nc,recommended,3600,56,commercial
,apartment complex charlotte,,apartment for rent charlotte nc,recommended,1000,55,commercial
,apartment complex charlotte,,best apartments in charlotte nc,recommended,590,47,commercial
,apartment complex charlotte,,rent apartment in charlotte nc,recommended,390,52,commercial
,apartment complex charlotte,,charlotte nc apartment rentals,recommended,390,55,commercial
,apartment complex charlotte,,apartments in north carolina,recommended,1900,50,commercial
,apartment complex charlotte,,charlotte apts for rent,recommended,210,52,commercial
,apartment complex charlotte,,apartment rentals uptown charlotte,recommended,140,50,commercial
,apartment complex charlotte,,charlotte apartments rent,recommended,320,55,commercial
,apartment complex charlotte,,apartment in north carolina charlotte,recommended,170,52,commercial
,apartment complex charlotte,,apartment for rent in charlotte,recommended,90,44,informational
,apartment complex charlotte,,rental home communities charlotte nc,recommended,50,25,commercial
,apartment complex charlotte,,charlotte nc apartment,recommended,110,48,commercial
,apartment complex charlotte,,charlotte apartment rentals,recommended,210,53,commercial
,apartment complex charlotte,,charlotte uptown apartment,recommended,140,56,commercial
,apartment complex charlotte,,apartment rental charlotte nc,recommended,110,51,commercial
,apartment complex charlotte,,apartments for sale in charlotte,recommended,50,31,transactional
,apartment complex charlotte,,charlotte nc for rent,recommended,140,47,informational
,apartment complex charlotte,,rental properties charlotte nc,recommended,480,56,commercial
,apartment complex charlotte,,housing in charlotte north carolina,recommended,110,51,commercial
,apartment complex charlotte,,places for rent in charlotte nc,recommended,110,46,informational
,apartment complex charlotte,,apartment complexes charlotte nc,recommended,70,46,commercial
,apartment complex charlotte,,apartments for rent near charlotte nc,recommended,90,52,navigational
,apartment complex charlotte,,nicest apartments in charlotte nc,recommended,70,43,commercial
,apartment complex charlotte,,apartments in southeast charlotte nc,recommended,30,34,commercial
,apartment complex charlotte,,apartment homes in charlotte nc,recommended,50,42,commercial
,apartment complex charlotte,,new charlotte nc apartments,recommended,40,42,navigational
,short term rental agreement template,,short term rental agreement template,recommended,480,25,informational
,short term rental agreement template,,sample short term rental agreement,recommended,390,25,informational
,short term rental agreement template,,short term rental contract sample,recommended,320,29,informational
,short term rental agreement template,,short term rental contract form,recommended,320,30,informational
,short term rental agreement template,,short rental agreement,recommended,260,27,informational
,short term rental agreement template,,short term lease contract template,recommended,260,30,informational
,short term rental agreement template,,short rental contract,recommended,140,23,informational
,short term rental agreement template,,free short term lease agreement,recommended,110,21,commercial
,short term rental agreement template,,free short term rental contract,recommended,70,26,informational
,short term rental agreement template,,short term rental agreements free,recommended,50,23,commercial
,short term rental agreement template,,short term lease agreement sample,recommended,50,24,informational
,short term rental agreement template,,contract for short term rental,recommended,40,21,informational
,short term rental agreement template,,short rental lease agreement template,recommended,40,21,informational
,short term rental agreement template,,short rental agreement template,recommended,40,29,informational
,great 2 bedroom apartment,,great 2 bedroom apartment,recommended,90,18,commercial
,great 2 bedroom apartment,,rent for 2 bedroom,recommended,110,27,commercial
,great 2 bedroom apartment,,how many sq feet is a 2 bedroom apartment,recommended,70,16,informational
,great 2 bedroom apartment,,2 bedroom apartment houston tx,recommended,140,38,commercial
,great 2 bedroom apartment,,2 bed rental,recommended,50,13,informational
,great 2 bedroom apartment,,cheap two bedroom apartments houston tx,recommended,90,34,commercial
,great 2 bedroom apartment,,2 bedroom apartments in houston texas,recommended,110,40,commercial
,great 2 bedroom apartment,,one or two bedroom apartments for rent,recommended,70,56,transactional
,great 2 bedroom apartment,,how many sqft is a 2 bedroom apartment,recommended,40,9,informational
,great 2 bedroom apartment,,looking for two bedroom apartment,recommended,40,33,commercial
,homes for rent east nashville,,homes for rent east nashville,recommended,30,16,informational
,homes for rent east nashville,,rent home austin,recommended,90,42,informational
,homes for rent east nashville,,for rent by owner tampa,recommended,260,16,informational
,homes for rent east nashville,,3 bedroom homes for rent nashville tn,recommended,50,12,informational
,homes for rent east nashville,,tampa homes for rent with pool,recommended,70,14,commercial
,homes for rent east nashville,,homes for rent in tampa fl 33607,recommended,30,11,informational
,homes for rent east nashville,,house rentals in tampa fl by owner,recommended,140,33,informational
,homes for rent east nashville,,houses for rent tampa by owner,recommended,70,39,commercial
,homes for rent east nashville,,single family homes for rent in tampa fl,recommended,50,38,informational
,legacy square plano,,legacy square plano,recommended,590,7,"informational, commercial"
,legacy square plano,,legacy plano,recommended,1000,42,commercial
,legacy square plano,,legacy in plano,recommended,210,40,commercial
,legacy square plano,,the legacy plano,recommended,110,41,informational
,legacy square plano,,loft apartments plano tx,recommended,110,21,commercial
,legacy square plano,,apartments in west plano,recommended,170,37,navigational
,apartment complex in minneapolis,,apartment complex in minneapolis,recommended,40,35,commercial
,apartment complex in minneapolis,,luxury minneapolis apartments,recommended,40,45,commercial
,apartment complex in minneapolis,,accommodation in minneapolis,recommended,110,29,transactional
,apartment complex in minneapolis,,new minneapolis apartments,recommended,40,35,navigational
,apartment complex in minneapolis,,modern apartments minneapolis,recommended,110,38,commercial
,apartment complex in minneapolis,,minnesota apartment,recommended,170,50,commercial
,best suburbs of washington dc,,best suburbs of washington dc,recommended,140,12,commercial
,best suburbs of washington dc,,dc suburbs va,recommended,70,1,informational
,best suburbs of washington dc,,suburbs in washington dc,recommended,140,29,commercial
,best suburbs of washington dc,,walkable suburbs dc,recommended,0,0,
,best suburbs of washington dc,,best dc suburbs,recommended,110,7,commercial
,restaurants rental near me,,restaurants rental near me,recommended,590,14,transactional
,restaurants rental near me,,locales en renta para restaurante cerca de mi,recommended,170,6,commercial
,restaurants rental near me,,restaurant rental near me,recommended,110,13,transactional
,restaurants rental near me,,food court space for rent,recommended,30,3,commercial
,restaurants rental near me,,fully equipped restaurant for lease,recommended,40,10,"informational, transactional"
,two bedroom apartments in orlando florida,,two bedroom apartments in orlando florida,recommended,880,27,commercial
,two bedroom apartments in orlando florida,,2 bedroom apartment orlando,recommended,260,21,commercial
,two bedroom apartments in orlando florida,,2 bedroom in orlando,recommended,590,22,commercial
,two bedroom apartments in orlando florida,,2 bedroom apartments for rent orlando fl,recommended,40,20,commercial
,dallas tx suburbs,,dallas tx suburbs,recommended,260,21,"informational, commercial"
,dallas tx suburbs,,suburbs near dallas tx,recommended,30,12,"informational, commercial"
,dallas tx suburbs,,places in dallas texas to live,recommended,70,16,commercial
,dallas tx suburbs,,suburbs in dallas tx,recommended,170,21,commercial
,2b 2b apartment near me,,2b 2b apartment near me,recommended,70,14,transactional
,2b 2b apartment near me,,2b2b apartment near me,recommended,210,26,transactional
,relocating to austin,,relocating to austin,recommended,210,24,informational
,relocating to austin,,relocate to austin,recommended,30,17,informational
,charlotte pet friendly apartments,,charlotte pet friendly apartments,recommended,110,22,commercial
,charlotte pet friendly apartments,,pet friendly apartments for rent in charlotte nc,recommended,110,27,commercial
,one bedroom townhomes for rent,,one bedroom townhomes for rent,recommended,480,30,commercial
,one bedroom townhomes for rent,,townhomes for rent with garage near me,recommended,30,17,transactional
,private owned townhomes for rent,,private owned townhomes for rent,recommended,210,22,informational
,private owned townhomes for rent,,townhomes for rent with pool,recommended,90,8,informational
,private owned townhomes for rent,,townhomes in houston for rent,recommended,110,41,commercial
,private owned townhomes for rent,,town housing for rent,recommended,170,34,"informational, transactional"
,private owned townhomes for rent,,apartments townhouses rent,recommended,30,27,commercial
,private owned townhomes for rent,,2 bedroom homes for rent in houston tx,recommended,140,20,commercial
,north austin neighborhoods,,north austin neighborhoods,recommended,40,6,informational
,north austin neighborhoods,,austin texas best neighborhoods for families,recommended,40,4,commercial
,apartments for rent la,,apartments for rent la,recommended,1300,56,informational
,apartments for rent la,,furnished apartments new york city,recommended,720,45,commercial
,apartments for rent la,,furnished apartment rentals in orlando fl,recommended,90,28,commercial
,apartments for rent la,,apartments in la,recommended,3600,66,commercial
,apartments for rent la,,orlando furnished apartment rentals,recommended,50,28,commercial
,apartments for rent la,,town home rentals near me,recommended,110,24,transactional
,apartments for rent la,,short term apartment rental new york,recommended,50,35,commercial
,apartments for rent la,,short rentals,recommended,70,84,commercial
,apartments for rent la,,furnished apartments in cali,recommended,30,13,commercial
,apartments for rent la,,apartments for short,recommended,140,64,informational
,apartments for rent la,,short term rent nyc,recommended,40,42,informational
,apartments for rent la,,furnished apartments short term nyc,recommended,50,48,commercial
,apartments for rent la,,apartments with month to month lease near me,recommended,40,26,transactional
,apartments for rent la,,low cost short term rentals,recommended,30,29,commercial
,apartments for rent la,,short term apartment rental los angeles,recommended,30,30,commercial
,apartments for rent la,,short term rental houses near me,recommended,30,85,transactional
,apartments for rent la,,apartments for a month,recommended,50,46,commercial
,apartments for rent la,,rental apartments los angeles,recommended,110,58,commercial
,apartments for rent la,,flexible lease apartments,recommended,0,0,
,apartments for rent la,,income restricted apartments california,recommended,0,0,
,apartments for rent la,,room for rent short term,recommended,40,63,transactional
,apartments for rent la,,short time rentals,recommended,50,60,commercial
,university village chicago rentals,,university village chicago rentals,recommended,0,0,
,university village chicago rentals,,university village little italy apartments,recommended,170,8,informational
,university village chicago rentals,,apartments for rent in university village chicago,recommended,30,14,commercial
,university village chicago rentals,,apartments near little italy,recommended,40,37,commercial
,what to bring to an apartment viewing,,what to bring to an apartment viewing,recommended,50,6,informational
,what to bring to an apartment viewing,,apartment viewing tips,recommended,50,12,informational
,house rentals in austin texas,,house rentals in austin texas,recommended,140,45,"informational, transactional"
,house rentals in austin texas,,house rent austin tx,recommended,50,35,"informational, transactional"
,apartment credit score,,apartment credit score,recommended,170,31,informational
,apartment credit score,,credit check for rentals,recommended,30,36,informational
,dog friendly apartments nyc,,dog friendly apartments nyc,recommended,90,17,"informational, transactional"
,dog friendly apartments nyc,,dog friendly apartments new york,recommended,70,18,commercial
,how to choose the best phoenix vacation rental,,how to choose the best phoenix vacation rental,recommended,110,1,informational
,how to choose the best phoenix vacation rental,,vacation rental property management phoenix,recommended,50,17,commercial
,how to choose the best phoenix vacation rental,,home rentals scottsdale az,recommended,40,46,informational
,how to choose the best phoenix vacation rental,,luxury rentals scottsdale,recommended,590,24,commercial
,how to choose the best phoenix vacation rental,,luxury rental homes in scottsdale az,recommended,40,36,commercial
,how to choose the best phoenix vacation rental,,luxury vacation rentals scottsdale,recommended,210,52,commercial
,2 bedroom apts bronx ny,,2 bedroom apts bronx ny,recommended,170,29,commercial
,2 bedroom apts bronx ny,,two bedroom apartment bronx ny,recommended,50,22,informational
,2 bedroom apts bronx ny,,south bronx new york apartments,recommended,50,23,commercial
,2 bedroom apts bronx ny,,2 bedroom apartments bronx,recommended,40,24,informational
,apartment special move in,,apartment special move in,recommended,40,15,commercial
,apartment special move in,,apartments that accept broken leases in houston,recommended,30,9,commercial
,apartment special move in,,easy approval apartments houston,recommended,30,20,transactional
,apartment special move in,,privately owned apartments no credit check houston tx,recommended,40,32,"informational, transactional"
,where to live in charlotte,,where to live in charlotte,recommended,110,15,"informational, commercial"
,where to live in charlotte,,communities in charlotte nc,recommended,70,29,commercial
,where to live in charlotte,,charlotte nc studio apartments,recommended,110,30,navigational
,dog friendly activities in chicago,,dog friendly activities in chicago,recommended,110,16,informational
,dog friendly activities in chicago,,indoor dog park chicago suburbs,recommended,90,20,commercial
,dog friendly activities in chicago,,dog park chicago,recommended,170,33,commercial
,affordable apartments in philly,,affordable apartments in philly,recommended,110,34,commercial
,affordable apartments in philly,,rental agents philadelphia,recommended,50,39,commercial
,affordable apartments in philly,,apt for rent in philly,recommended,9900,58,commercial
,one bedroom apartments phoenix,,one bedroom apartments phoenix,recommended,880,28,informational
,one bedroom apartments phoenix,,2 bedroom apartments phoenix az,recommended,480,28,commercial
,one bedroom apartments phoenix,,studio apartments for rent in phoenix az,recommended,210,34,commercial
,one bedroom apartments phoenix,,cheap apt in phoenix az,recommended,1600,37,commercial
,one bedroom apartments phoenix,,cheap studio apartments in phoenix,recommended,170,39,navigational
,one bedroom apartments phoenix,,two bedroom apartment phoenix arizona,recommended,90,28,commercial
,one bedroom apartments phoenix,,phoenix arizona studio apartments,recommended,90,34,commercial
,one bedroom apartments phoenix,,cheapest apartments phoenix,recommended,110,40,commercial
,one bedroom apartments phoenix,,3 bedroom house for rent in phoenix,recommended,140,15,commercial
,one bedroom apartments phoenix,,high rise apartment phoenix,recommended,50,25,commercial
,one bedroom apartments phoenix,,apartments for rent in camelback east phoenix,recommended,40,20,commercial
,one bedroom apartments phoenix,,apartments for rent in south phoenix,recommended,70,36,commercial
,one bedroom apartments phoenix,,apartments in phoenix 85016,recommended,50,27,commercial
,one bedroom apartments phoenix,,apartments in phoenix 85008,recommended,70,35,navigational
,one bedroom apartments phoenix,,good apartments in phoenix az,recommended,140,53,commercial
,one bedroom apartments phoenix,,2 bedroom apartment phoenix,recommended,40,24,informational
,one bedroom apartments phoenix,,furnished apartments in phoenix arizona,recommended,40,25,commercial
,one bedroom apartments phoenix,,two bedroom apartments phoenix,recommended,40,27,commercial
,one bedroom apartments phoenix,,2 bed 2 bath apartments phoenix,recommended,40,27,transactional
,one bedroom apartments phoenix,,apartments phoenix 2 bedroom,recommended,40,29,commercial
,one bedroom apartments phoenix,,phoenix az apartment deals,recommended,30,29,transactional
,one bedroom apartments phoenix,,new homes for rent phoenix,recommended,30,33,informational
,one bedroom apartments phoenix,,cheap house for rent in phoenix az,recommended,50,47,transactional
,one bedroom apartments phoenix,,2 bedroom apartments for rent phoenix,recommended,40,22,informational
,one bedroom apartments phoenix,,apts phoenix,recommended,90,59,commercial
,one bedroom apartments phoenix,,apartamentos de renta en phoenix az,recommended,40,57,commercial
,one bedroom apartments phoenix,,apt for rent phoenix az,recommended,30,56,commercial
,one bedroom apartments phoenix,,downtown phoenix lofts,recommended,50,8,commercial
,one bedroom apartments phoenix,,downtown phoenix lofts for rent,recommended,70,13,commercial
,one bedroom apartments phoenix,,phoenix lofts for rent,recommended,90,17,transactional
,best place to live in houston tx,,best place to live in houston tx,recommended,720,21,commercial
,best place to live in houston tx,,best area of houston,recommended,320,12,commercial
,best place to live in houston tx,,best suburbs of houston tx,recommended,210,7,commercial
,best place to live in houston tx,,neighbourhood in houston,recommended,260,24,informational
,best place to live in houston tx,,best places to live near houston,recommended,140,22,commercial
,best place to live in houston tx,,nice areas in houston texas,recommended,110,21,"informational, commercial"
,best place to live in houston tx,,houston neighborhood,recommended,210,37,"informational, commercial"
,best place to live in houston tx,,best cities in houston texas,recommended,70,21,commercial
,best place to live in houston tx,,neighborhood in houston,recommended,90,33,informational
,best place to live in houston tx,,parts of houston texas to live,recommended,50,24,informational
,best place to live in houston tx,,houston texas areas,recommended,50,25,informational
,best place to live in houston tx,,upscale neighborhoods in houston,recommended,110,3,informational
,best place to live in houston tx,,best areas in houston texas,recommended,70,17,commercial
,best place to live in houston tx,,best part of houston to live,recommended,40,18,"informational, commercial"
,best place to live in houston tx,,cool places to live in houston,recommended,1300,24,commercial
,best place to live in houston tx,,areas of houston texas,recommended,90,25,"informational, commercial"
,apartment rentals greenville,,apartment rentals greenville,recommended,1900,48,commercial
,apartment rentals greenville,,apartments in greenville,recommended,1000,50,commercial
,apartment rentals greenville,,apts for rent greenville sc,recommended,720,43,commercial
,apartment rentals greenville,,greenville sc apartments for rent,recommended,590,43,commercial
,apartment rentals greenville,,apartment rentals greenville sc,recommended,480,44,commercial
,apartment rentals greenville,,greenville sc apartments,recommended,2900,36,commercial
,apartment rentals greenville,,rent apartment greenville sc,recommended,170,43,commercial
,apartment rentals greenville,,greenville sc apartment,recommended,170,44,transactional
,apartment rentals greenville,,rent in greenville sc,recommended,90,38,informational
,apartment rentals greenville,,greenville south carolina apartments for rent,recommended,50,42,commercial
,apartment rentals greenville,,apartment for rent greenville sc,recommended,260,48,commercial
,apartment rentals greenville,,places to rent in greenville sc,recommended,40,44,informational
,apartment rentals greenville,,rental apartments in greenville sc,recommended,30,41,commercial
,homes for sale in palm beach gardens,,homes for sale in palm beach gardens,recommended,210,31,transactional
,homes for sale in palm beach gardens,,palm beach gardens houses for sale,recommended,210,37,transactional
,homes for sale in palm beach gardens,,palm beach gardens house for sale,recommended,140,32,transactional
,homes for sale in palm beach gardens,,for sale palm beach gardens,recommended,170,36,transactional
,homes for sale in palm beach gardens,,palm beach gardens florida houses,recommended,110,35,commercial
,homes for sale in palm beach gardens,,palm beach gardens fl homes for sale,recommended,70,30,transactional
,homes for sale in palm beach gardens,,homes for sale in palm beach gardens florida,recommended,50,31,transactional
,homes for sale in palm beach gardens,,palm beach gardens real estate for sale,recommended,30,32,transactional
,move in specials near me no credit check,,move in specials near me no credit check,recommended,170,26,transactional
,move in specials near me no credit check,,low credit score apartments near me,recommended,90,22,transactional
,move in specials near me no credit check,,3 bedroom townhomes for rent los angeles,recommended,30,16,informational
,move in specials near me no credit check,,southern california apartments for rent,recommended,30,50,commercial
,move in specials near me no credit check,,low income apartments california,recommended,140,36,commercial
,move in specials near me no credit check,,housing in california for rent,recommended,140,50,informational
,move in specials near me no credit check,,income based apartments los angeles,recommended,320,27,commercial
,townhouse near me,,townhouse near me,recommended,4400,44,transactional
,townhouse near me,,second chance apartments austin,recommended,210,23,commercial
,townhouse near me,,townhomes for sale,recommended,27100,25,transactional
,townhouse near me,,townhomes for sale near me,recommended,27100,25,"informational, transactional"
,townhouse near me,,townhouses for sale near me,recommended,14800,21,"informational, transactional"
,nashville apartment specials,,nashville apartment specials,recommended,50,7,informational
,nashville apartment specials,,condos in nashville tn,recommended,880,22,commercial
,nashville apartment specials,,nashville apartments under 1000,recommended,40,12,informational
,nashville apartment specials,,nashville studio apartments for rent,recommended,40,17,commercial
,2 bedroom apartments in washington dc,,2 bedroom apartments in washington dc,recommended,70,18,informational
,2 bedroom apartments in washington dc,,affordable living dc,recommended,70,32,commercial
,2 bedroom apartments in washington dc,,affordable rent dc,recommended,30,38,transactional
,2 bedroom apartments in washington dc,,apartments in dc no credit check,recommended,40,20,commercial
,2 bedroom apartments in washington dc,,2 bedroom apartments for rent dc,recommended,30,20,informational
,2 bedroom apartments in washington dc,,no credit check apartments in washington dc,recommended,40,20,transactional
,2 bedroom apartments in washington dc,,affordable apartments in nw dc,recommended,50,36,commercial
,2 bedroom apartments in washington dc,,inexpensive apartments in dc,recommended,1000,38,commercial
,2 bedroom apartments in washington dc,,rental apartments in dc,recommended,170,53,commercial
,efficiency rent miami,,efficiency rent miami,recommended,70,28,informational
,efficiency rent miami,,apartments for rent in miami dade,recommended,50,27,transactional
,efficiency rent miami,,apartments for rent in miami dade county florida,recommended,40,30,commercial
,efficiency rent miami,,apartment for rent miami gardens,recommended,170,24,commercial
,efficiency rent miami,,miami gardens rentals,recommended,90,22,commercial
,efficiency rent miami,,apartments in miami gardens,recommended,260,37,navigational
,efficiency rent miami,,miami gardens fl apartments for rent,recommended,50,25,commercial
,studio apartments for rent in the bronx,,studio apartments for rent in the bronx,recommended,320,26,informational
,studio apartments for rent in the bronx,,cheap studios for rent in bronx ny,recommended,210,29,informational
,studio apartments for rent in the bronx,,1 bedroom apartment for rent bronx ny,recommended,170,25,informational
,studio apartments for rent in the bronx,,studio apartments bronx,recommended,140,23,informational
,high rise apartments for rent houston,,high rise apartments for rent houston,recommended,30,38,commercial
,high rise apartments for rent houston,,luxury home rentals houston,recommended,70,14,commercial
,vacation rentals phoenix scottsdale,,vacation rentals phoenix scottsdale,recommended,590,48,informational
,vacation rentals phoenix scottsdale,,weekly rentals in phoenix arizona,recommended,40,26,commercial
,3br apartments for rent,,how to budget for an apartment,recommended,140,10,informational
,3br apartments for rent,,how much to pay on rent,recommended,50,33,informational
,3br apartments for rent,,how do you calculate rent,recommended,170,31,informational
,3br apartments for rent,,how to calculate what you can afford for rent,recommended,50,57,informational
,3br apartments for rent,,how much to budget for rent,recommended,110,40,informational
,3br apartments for rent,,how much does rent cost for an apartment,recommended,30,47,informational
,3br apartments for rent,,when do you pay prorated rent,recommended,140,15,informational
,3br apartments for rent,,how much does it cost to rent,recommended,320,62,informational
,3br apartments for rent,,how do you determine rent,recommended,140,38,informational
,3br apartments for rent,,how much to rent a house,recommended,260,55,informational
,3br apartments for rent,,how much on rent,recommended,170,54,informational
,3br apartments for rent,,how much should go to rent,recommended,50,35,informational
,3br apartments for rent,,how much is it to rent,recommended,170,67,informational
,3br apartments for rent,,how to calculate monthly rent,recommended,30,41,informational
,3br apartments for rent,,can i afford an apartment calculator,recommended,110,50,informational
,3br apartments for rent,,3br apartments for rent,recommended,260,16,informational
,3br apartments for rent,,average 2 bedroom apartment rent,recommended,720,57,"informational, transactional"
,3br apartments for rent,,3 bedroom apartment for rent near me,recommended,720,18,transactional
,3br apartments for rent,,apartment budget,recommended,210,37,informational
,3br apartments for rent,,two bedroom unit,recommended,30,16,"informational, transactional"
,3br apartments for rent,,rent i can afford calculator,recommended,90,50,informational
,3br apartments for rent,,afford rent calculator,recommended,110,55,informational
,3br apartments for rent,,6 bedroom house for rent nashville tn,recommended,40,16,informational
,3br apartments for rent,,2 bdrm apt for rent near me,recommended,210,16,transactional
,3br apartments for rent,,affordability calculator rent,recommended,590,36,informational
,3br apartments for rent,,denver rent cost,recommended,90,43,informational
,3br apartments for rent,,per month rent,recommended,70,54,informational
,3br apartments for rent,,3 bed 2 bath rentals,recommended,70,15,transactional
,3br apartments for rent,,cost of 2 bedroom apartment,recommended,170,9,informational
,3br apartments for rent,,rent budget,recommended,260,57,informational
,austin neighborhood map,,austin neighborhood map,recommended,880,8,informational
,austin neighborhood map,,is austin texas a good place to live,recommended,1000,21,informational
,austin neighborhood map,,nicest neighborhoods in austin,recommended,880,13,informational
,austin neighborhood map,,austin tx map of neighborhoods,recommended,210,12,informational
,austin neighborhood map,,areas of austin,recommended,590,11,informational
,austin neighborhood map,,map austin neighborhoods,recommended,110,6,informational
,austin neighborhood map,,austin areas,recommended,390,19,informational
,austin neighborhood map,,which area of austin tx is best to live,recommended,90,13,commercial
,austin neighborhood map,,best suburbs in austin tx,recommended,50,3,commercial
,austin neighborhood map,,cities in austin texas,recommended,170,20,informational
,austin neighborhood map,,best suburbs of austin to live,recommended,40,9,commercial
,austin neighborhood map,,where should i live in austin,recommended,30,7,informational
,austin neighborhood map,,austin texas best place to live,recommended,40,16,commercial
,austin neighborhood map,,fun neighborhoods in austin,recommended,40,18,"informational, commercial"
,austin neighborhood map,,best neighborhoods austin tx families,recommended,40,4,commercial
,austin neighborhood map,,best neighborhoods in austin 2021,recommended,40,4,commercial
,austin neighborhood map,,where is the best place to live in austin,recommended,30,18,informational
,austin neighborhood map,,top neighborhoods in austin texas,recommended,50,12,"informational, commercial"
,austin neighborhood map,,most popular austin neighborhoods,recommended,50,17,"informational, commercial"
,austin neighborhood map,,coolest neighborhoods in austin,recommended,50,17,informational
,austin neighborhood map,,best areas in austin tx,recommended,50,17,commercial
,austin neighborhood map,,homes to rent austin,recommended,30,34,informational
,austin neighborhood map,,good neighbourhoods,recommended,12100,57,"informational, commercial"
,austin neighborhood map,,best neighborhoods to rent in,recommended,0,0,
,austin neighborhood map,,areas in austin texas,recommended,70,17,informational
,austin neighborhood map,,cool austin neighborhoods,recommended,30,18,informational
,apartments in west knoxville tn,,apartments in west knoxville tn,recommended,390,7,commercial
,apartments in west knoxville tn,,knoxville efficiency apartments,recommended,480,28,navigational
,apartments in west knoxville tn,,two bedroom apartments knoxville tn,recommended,210,19,commercial
,apartments in west knoxville tn,,apartments in south knoxville tn,recommended,210,24,commercial
,apartments in west knoxville tn,,apt for rent knoxville,recommended,2400,54,commercial
,apartments in west knoxville tn,,rentals knoxville tn,recommended,390,44,commercial
,apartments in west knoxville tn,,places for rent in knoxville tn,recommended,390,47,informational
,apartments in west knoxville tn,,rent knoxville,recommended,210,47,"informational, transactional"
,apartments in west knoxville tn,,apartment in knoxville tennessee,recommended,140,40,commercial
,apartments in west knoxville tn,,downtown knoxville apartments for lease,recommended,90,33,commercial
,apartments in west knoxville tn,,2 bedroom apartment in knoxville tn,recommended,40,15,commercial
,apartments in west knoxville tn,,efficiency apartments for rent in knoxville tn,recommended,50,23,commercial
,apartments in west knoxville tn,,rentals in knoxville,recommended,90,40,"informational, transactional"
,apartments in west knoxville tn,,best apartments knoxville tn,recommended,70,34,commercial
,apartments in west knoxville tn,,knoxville apartment complexes,recommended,90,41,commercial
,apartments in west knoxville tn,,rental knoxville,recommended,90,43,informational
,apartments in west knoxville tn,,knoxville tn apartment deals,recommended,30,21,transactional
,apartments in west knoxville tn,,rent in knoxville tennessee,recommended,50,47,commercial
,apartments in west knoxville tn,,apartment finder in knoxville tn,recommended,30,38,transactional
,apartments in west knoxville tn,,knoxville downtown apartment for rent,recommended,40,35,commercial
,apartments in west knoxville tn,,best apartments in knoxville,recommended,110,29,commercial
,apartments in west knoxville tn,,east knoxville knoxville apartments,recommended,30,31,navigational
,apartments in west knoxville tn,,knoxville apartment,recommended,320,42,commercial
,what do you need to get apartment,,what do you need to get apartment,recommended,170,30,informational
,what do you need to get apartment,,tips for moving into a new apartment,recommended,90,9,informational
,what do you need to get apartment,,apartment rental requirements,recommended,110,24,informational
,what do you need to get apartment,,apartment faq,recommended,110,9,informational
,what do you need to get apartment,,things to look for when renting an apartment,recommended,90,27,informational
,what do you need to get apartment,,things to know before renting an apartment,recommended,70,25,informational
,what do you need to get apartment,,apartment questions checklist pdf,recommended,90,16,informational
,what do you need to get apartment,,what to look for in apartment,recommended,70,29,informational
,what do you need to get apartment,,things to do when moving into a new apartment,recommended,90,18,informational
,what do you need to get apartment,,good questions to ask when apartment hunting,recommended,50,12,informational
,what do you need to get apartment,,apartment hunting questions,recommended,90,26,informational
,what do you need to get apartment,,what to do when looking for an apartment,recommended,30,34,informational
,what do you need to get apartment,,questions to ask while looking at apartments,recommended,170,19,informational
,what do you need to get apartment,,renters checklist,recommended,50,27,informational
,what do you need to get apartment,,how to move into an apartment,recommended,140,11,informational
,what do you need to get apartment,,questions to ask when moving into an apartment,recommended,110,16,informational
,what do you need to get apartment,,questions to ask when looking for apartments,recommended,110,23,informational
,short term lease furnished apartments chicago,,short term lease furnished apartments chicago,recommended,480,26,commercial
,short term lease furnished apartments chicago,,short term lease apartments phoenix,recommended,50,28,commercial
,short term lease furnished apartments chicago,,short term furnished apartments los angeles ca,recommended,70,25,commercial
,short term lease furnished apartments chicago,,apt for rent orlando,recommended,140,50,commercial
,short term lease furnished apartments chicago,,long term furnished rentals,recommended,480,60,informational
,short term lease furnished apartments chicago,,monthly furnished apartment rentals,recommended,110,64,informational
,short term lease furnished apartments chicago,,furnished apartments monthly rental,recommended,30,62,commercial
,short term lease furnished apartments chicago,,rent for short term,recommended,50,53,informational
,short term lease furnished apartments chicago,,one bedroom furnished apartments,recommended,70,62,commercial
,short term lease furnished apartments chicago,,short term lease no credit check,recommended,30,45,informational
,short term lease furnished apartments chicago,,short term rooms for rent,recommended,50,74,commercial
,2 bed 2 bath apartments san diego,,2 bed 2 bath apartments san diego,recommended,90,22,informational
,2 bed 2 bath apartments san diego,,houses no credit check near me,recommended,70,37,"informational, transactional"
,2 bed 2 bath apartments san diego,,small apartment rentals,recommended,30,33,commercial
,2 bed 2 bath apartments san diego,,apartment moving specials near me,recommended,40,18,transactional
,2 bed 2 bath apartments san diego,,apartment rental deals,recommended,110,40,informational
,2 bed 2 bath apartments san diego,,fair housing rent,recommended,30,36,informational
,2 bed 2 bath apartments san diego,,best way to find apartment rentals,recommended,90,64,commercial
,charlotte north carolina suburbs,,charlotte north carolina suburbs,recommended,210,14,informational
,charlotte north carolina suburbs,,charlotte neighborhood,recommended,320,29,informational
,charlotte north carolina suburbs,,charlotte neighborhoods explained,recommended,40,3,"informational, commercial"
,charlotte north carolina suburbs,,best neighborhoods to live in charlotte,recommended,110,22,commercial
,charlotte north carolina suburbs,,charlotte best neighborhoods,recommended,50,13,commercial
,charlotte north carolina suburbs,,good neighborhoods in charlotte,recommended,50,13,informational
,charlotte north carolina suburbs,,suburb of charlotte nc,recommended,70,20,informational
,university city rentals,,university city rentals,recommended,90,34,commercial
,university city rentals,,student housing for rent near me,recommended,30,47,transactional
,university city rentals,,luxury apartments rent philadelphia,recommended,140,53,commercial
,university city rentals,,apartments for rent university city,recommended,210,30,commercial
,university city rentals,,university city apartments,recommended,1900,39,commercial
,university city rentals,,apartment complexes in philadelphia,recommended,1300,51,commercial
,palm beach vacation home rentals,,palm beach vacation home rentals,recommended,30,9,"informational, transactional"
,palm beach vacation home rentals,,houses for rent in palm beach county florida,recommended,70,12,"informational, transactional"
,palm beach vacation home rentals,,rental palm beach,recommended,210,22,commercial
,palm beach vacation home rentals,,homes for rent in palm beach county fl,recommended,70,17,"informational, transactional"
,palm beach vacation home rentals,,palm beach homes for rent,recommended,170,22,informational
,palm beach vacation home rentals,,house for rent in palm beach county,recommended,30,11,"informational, transactional"
,palm beach vacation home rentals,,house rentals in palm beach county florida,recommended,140,29,commercial
,palm beach vacation home rentals,,palm beach county rental,recommended,50,27,informational
,palm beach vacation home rentals,,palm beach fl rentals,recommended,70,24,informational
,palm beach vacation home rentals,,homes for rent in palm beach fl,recommended,50,20,informational
,palm beach vacation home rentals,,house rentals in palm beach,recommended,90,31,commercial
,studio apartments in phoenix,,studio apartments in phoenix,recommended,1000,38,commercial
,studio apartments in phoenix,,3 bedroom apartments phoenix az,recommended,320,15,commercial
,studio apartments in phoenix,,efficiency apartments phoenix az,recommended,320,34,commercial
,studio apartments in phoenix,,apartments with air conditioning phoenix az,recommended,70,20,commercial
,studio apartments in phoenix,,cheap apartments for rent in phoenix,recommended,140,36,commercial
,studio apartments in phoenix,,phoenix studio apartments for rent,recommended,30,32,commercial
,studio apartments in phoenix,,apartments in west phoenix,recommended,70,31,"navigational, commercial"
,studio apartments in phoenix,,2 bedroom for rent phoenix,recommended,30,20,commercial
,studio apartments in phoenix,,apartments 85016 phoenix az,recommended,70,21,informational
,studio apartments in phoenix,,apartments in phoenix 85032,recommended,110,27,navigational
