Keyword,Volume,KD,CPC,Opportunity Score,Difficulty,Intent,Primary Category,Cities,Long-Tail,Live Market,Tier,Word Count,Content Tier,Relevant,Relevance Note,Data Source
sorelle apartments,3600,35,1.2,2340.0,Medium,Navigational,Brand Collision,Jacksonville,No,Yes,T1,2,Quick Win,Yes,Name-collision SERP - disambiguation content,Semrush
drift dunwoody,2900,34,0.7,1914.0,Medium,Commercial,Out of Market,Jacksonville,No,Yes,T1,2,Long Tail,No,Wrong market/submarket,Semrush
apartments for rent jacksonville fl,2900,49,1.45,1479.0,Hard,Commercial,City + Apartments,Jacksonville,Yes,Yes,T1,5,Long Tail,Yes,Local intent,Semrush
the club at town center,1900,29,0.41,1349.0,Easy,Commercial,General / Other,Jacksonville,Yes,Yes,T1,5,Long Tail,Yes,Local intent,Semrush
apartments in jacksonville beach fl,1900,30,1.8,1330.0,Easy,Commercial,City + Apartments,Jacksonville,Yes,Yes,T1,5,Long Tail,Yes,Local intent,Semrush
mirage apartments,1600,18,0.65,1312.0,Easy,Navigational,Competitor (Mirage on Kernan),Jacksonville,No,Yes,T1,2,Gap,Yes,Top competitor - comparison/gap,Semrush
presidium regal,1900,33,0.83,1273.0,Medium,Commercial,General / Other,Jacksonville,No,Yes,T1,2,Long Tail,No,No local relevance,Semrush
jacksonville apartments for rent,2400,50,1.45,1200.0,Hard,Commercial,City + Apartments,Jacksonville,Yes,Yes,T1,4,Long Tail,Yes,Local intent,Semrush
avere southside quarter,1600,29,0.63,1136.0,Easy,Commercial,General / Other,Jacksonville,No,Yes,T1,3,Long Tail,No,No local relevance,Semrush
north beach on kernan,1600,29,0.91,1136.0,Easy,Navigational,Competitor (North Beach on Kernan),Jacksonville,Yes,Yes,T1,4,Gap,Yes,Top competitor - comparison/gap,Semrush
arelia james island,1600,30,1.0,1120.0,Easy,Commercial,General / Other,Jacksonville,No,Yes,T1,3,Long Tail,No,No local relevance,Semrush
luxury apartments jacksonville fl,1900,45,2.76,1045.0,Medium,Commercial,Luxury,Jacksonville,Yes,Yes,T1,4,Long Tail,Yes,Local intent,Semrush
the aston at town center,1300,22,1.21,1014.0,Easy,Commercial,General / Other,Jacksonville,Yes,Yes,T1,5,Long Tail,Yes,Local intent,Semrush
studio apartments jacksonville fl,1300,24,0.92,988.0,Easy,Commercial,Bedroom Type,Jacksonville,Yes,Yes,T1,4,Long Tail,Yes,Local intent,Semrush
paradise island apartments,1600,39,0.85,976.0,Medium,Commercial,City + Apartments,Jacksonville,No,Yes,T1,3,Long Tail,No,No local relevance,Semrush
the loree jax,1300,27,1.18,949.0,Easy,Commercial,General / Other,Jacksonville,No,Yes,T1,3,Long Tail,Yes,Local intent,Semrush
tropia wellen park,1300,27,0.73,949.0,Easy,Commercial,Out of Market,Jacksonville,No,Yes,T1,3,Long Tail,No,Wrong market/submarket,Semrush
aventon soraya,1300,28,0.68,936.0,Easy,Commercial,General / Other,Jacksonville,No,Yes,T1,2,Long Tail,No,No local relevance,Semrush
cielo point,1300,28,0.66,936.0,Easy,Navigational,Competitor (Ciel Jax),Jacksonville,No,Yes,T1,2,Gap,Yes,Top competitor - comparison/gap,Semrush
timberwalk at mandarin,1300,29,0.93,923.0,Easy,Commercial,Out of Market,Jacksonville,No,Yes,T1,3,Long Tail,No,Wrong market/submarket,Semrush
paradise island apartments in jacksonville,1300,34,0.94,858.0,Medium,Commercial,City + Apartments,Jacksonville,Yes,Yes,T1,5,Long Tail,Yes,Local intent,Semrush
mirage on kernan,1300,36,0.79,832.0,Medium,Navigational,Competitor (Mirage on Kernan),Jacksonville,No,Yes,T1,3,Gap,Yes,Top competitor - comparison/gap,Semrush
tropia luxury apartments,1300,36,1.33,832.0,Medium,Navigational,Competitor (Tropia),Jacksonville,No,Yes,T1,3,Gap,Yes,Top competitor - comparison/gap,Semrush
apartments for rent in jacksonville fl,1600,50,1.45,800.0,Hard,Commercial,City + Apartments,Jacksonville,Yes,Yes,T1,6,Long Tail,Yes,Local intent,Semrush
the villas at ortega,1000,22,0.66,780.0,Easy,Commercial,General / Other,Jacksonville,Yes,Yes,T1,4,Long Tail,No,No local relevance,Semrush
north beach apartments,1000,25,0.71,750.0,Easy,Navigational,Competitor (North Beach on Kernan),Jacksonville,No,Yes,T1,3,Gap,Yes,Top competitor - comparison/gap,Semrush
tropia,1000,25,0.82,750.0,Easy,Navigational,Competitor (Tropia),Jacksonville,No,Yes,T1,1,Gap,Yes,Top competitor - comparison/gap,Semrush
the mirage apartments,880,16,0.78,739.2,Easy,Navigational,Competitor (Mirage on Kernan),Jacksonville,No,Yes,T1,3,Gap,Yes,Top competitor - comparison/gap,Semrush
11 east forsyth jacksonville,1000,27,0.68,730.0,Easy,Commercial,General / Other,Jacksonville,Yes,Yes,T1,4,Long Tail,Yes,Local intent,Semrush
luxury apartments in jacksonville fl,1000,27,2.76,730.0,Easy,Commercial,Luxury,Jacksonville,Yes,Yes,T1,5,Long Tail,Yes,Local intent,Semrush
renters insurance jacksonville fl,1000,27,15.92,730.0,Easy,Informational,Renter Education,Jacksonville,Yes,Yes,T1,4,Informational,Yes,Local intent,Semrush
the point at town center,1000,28,1.34,720.0,Easy,Commercial,General / Other,Jacksonville,Yes,Yes,T1,5,Long Tail,Yes,Local intent,Semrush
the retreat east,1000,28,1.37,720.0,Easy,Commercial,General / Other,Jacksonville,No,Yes,T1,3,Long Tail,No,No local relevance,Semrush
artea apartments,1000,29,0.92,710.0,Easy,Commercial,City + Apartments,Jacksonville,No,Yes,T1,2,Long Tail,No,No local relevance,Semrush
income based apartments jacksonville fl,1000,33,1.17,670.0,Medium,Commercial,Price / Budget,Jacksonville,Yes,Yes,T1,5,Long Tail,Yes,Local intent,Semrush
portiva apartments,1000,33,0.57,670.0,Medium,Commercial,City + Apartments,Jacksonville,No,Yes,T1,2,Long Tail,No,No local relevance,Semrush
sorrel apartments,880,24,1.38,668.8,Easy,Navigational,Branded,Jacksonville,No,Yes,T1,2,Quick Win,Yes,Own brand,Semrush
northern beaches apartments,720,10,0.71,648.0,Very Easy,Commercial,City + Apartments,Jacksonville,No,Yes,T1,3,Long Tail,Yes,Local intent,Semrush
peppertree lane apartments jacksonville,720,12,0.66,633.6,Very Easy,Commercial,City + Apartments,Jacksonville,Yes,Yes,T1,4,Long Tail,Yes,Local intent,Semrush
2 bedroom apartments jacksonville fl,720,13,4.04,626.4,Very Easy,Commercial,Bedroom Type,Jacksonville,Yes,Yes,T1,5,Long Tail,Yes,Local intent,Semrush
lux at sorrel,880,29,0.92,624.8,Easy,Navigational,Branded,Jacksonville,No,Yes,T1,3,Quick Win,Yes,Own brand,Semrush
citra luxury apartments,880,30,0.91,616.0,Easy,Commercial,Luxury,Jacksonville,No,Yes,T1,3,Long Tail,Localize,National term - use city variant or FAQ,Semrush
1 bedroom apartments jacksonville fl,880,31,3.2,607.2,Medium,Commercial,Bedroom Type,Jacksonville,Yes,Yes,T1,5,Long Tail,Yes,Local intent,Semrush
3 bedroom apartments jacksonville fl,720,16,3.31,604.8,Easy,Commercial,Bedroom Type,Jacksonville,Yes,Yes,T1,5,Long Tail,Yes,Local intent,Semrush
bluffside mirage apartments,720,16,0.0,604.8,Easy,Navigational,Competitor (Mirage on Kernan),Jacksonville,No,Yes,T1,3,Gap,Yes,Top competitor - comparison/gap,Semrush
thrive luxury apartments,880,32,0.75,598.4,Medium,Commercial,Luxury,Jacksonville,No,Yes,T1,3,Long Tail,Localize,National term - use city variant or FAQ,Semrush
how much are utilities in an apartment,720,18,3.66,590.4,Easy,Commercial,Out of Market,Jacksonville,Yes,Yes,T1,7,Long Tail,No,Wrong market/submarket,Semrush
lofts at san marco east,720,20,0.69,576.0,Easy,Commercial,Out of Market,Jacksonville,Yes,Yes,T1,5,Long Tail,No,Wrong market/submarket,Semrush
apartments in jacksonville fl downtown,880,36,2.4,563.2,Medium,Commercial,City + Apartments,Jacksonville,Yes,Yes,T1,5,Long Tail,Yes,Local intent,Semrush
best apartments in jacksonville fl,1000,44,2.64,560.0,Medium,Commercial,Luxury,Jacksonville,Yes,Yes,T1,5,Long Tail,Yes,Local intent,Semrush
ciel luxury apartments,720,23,0.71,554.4,Easy,Navigational,Competitor (Ciel Jax),Jacksonville,No,Yes,T1,3,Gap,Yes,Top competitor - comparison/gap,Semrush
summer key condominiums,720,23,0.22,554.4,Easy,Commercial,Property / Renter Type,Jacksonville,No,Yes,T1,3,Long Tail,Localize,National term - use city variant or FAQ,Semrush
jacksonville fl apartments for rent,1300,58,1.45,546.0,Hard,Commercial,City + Apartments,Jacksonville,Yes,Yes,T1,5,Long Tail,Yes,Local intent,Semrush
momentum blanding,720,25,1.2,540.0,Easy,Commercial,Out of Market,Jacksonville,No,Yes,T1,2,Long Tail,No,Wrong market/submarket,Semrush
integra 289 exchange,720,26,0.69,532.8,Easy,Commercial,General / Other,Jacksonville,No,Yes,T1,3,Long Tail,No,No local relevance,Semrush
the sagefield,720,27,1.06,525.6,Easy,Commercial,General / Other,Jacksonville,No,Yes,T1,2,Long Tail,No,No local relevance,Semrush
the strand jacksonville,720,28,1.65,518.4,Easy,Commercial,General / Other,Jacksonville,No,Yes,T1,3,Long Tail,Yes,Local intent,Semrush
satori town center,720,29,1.33,511.2,Easy,Commercial,General / Other,Jacksonville,No,Yes,T1,3,Long Tail,Yes,Local intent,Semrush
the oasis at town center,720,30,0.69,504.0,Easy,Informational,Renter Education,Jacksonville,Yes,Yes,T1,5,Informational,Yes,Local intent,Semrush
olea etown,720,31,5.15,496.8,Medium,Commercial,General / Other,Jacksonville,No,Yes,T1,2,Long Tail,No,No local relevance,Semrush
satori town center apartments,720,31,1.28,496.8,Medium,Commercial,City + Apartments,Jacksonville,Yes,Yes,T1,4,Long Tail,Yes,Local intent,Semrush
jacksonville apartments with parking,590,17,0.0,489.7,Easy,Commercial,Amenity,Jacksonville,Yes,Yes,T1,4,Long Tail,Yes,Local intent,Semrush
club at danforth,720,32,0.83,489.6,Medium,Commercial,General / Other,Jacksonville,No,Yes,T1,3,Long Tail,No,No local relevance,Semrush
cheap apartments jacksonville fl,720,33,1.01,482.4,Medium,Commercial,Price / Budget,Jacksonville,Yes,Yes,T1,4,Long Tail,Yes,Local intent,Semrush
1 bedroom apartment in south side jacksonville,590,19,0.0,477.9,Easy,Commercial,Bedroom Type,Jacksonville,Yes,Yes,T1,7,Long Tail,Yes,Local intent,Semrush
jacksonville luxury apartments,720,34,2.76,475.2,Medium,Commercial,Luxury,Jacksonville,No,Yes,T1,3,Long Tail,Yes,Local intent,Semrush
luxury apartments jacksonville,590,20,2.65,472.0,Easy,Commercial,Luxury,Jacksonville,No,Yes,T1,3,Long Tail,Yes,Local intent,Semrush
upscale apartments near me,590,21,2.07,466.1,Easy,Transactional,Near Landmark,Jacksonville,Yes,Yes,T1,4,Long Tail,No,No local relevance,Semrush
kernan boulevard south,590,23,0.0,454.3,Easy,Commercial,General / Other,Jacksonville,No,Yes,T1,3,Long Tail,Yes,Local intent,Semrush
paradise island apts,720,38,0.85,446.4,Medium,Commercial,City + Apartments,Jacksonville,No,Yes,T1,3,Long Tail,No,No local relevance,Semrush
new apartments in jacksonville fl,590,25,2.24,442.5,Easy,Commercial,Property / Renter Type,Jacksonville,Yes,Yes,T1,5,Long Tail,Yes,Local intent,Semrush
strand jacksonville fl,590,25,1.65,442.5,Easy,Commercial,General / Other,Jacksonville,No,Yes,T1,3,Long Tail,Yes,Local intent,Semrush
the loree apartments in jacksonville,590,25,1.04,442.5,Easy,Commercial,City + Apartments,Jacksonville,Yes,Yes,T1,5,Long Tail,Yes,Local intent,Semrush
hilltop village apartments jacksonville fl,480,9,1.34,436.8,Very Easy,Commercial,City + Apartments,Jacksonville,Yes,Yes,T2,5,Long Tail,Yes,Local intent,Semrush
club at danforth jacksonville,590,26,0.83,436.6,Easy,Commercial,General / Other,Jacksonville,Yes,Yes,T1,4,Long Tail,Yes,Local intent,Semrush
jacksonville apartments with laundry,590,26,0.0,436.6,Easy,Commercial,Amenity,Jacksonville,Yes,Yes,T1,4,Long Tail,Yes,Local intent,Semrush
soleil blu luxury apartments,590,26,0.46,436.6,Easy,Commercial,Luxury,Jacksonville,Yes,Yes,T1,4,Long Tail,Localize,National term - use city variant or FAQ,Semrush
jax beach apartments,590,27,1.8,430.7,Easy,Commercial,City + Apartments,Jacksonville,No,Yes,T1,3,Long Tail,Yes,Local intent,Semrush
25 mirage,480,11,2.21,427.2,Very Easy,Navigational,Competitor (Mirage on Kernan),Jacksonville,No,Yes,T2,2,Gap,Yes,Top competitor - comparison/gap,Semrush
the loree apartments jacksonville,590,28,1.18,424.8,Easy,Commercial,City + Apartments,Jacksonville,Yes,Yes,T1,4,Long Tail,Yes,Local intent,Semrush
floor to ceiling window apartments,480,12,1.54,422.4,Very Easy,Commercial,City + Apartments,Jacksonville,Yes,Yes,T2,5,Long Tail,No,No local relevance,Semrush
apartments near kernan boulevard south jacksonville fl,590,29,0.0,418.9,Easy,Transactional,Near Landmark,Jacksonville,Yes,Yes,T1,7,Long Tail,Yes,Local intent,Semrush
cielo view,590,29,0.44,418.9,Easy,Navigational,Competitor (Ciel Jax),Jacksonville,No,Yes,T1,2,Gap,Yes,Top competitor - comparison/gap,Semrush
apartments near wolfson childrens hospital jacksonville fl,480,13,0.0,417.6,Very Easy,Transactional,Near Landmark,Jacksonville,Yes,Yes,T2,7,Long Tail,Yes,Local intent,Semrush
leigh meadows apartments,590,30,0.73,413.0,Easy,Commercial,City + Apartments,Jacksonville,No,Yes,T1,3,Long Tail,No,No local relevance,Semrush
north beach on kernan jacksonville florida,590,30,0.91,413.0,Easy,Navigational,Competitor (North Beach on Kernan),Jacksonville,Yes,Yes,T1,6,Gap,Yes,Top competitor - comparison/gap,Semrush
drift at the forum,590,31,1.08,407.1,Medium,Navigational,Competitor (Drift at Town Center East),Jacksonville,Yes,Yes,T1,4,Gap,Yes,Top competitor - comparison/gap,Semrush
the julington,590,33,1.37,395.3,Medium,Commercial,Out of Market,Jacksonville,No,Yes,T1,2,Long Tail,No,Wrong market/submarket,Semrush
arelia james island jacksonville,590,34,0.88,389.4,Medium,Commercial,General / Other,Jacksonville,Yes,Yes,T1,4,Long Tail,Yes,Local intent,Semrush
mirage apt,480,20,0.67,384.0,Easy,Navigational,Competitor (Mirage on Kernan),Jacksonville,No,Yes,T2,2,Gap,Yes,Top competitor - comparison/gap,Semrush
colonnade at regency,480,22,1.15,374.4,Easy,Commercial,General / Other,Jacksonville,No,Yes,T2,3,Long Tail,No,No local relevance,Semrush
cyan apartments,480,23,1.06,369.6,Easy,Commercial,City + Apartments,Jacksonville,No,Yes,T2,2,Long Tail,No,No local relevance,Semrush
camri green apts jax fl,480,25,0.82,360.0,Easy,Commercial,City + Apartments,Jacksonville,Yes,Yes,T2,5,Long Tail,Yes,Local intent,Semrush
springs at flagler center apartments,480,25,0.87,360.0,Easy,Commercial,Out of Market,Jacksonville,Yes,Yes,T2,5,Long Tail,No,Wrong market/submarket,Semrush
paradise island apartments jacksonville fl,480,26,0.99,355.2,Easy,Commercial,City + Apartments,Jacksonville,Yes,Yes,T2,5,Long Tail,Yes,Local intent,Semrush
arium seaglass,480,27,1.29,350.4,Easy,Commercial,General / Other,Jacksonville,No,Yes,T2,2,Long Tail,No,No local relevance,Semrush
camri green apartments jacksonville florida,480,27,0.82,350.4,Easy,Commercial,City + Apartments,Jacksonville,Yes,Yes,T2,5,Long Tail,Yes,Local intent,Semrush
kernan blvd s,480,27,0.0,350.4,Easy,Commercial,General / Other,Jacksonville,No,Yes,T2,3,Long Tail,Yes,Local intent,Semrush
mirage at southpoint,480,27,0.95,350.4,Easy,Commercial,Out of Market,Jacksonville,No,Yes,T2,3,Long Tail,No,Wrong market/submarket,Semrush
north beach fl,590,41,0.94,348.1,Medium,Navigational,Competitor (North Beach on Kernan),Jacksonville,No,Yes,T1,3,Gap,Yes,Top competitor - comparison/gap,Semrush
apartment with a den,390,11,1.62,347.1,Very Easy,Commercial,Bedroom Type,Jacksonville,Yes,Yes,T2,4,Long Tail,Localize,National term - use city variant or FAQ,Semrush
north beach at kernan,480,28,0.86,345.6,Easy,Navigational,Competitor (North Beach on Kernan),Jacksonville,Yes,Yes,T2,4,Gap,Yes,Top competitor - comparison/gap,Semrush
the club at danforth,480,28,0.83,345.6,Easy,Commercial,General / Other,Jacksonville,Yes,Yes,T2,4,Long Tail,No,No local relevance,Semrush
1 bedroom apartment in jacksonville fl,480,29,2.8,340.8,Easy,Commercial,Bedroom Type,Jacksonville,Yes,Yes,T2,6,Long Tail,Yes,Local intent,Semrush
beach bluff apartments,480,29,0.67,340.8,Easy,Commercial,City + Apartments,Jacksonville,No,Yes,T2,3,Long Tail,Yes,Local intent,Semrush
jacksonville beach apartments,590,43,1.8,336.3,Medium,Commercial,City + Apartments,Jacksonville,No,Yes,T1,3,Long Tail,Yes,Local intent,Semrush
jax apts,480,30,1.43,336.0,Easy,Commercial,City + Apartments,Jacksonville,No,Yes,T2,2,Long Tail,Yes,Local intent,Semrush
hilltop apartments jacksonville fl,390,14,1.34,335.4,Very Easy,Commercial,City + Apartments,Jacksonville,Yes,Yes,T2,4,Long Tail,Yes,Local intent,Semrush
the jack on beach,390,14,0.56,335.4,Very Easy,Commercial,General / Other,Jacksonville,Yes,Yes,T2,4,Long Tail,Yes,Local intent,Semrush
apartments near unf,480,31,2.19,331.2,Medium,Transactional,Near Landmark,Jacksonville,No,Yes,T2,3,Long Tail,Yes,Local intent,Semrush
ciel apartments,480,31,0.76,331.2,Medium,Navigational,Competitor (Ciel Jax),Jacksonville,No,Yes,T2,2,Gap,Yes,Top competitor - comparison/gap,Semrush
11 east forsyth apartments,480,33,0.67,321.6,Medium,Commercial,City + Apartments,Jacksonville,Yes,Yes,T2,4,Long Tail,No,No local relevance,Semrush
the view at mandarin,390,18,1.09,319.8,Easy,Commercial,Out of Market,Jacksonville,Yes,Yes,T2,4,Long Tail,No,Wrong market/submarket,Semrush
1 bedroom apartment in northside jacksonville,390,19,0.0,315.9,Easy,Commercial,Out of Market,Jacksonville,Yes,Yes,T2,6,Long Tail,No,Wrong market/submarket,Semrush
apartments near baptist medical center beaches jacksonville beach fl,390,19,0.0,315.9,Easy,Transactional,Near Landmark,Jacksonville,Yes,Yes,T2,9,Long Tail,Yes,Local intent,Semrush
apartments near hemming plaza station jta jacksonville fl,390,19,0.0,315.9,Easy,Transactional,Near Landmark,Jacksonville,Yes,Yes,T2,8,Long Tail,Yes,Local intent,Semrush
cue luxury living apartments,390,19,1.21,315.9,Easy,Commercial,Luxury,Jacksonville,Yes,Yes,T2,4,Long Tail,Localize,National term - use city variant or FAQ,Semrush
two bedroom apartments jacksonville fl,390,21,3.77,308.1,Easy,Commercial,Bedroom Type,Jacksonville,Yes,Yes,T2,5,Long Tail,Yes,Local intent,Semrush
wynnfield lakes,480,36,0.96,307.2,Medium,Commercial,General / Other,Jacksonville,No,Yes,T2,2,Long Tail,No,No local relevance,Semrush
apartments for rent in jacksonville florida,590,48,1.43,306.8,Hard,Commercial,City + Apartments,Jacksonville,Yes,Yes,T1,6,Long Tail,Yes,Local intent,Semrush
north beach apartments for rent,390,22,0.55,304.2,Easy,Navigational,Competitor (North Beach on Kernan),Jacksonville,Yes,Yes,T2,5,Gap,Yes,Top competitor - comparison/gap,Semrush
apartments with golf simulator,320,5,1.66,304.0,Very Easy,Commercial,City + Apartments,Jacksonville,Yes,Yes,T2,4,Long Tail,No,No local relevance,Semrush
apartment for rent jacksonville fl,590,50,1.45,295.0,Hard,Commercial,City + Apartments,Jacksonville,Yes,Yes,T1,5,Long Tail,Yes,Local intent,Semrush
1 bedroom with den apartments,320,8,1.83,294.4,Very Easy,Commercial,Bedroom Type,Jacksonville,Yes,Yes,T2,5,Long Tail,Localize,National term - use city variant or FAQ,Semrush
camri green apartments jacksonville,390,25,0.82,292.5,Easy,Commercial,City + Apartments,Jacksonville,Yes,Yes,T2,4,Long Tail,Yes,Local intent,Semrush
luxury one bedroom apartment,390,25,1.67,292.5,Easy,Commercial,Bedroom Type,Jacksonville,Yes,Yes,T2,4,Long Tail,Localize,National term - use city variant or FAQ,Semrush
the view at mandarin apartments,390,25,0.68,292.5,Easy,Commercial,Out of Market,Jacksonville,Yes,Yes,T2,5,Long Tail,No,Wrong market/submarket,Semrush
north beach on kernan jacksonville,390,27,0.86,284.7,Easy,Navigational,Competitor (North Beach on Kernan),Jacksonville,Yes,Yes,T2,5,Gap,Yes,Top competitor - comparison/gap,Semrush
rise at glen kernan park,390,27,2.3,284.7,Easy,Commercial,General / Other,Jacksonville,Yes,Yes,T2,5,Long Tail,Yes,Local intent,Semrush
the cecil apartments,390,27,1.02,284.7,Easy,Commercial,City + Apartments,Jacksonville,No,Yes,T2,3,Long Tail,No,No local relevance,Semrush
camri green apartments,390,28,1.3,280.8,Easy,Commercial,City + Apartments,Jacksonville,No,Yes,T2,3,Long Tail,No,No local relevance,Semrush
momentum blanding apartments,390,28,0.96,280.8,Easy,Commercial,Out of Market,Jacksonville,No,Yes,T2,3,Long Tail,No,Wrong market/submarket,Semrush
skyler apartments,390,28,0.91,280.8,Easy,Commercial,City + Apartments,Jacksonville,No,Yes,T2,2,Long Tail,No,No local relevance,Semrush
themirage,480,43,0.72,273.6,Medium,Navigational,Competitor (Mirage on Kernan),Jacksonville,No,Yes,T2,1,Gap,Yes,Top competitor - comparison/gap,Semrush
mirador stovall at river city,320,18,1.19,262.4,Easy,Commercial,General / Other,Jacksonville,Yes,Yes,T2,5,Long Tail,No,No local relevance,Semrush
apartments close to unf jacksonville,390,33,2.19,261.3,Medium,Transactional,Near Landmark,Jacksonville,Yes,Yes,T2,5,Long Tail,Yes,Local intent,Semrush
greater arlington jacksonville apartments,320,19,2.65,259.2,Easy,Commercial,Out of Market,Jacksonville,Yes,Yes,T2,4,Long Tail,No,Wrong market/submarket,Semrush
apartments for rent in greater arlington jacksonville,320,20,0.0,256.0,Easy,Commercial,Out of Market,Jacksonville,Yes,Yes,T2,7,Long Tail,No,Wrong market/submarket,Semrush
cedar creek villas,320,20,0.63,256.0,Easy,Commercial,General / Other,Jacksonville,No,Yes,T2,3,Long Tail,No,No local relevance,Semrush
colonnade at regency jacksonville,320,20,1.15,256.0,Easy,Commercial,General / Other,Jacksonville,Yes,Yes,T2,4,Long Tail,Yes,Local intent,Semrush
apartments near acorn park drive north jacksonville fl,320,21,0.0,252.8,Easy,Transactional,Near Landmark,Jacksonville,Yes,Yes,T2,8,Long Tail,Yes,Local intent,Semrush
camri green jacksonville,320,21,0.82,252.8,Easy,Commercial,General / Other,Jacksonville,No,Yes,T2,3,Long Tail,Yes,Local intent,Semrush
drift at town center east apartments,320,22,0.81,249.6,Easy,Navigational,Competitor (Drift at Town Center East),Jacksonville,Yes,Yes,T2,6,Gap,Yes,Top competitor - comparison/gap,Semrush
huge 1 bedroom apartments,320,22,1.37,249.6,Easy,Commercial,Bedroom Type,Jacksonville,Yes,Yes,T2,4,Long Tail,Localize,National term - use city variant or FAQ,Semrush
lakeside apartments jacksonville fl,320,22,7.26,249.6,Easy,Commercial,City + Apartments,Jacksonville,Yes,Yes,T2,4,Long Tail,Yes,Local intent,Semrush
lost lakes apartments jacksonville fl,320,24,0.82,243.2,Easy,Commercial,City + Apartments,Jacksonville,Yes,Yes,T2,5,Long Tail,Yes,Local intent,Semrush
the enclave jacksonville fl,320,25,1.52,240.0,Easy,Commercial,General / Other,Jacksonville,Yes,Yes,T2,4,Long Tail,Yes,Local intent,Semrush
drift apartments,390,39,0.94,237.9,Medium,Navigational,Competitor (Drift at Town Center East),Jacksonville,No,Yes,T2,2,Gap,Yes,Top competitor - comparison/gap,Semrush
downtown jacksonville beach fl apartments,320,26,2.4,236.8,Easy,Commercial,City + Apartments,Jacksonville,Yes,Yes,T2,5,Long Tail,Yes,Local intent,Semrush
apartments for rent jacksonville beach fl,390,40,1.62,234.0,Medium,Commercial,City + Apartments,Jacksonville,Yes,Yes,T2,6,Long Tail,Yes,Local intent,Semrush
11e apartments jacksonville florida,320,27,0.68,233.6,Easy,Commercial,City + Apartments,Jacksonville,Yes,Yes,T2,4,Long Tail,Yes,Local intent,Semrush
arelia james island jacksonville fl,320,27,1.0,233.6,Easy,Commercial,General / Other,Jacksonville,Yes,Yes,T2,5,Long Tail,Yes,Local intent,Semrush
beach bluff apartments jacksonville,320,27,0.66,233.6,Easy,Commercial,City + Apartments,Jacksonville,Yes,Yes,T2,4,Long Tail,Yes,Local intent,Semrush
camri green apartments jacksonville fl,320,27,0.82,233.6,Easy,Commercial,City + Apartments,Jacksonville,Yes,Yes,T2,5,Long Tail,Yes,Local intent,Semrush
luxury apartments in jacksonville,320,27,2.76,233.6,Easy,Commercial,Luxury,Jacksonville,Yes,Yes,T2,4,Long Tail,Yes,Local intent,Semrush
oasis at san marco,320,27,1.21,233.6,Easy,Commercial,Out of Market,Jacksonville,Yes,Yes,T2,4,Long Tail,No,Wrong market/submarket,Semrush
silversmith creek apts,320,27,1.11,233.6,Easy,Commercial,City + Apartments,Jacksonville,No,Yes,T2,3,Long Tail,No,No local relevance,Semrush
apartments in jacksonville fl monument rd,260,11,2.0,231.4,Very Easy,Commercial,City + Apartments,Jacksonville,Yes,Yes,T2,6,Long Tail,Yes,Local intent,Semrush
apartments jax beach fl,320,28,1.88,230.4,Easy,Commercial,City + Apartments,Jacksonville,Yes,Yes,T2,4,Long Tail,Yes,Local intent,Semrush
apartments near university of north florida,320,28,2.19,230.4,Easy,Transactional,Near Landmark,Jacksonville,Yes,Yes,T2,6,Long Tail,No,No local relevance,Semrush
cordelia apartments,260,12,0.74,228.8,Very Easy,Commercial,City + Apartments,Jacksonville,No,Yes,T2,2,Long Tail,No,No local relevance,Semrush
apts for rent in jacksonville beach fl,320,29,1.62,227.2,Easy,Commercial,City + Apartments,Jacksonville,Yes,Yes,T2,7,Long Tail,Yes,Local intent,Semrush
cape house apartments jacksonville,320,29,1.43,227.2,Easy,Commercial,City + Apartments,Jacksonville,Yes,Yes,T2,4,Long Tail,Yes,Local intent,Semrush
carlyle at bartram,320,29,0.83,227.2,Easy,Commercial,General / Other,Jacksonville,No,Yes,T2,3,Long Tail,No,No local relevance,Semrush
apartments for rent in south side jacksonville,320,30,0.0,224.0,Easy,Commercial,City + Apartments,Jacksonville,Yes,Yes,T2,7,Long Tail,Yes,Local intent,Semrush
jacksonville beach fl apartments,320,30,1.88,224.0,Easy,Commercial,City + Apartments,Jacksonville,Yes,Yes,T2,4,Long Tail,Yes,Local intent,Semrush
calloway cove apartments,260,15,2.03,221.0,Very Easy,Commercial,City + Apartments,Jacksonville,No,Yes,T2,3,Long Tail,No,No local relevance,Semrush
jacksonville apartments with gym,260,15,0.0,221.0,Very Easy,Commercial,Amenity,Jacksonville,Yes,Yes,T2,4,Long Tail,Yes,Local intent,Semrush
mirador & stovall at river city apartments jacksonville fl,260,15,1.04,221.0,Very Easy,Commercial,City + Apartments,Jacksonville,Yes,Yes,T2,9,Long Tail,Yes,Local intent,Semrush
11 east forsyth,320,31,0.68,220.8,Medium,Commercial,General / Other,Jacksonville,No,Yes,T2,3,Long Tail,No,No local relevance,Semrush
lofts at lavilla jacksonville fl,320,31,0.7,220.8,Medium,Commercial,Property / Renter Type,Jacksonville,Yes,Yes,T2,5,Long Tail,Yes,Local intent,Semrush
mirage bay apartments,320,31,0.71,220.8,Medium,Navigational,Competitor (Mirage on Kernan),Jacksonville,No,Yes,T2,3,Gap,Yes,Top competitor - comparison/gap,Semrush
moving to jacksonville fl,260,17,2.9,215.8,Easy,Informational,Renter Education,Jacksonville,Yes,Yes,T2,4,Informational,Yes,Local intent,Semrush
solera at kendall west,320,33,0.71,214.4,Medium,Commercial,General / Other,Jacksonville,Yes,Yes,T2,4,Long Tail,No,No local relevance,Semrush
cost of living jacksonville fl,320,34,0.72,211.2,Medium,Commercial,Price / Budget,Jacksonville,Yes,Yes,T2,5,Long Tail,Yes,Local intent,Semrush
apartments on collins rd jax fl,260,20,1.63,208.0,Easy,Commercial,Out of Market,Jacksonville,Yes,Yes,T2,6,Long Tail,No,Wrong market/submarket,Semrush
colonnade at regency apartments,260,20,1.17,208.0,Easy,Commercial,City + Apartments,Jacksonville,Yes,Yes,T2,4,Long Tail,No,No local relevance,Semrush
luxury apartments in mayport naval station fl,320,35,0.0,208.0,Medium,Commercial,Luxury,Jacksonville,Yes,Yes,T2,7,Long Tail,Localize,National term - use city variant or FAQ,Semrush
3 bedroom luxury apartments,260,21,1.66,205.4,Easy,Commercial,Bedroom Type,Jacksonville,Yes,Yes,T2,4,Long Tail,Localize,National term - use city variant or FAQ,Semrush
courtyards at san jose,260,21,0.92,205.4,Easy,Commercial,General / Other,Jacksonville,Yes,Yes,T2,4,Long Tail,No,No local relevance,Semrush
furnished apartments jacksonville fl,260,21,2.11,205.4,Easy,Commercial,Property / Renter Type,Jacksonville,Yes,Yes,T2,4,Long Tail,Yes,Local intent,Semrush
the enclave jax fl,260,21,1.42,205.4,Easy,Commercial,General / Other,Jacksonville,Yes,Yes,T2,4,Long Tail,Yes,Local intent,Semrush
apartments near herschel street jacksonville fl,260,22,0.0,202.8,Easy,Transactional,Near Landmark,Jacksonville,Yes,Yes,T2,6,Long Tail,Yes,Local intent,Semrush
colonnade at regency apartments jacksonville,260,22,1.15,202.8,Easy,Commercial,City + Apartments,Jacksonville,Yes,Yes,T2,5,Long Tail,Yes,Local intent,Semrush
north beach st,260,22,0.0,202.8,Easy,Navigational,Competitor (North Beach on Kernan),Jacksonville,No,Yes,T2,3,Gap,Yes,Top competitor - comparison/gap,Semrush
timberwalk at mandarin apartments,260,22,0.93,202.8,Easy,Commercial,Out of Market,Jacksonville,Yes,Yes,T2,4,Long Tail,No,Wrong market/submarket,Semrush
best apartments in jacksonville,320,37,2.64,201.6,Medium,Commercial,Luxury,Jacksonville,Yes,Yes,T2,4,Long Tail,Yes,Local intent,Semrush
club at danforth apartments jacksonville fl,260,23,0.0,200.2,Easy,Commercial,City + Apartments,Jacksonville,Yes,Yes,T2,6,Long Tail,Yes,Local intent,Semrush
arelia james island luxury apartments,260,24,0.88,197.6,Easy,Commercial,Luxury,Jacksonville,Yes,Yes,T2,5,Long Tail,Localize,National term - use city variant or FAQ,Semrush
arelia apartments jacksonville,260,25,1.0,195.0,Easy,Commercial,City + Apartments,Jacksonville,No,Yes,T2,3,Long Tail,Yes,Local intent,Semrush
cielo at 325,260,25,1.12,195.0,Easy,Navigational,Competitor (Ciel Jax),Jacksonville,No,Yes,T2,3,Gap,Yes,Top competitor - comparison/gap,Semrush
one bedroom apartments jacksonville,260,26,2.8,192.4,Easy,Commercial,Bedroom Type,Jacksonville,Yes,Yes,T2,4,Long Tail,Yes,Local intent,Semrush
the garratt townhomes & apartments,260,26,1.31,192.4,Easy,Commercial,Property / Renter Type,Jacksonville,Yes,Yes,T2,5,Long Tail,Localize,National term - use city variant or FAQ,Semrush
volaris west kernan apartments jacksonville fl,260,26,0.0,192.4,Easy,Informational,Renter Education,Jacksonville,Yes,Yes,T2,6,Informational,Yes,Local intent,Semrush
5 thousand town,260,27,0.93,189.8,Easy,Commercial,General / Other,Jacksonville,No,Yes,T2,3,Long Tail,No,No local relevance,Semrush
gate parkway apartments,260,27,1.1,189.8,Easy,Commercial,City + Apartments,Jacksonville,No,Yes,T2,3,Long Tail,No,No local relevance,Semrush
oasis at town center,260,27,0.51,189.8,Easy,Informational,Renter Education,Jacksonville,Yes,Yes,T2,4,Informational,Yes,Local intent,Semrush
spyglass apartments jacksonville,260,27,1.01,189.8,Easy,Commercial,City + Apartments,Jacksonville,No,Yes,T2,3,Long Tail,Yes,Local intent,Semrush
the loree jacksonville,260,27,1.04,189.8,Easy,Commercial,General / Other,Jacksonville,No,Yes,T2,3,Long Tail,Yes,Local intent,Semrush
cielo luxury living,260,28,0.93,187.2,Easy,Navigational,Competitor (Ciel Jax),Jacksonville,No,Yes,T2,3,Gap,Yes,Top competitor - comparison/gap,Semrush
jax heights apartments,260,28,0.81,187.2,Easy,Commercial,City + Apartments,Jacksonville,No,Yes,T2,3,Long Tail,Yes,Local intent,Semrush
apartments on monument road jacksonville fl,210,11,2.0,186.9,Very Easy,Commercial,City + Apartments,Jacksonville,Yes,Yes,T2,6,Long Tail,Yes,Local intent,Semrush
hilltop apartments jacksonville,210,11,1.56,186.9,Very Easy,Commercial,City + Apartments,Jacksonville,No,Yes,T2,3,Long Tail,Yes,Local intent,Semrush
apartments near harts road jacksonville fl,210,13,0.0,182.7,Very Easy,Transactional,Near Landmark,Jacksonville,Yes,Yes,T2,6,Long Tail,Yes,Local intent,Semrush
apartments near st johns town center,210,13,2.59,182.7,Very Easy,Transactional,Near Landmark,Jacksonville,Yes,Yes,T2,6,Long Tail,Yes,Local intent,Semrush
move in specials jacksonville fl,210,13,2.63,182.7,Very Easy,Commercial,Price / Budget,Jacksonville,Yes,Yes,T2,5,Long Tail,Yes,Local intent,Semrush
apartments near golfair boulevard fl 122 jacksonville fl,210,14,0.0,180.6,Very Easy,Transactional,Near Landmark,Jacksonville,Yes,Yes,T2,8,Long Tail,Yes,Local intent,Semrush
ultris wynnfield lakes,260,31,0.91,179.4,Medium,Informational,Renter Education,Jacksonville,No,Yes,T2,3,Informational,Localize,National term - use city variant or FAQ,Semrush
apartments on hodges blvd jax fl,260,32,1.7,176.8,Medium,Commercial,Out of Market,Jacksonville,Yes,Yes,T2,6,Long Tail,No,Wrong market/submarket,Semrush
rivers end apartments jacksonville fl,260,32,0.86,176.8,Medium,Commercial,City + Apartments,Jacksonville,Yes,Yes,T2,5,Long Tail,Yes,Local intent,Semrush
the solera at kendall west,260,32,0.67,176.8,Medium,Commercial,General / Other,Jacksonville,Yes,Yes,T2,5,Long Tail,No,No local relevance,Semrush
luxury apartments in atlantic technical center fl,210,16,0.0,176.4,Easy,Commercial,Luxury,Jacksonville,Yes,Yes,T2,7,Long Tail,Localize,National term - use city variant or FAQ,Semrush
apartments jacksonville beach,260,33,1.8,174.2,Medium,Commercial,City + Apartments,Jacksonville,No,Yes,T2,3,Long Tail,Yes,Local intent,Semrush
apartments on hodges blvd,260,33,1.7,174.2,Medium,Commercial,Out of Market,Jacksonville,Yes,Yes,T2,4,Long Tail,No,Wrong market/submarket,Semrush
north beach kernan apartments,210,18,0.86,172.2,Easy,Navigational,Competitor (North Beach on Kernan),Jacksonville,Yes,Yes,T2,4,Gap,Yes,Top competitor - comparison/gap,Semrush
pet friendly apartments jacksonville fl,210,19,2.28,170.1,Easy,Commercial,Pet Friendly,Jacksonville,Yes,Yes,T2,5,Long Tail,Yes,Local intent,Semrush
rise julington apartments,210,19,1.18,170.1,Easy,Commercial,Out of Market,Jacksonville,No,Yes,T2,3,Long Tail,No,Wrong market/submarket,Semrush
apartments for rent in jacksonville beach fl,260,35,1.81,169.0,Medium,Commercial,City + Apartments,Jacksonville,Yes,Yes,T2,7,Long Tail,Yes,Local intent,Semrush
apartments for rent in southwest jacksonville,210,20,0.0,168.0,Easy,Commercial,City + Apartments,Jacksonville,Yes,Yes,T2,6,Long Tail,Yes,Local intent,Semrush
beach haven jacksonville,210,20,0.42,168.0,Easy,Commercial,General / Other,Jacksonville,No,Yes,T2,3,Long Tail,Yes,Local intent,Semrush
beach line apartment,210,20,1.08,168.0,Easy,Commercial,City + Apartments,Jacksonville,No,Yes,T2,3,Long Tail,Yes,Local intent,Semrush
monaco arms apartments,210,20,1.34,168.0,Easy,Commercial,Out of Market,Jacksonville,No,Yes,T2,3,Long Tail,No,Wrong market/submarket,Semrush
the mirage coral springs,210,20,0.72,168.0,Easy,Commercial,Out of Market,Jacksonville,Yes,Yes,T2,4,Long Tail,No,Wrong market/submarket,Semrush
apartments for rent in jacksonville,320,48,1.45,166.4,Hard,Commercial,City + Apartments,Jacksonville,Yes,Yes,T2,5,Long Tail,Yes,Local intent,Semrush
apartments for rent jacksonville beach,260,36,1.81,166.4,Medium,Commercial,City + Apartments,Jacksonville,Yes,Yes,T2,5,Long Tail,Yes,Local intent,Semrush
apartments near jacksonville beach,260,36,2.16,166.4,Medium,Transactional,Near Landmark,Jacksonville,Yes,Yes,T2,4,Long Tail,Yes,Local intent,Semrush
3601 kernan blvd s,210,22,0.63,163.8,Easy,Commercial,Address / Navigational,Jacksonville,Yes,Yes,T2,4,Long Tail,No,No article intent,Semrush
den apartment,210,23,1.38,161.7,Easy,Commercial,Bedroom Type,Jacksonville,No,Yes,T2,2,Long Tail,Localize,National term - use city variant or FAQ,Semrush
north beach on kernan apartments jacksonville fl,210,23,0.91,161.7,Easy,Navigational,Competitor (North Beach on Kernan),Jacksonville,Yes,Yes,T2,7,Gap,Yes,Top competitor - comparison/gap,Semrush
the drift apartments,260,38,1.15,161.2,Medium,Navigational,Competitor (Drift at Town Center East),Jacksonville,No,Yes,T2,3,Gap,Yes,Top competitor - comparison/gap,Semrush
apartments on northside of jacksonville fl,210,24,2.31,159.6,Easy,Commercial,Out of Market,Jacksonville,Yes,Yes,T2,6,Long Tail,No,Wrong market/submarket,Semrush
aston at town center,210,24,1.5,159.6,Easy,Commercial,General / Other,Jacksonville,Yes,Yes,T2,4,Long Tail,Yes,Local intent,Semrush
efficiency apartments jacksonville fl,210,25,0.93,157.5,Easy,Commercial,Bedroom Type,Jacksonville,Yes,Yes,T2,4,Long Tail,Yes,Local intent,Semrush
north beach kernan,210,25,0.91,157.5,Easy,Navigational,Competitor (North Beach on Kernan),Jacksonville,No,Yes,T2,3,Gap,Yes,Top competitor - comparison/gap,Semrush
the carling jax fl,210,25,0.81,157.5,Easy,Commercial,General / Other,Jacksonville,Yes,Yes,T2,4,Long Tail,Yes,Local intent,Semrush
the enclave jacksonville,210,25,1.52,157.5,Easy,Commercial,General / Other,Jacksonville,No,Yes,T2,3,Long Tail,Yes,Local intent,Semrush
apartments in jacksonville near unf,260,40,2.19,156.0,Medium,Transactional,Near Landmark,Jacksonville,Yes,Yes,T2,5,Long Tail,Yes,Local intent,Semrush
the drift at the forum,210,26,2.97,155.4,Easy,Navigational,Competitor (Drift at Town Center East),Jacksonville,Yes,Yes,T2,5,Gap,Yes,Top competitor - comparison/gap,Semrush
new apartments jacksonville fl,320,52,2.38,153.6,Hard,Commercial,Property / Renter Type,Jacksonville,Yes,Yes,T2,4,Long Tail,Yes,Local intent,Semrush
best apartment complexes in jacksonville fl,260,41,2.67,153.4,Medium,Commercial,Luxury,Jacksonville,Yes,Yes,T2,6,Long Tail,Yes,Local intent,Semrush
grande court apartments jax fl,210,27,0.83,153.3,Easy,Commercial,City + Apartments,Jacksonville,Yes,Yes,T2,5,Long Tail,Yes,Local intent,Semrush
renaissance at strawberry creek,210,27,0.71,153.3,Easy,Commercial,General / Other,Jacksonville,Yes,Yes,T2,4,Long Tail,No,No local relevance,Semrush
average rent in jacksonville fl,210,30,0.51,147.0,Easy,Commercial,Price / Budget,Jacksonville,Yes,Yes,T2,5,Long Tail,Yes,Local intent,Semrush
drift luxury apartment homes,210,30,1.43,147.0,Easy,Navigational,Competitor (Drift at Town Center East),Jacksonville,Yes,Yes,T2,4,Gap,Yes,Top competitor - comparison/gap,Semrush
the carling apartments jacksonville fl,210,30,0.96,147.0,Easy,Commercial,City + Apartments,Jacksonville,Yes,Yes,T2,5,Long Tail,Yes,Local intent,Semrush
luxury apartments downtown jacksonville fl,210,31,2.56,144.9,Medium,Commercial,Luxury,Jacksonville,Yes,Yes,T2,5,Long Tail,Yes,Local intent,Semrush
the meridian jacksonville,210,32,1.53,142.8,Medium,Commercial,General / Other,Jacksonville,No,Yes,T2,3,Long Tail,Yes,Local intent,Semrush
eastport apartments jax fl,170,17,0.63,141.1,Easy,Commercial,City + Apartments,Jacksonville,Yes,Yes,T2,4,Long Tail,Yes,Local intent,Semrush
luxury jacksonville fl apartments,210,33,2.65,140.7,Medium,Commercial,Luxury,Jacksonville,Yes,Yes,T2,4,Long Tail,Yes,Local intent,Semrush
northside jacksonville apartments,170,18,2.31,139.4,Easy,Commercial,Out of Market,Jacksonville,No,Yes,T2,3,Long Tail,No,Wrong market/submarket,Semrush
sorrel apartments jacksonville,170,19,1.64,137.7,Easy,Navigational,Branded,Jacksonville,No,Yes,T2,3,Quick Win,Yes,Own brand,Semrush
apartments for rent jacksonville,260,49,1.43,132.6,Hard,Commercial,City + Apartments,Jacksonville,Yes,Yes,T2,4,Long Tail,Yes,Local intent,Semrush
jacksonville 1 bedroom apartment for rent,170,22,2.53,132.6,Easy,Commercial,Bedroom Type,Jacksonville,Yes,Yes,T2,6,Long Tail,Yes,Local intent,Semrush
jacksonville beach fl apartments for rent,210,38,1.62,130.2,Medium,Commercial,City + Apartments,Jacksonville,Yes,Yes,T2,6,Long Tail,Yes,Local intent,Semrush
the strand jax,170,25,1.65,127.5,Easy,Commercial,General / Other,Jacksonville,No,Yes,T2,3,Long Tail,Yes,Local intent,Semrush
club at town center,170,26,0.39,125.8,Easy,Commercial,General / Other,Jacksonville,Yes,Yes,T2,4,Long Tail,Yes,Local intent,Semrush
kernan village,170,26,0.0,125.8,Easy,Commercial,General / Other,Jacksonville,No,Yes,T2,2,Long Tail,Yes,Local intent,Semrush
the felix jacksonville,170,26,1.96,125.8,Easy,Commercial,General / Other,Jacksonville,No,Yes,T2,3,Long Tail,Yes,Local intent,Semrush
kernan square,140,12,0.0,123.2,Very Easy,Commercial,General / Other,Jacksonville,No,Yes,T2,2,Long Tail,Yes,Local intent,Semrush
apartments for rent in jacksonville beach,170,29,1.62,120.7,Easy,Commercial,City + Apartments,Jacksonville,Yes,Yes,T2,6,Long Tail,Yes,Local intent,Semrush
drift luxury apartments,170,29,1.94,120.7,Easy,Navigational,Competitor (Drift at Town Center East),Jacksonville,No,Yes,T2,3,Gap,Yes,Top competitor - comparison/gap,Semrush
11011 harts rd jacksonville fl,140,15,0.78,119.0,Very Easy,Commercial,Address / Navigational,Jacksonville,Yes,Yes,T2,5,Long Tail,No,No article intent,Semrush
apartments for rent northern beaches,140,16,0.55,117.6,Easy,Commercial,City + Apartments,Jacksonville,Yes,Yes,T2,5,Long Tail,Yes,Local intent,Semrush
apartments near unf jacksonville fl,170,32,2.19,115.6,Medium,Transactional,Near Landmark,Jacksonville,Yes,Yes,T2,5,Long Tail,Yes,Local intent,Semrush
five thousand town jacksonville,170,32,0.95,115.6,Medium,Commercial,General / Other,Jacksonville,Yes,Yes,T2,4,Long Tail,Yes,Local intent,Semrush
eastport apartments jacksonville,140,18,0.5,114.8,Easy,Commercial,City + Apartments,Jacksonville,No,Yes,T2,3,Long Tail,Yes,Local intent,Semrush
kernan blvd jacksonville fl,140,18,0.0,114.8,Easy,Commercial,General / Other,Jacksonville,Yes,Yes,T2,4,Long Tail,Yes,Local intent,Semrush
cheap apartments for rent in jacksonville fl,170,33,0.87,113.9,Medium,Commercial,Price / Budget,Jacksonville,Yes,Yes,T2,7,Long Tail,Yes,Local intent,Semrush
5000 big island drive jacksonville fl,140,19,0.94,113.4,Easy,Commercial,Address / Navigational,Jacksonville,Yes,Yes,T2,6,Long Tail,No,No article intent,Semrush
apartments on collins road jacksonville fl,140,19,1.63,113.4,Easy,Commercial,Out of Market,Jacksonville,Yes,Yes,T2,6,Long Tail,No,Wrong market/submarket,Semrush
5000 big island drive jacksonville fl 32246,140,20,1.09,112.0,Easy,Commercial,Address / Navigational,Jacksonville,Yes,Yes,T2,7,Long Tail,No,No article intent,Semrush
beachline apartments jacksonville,140,20,2.04,112.0,Easy,Commercial,City + Apartments,Jacksonville,No,Yes,T2,3,Long Tail,Yes,Local intent,Semrush
northlake apartments jacksonville fl,140,20,1.35,112.0,Easy,Commercial,City + Apartments,Jacksonville,Yes,Yes,T2,4,Long Tail,Yes,Local intent,Semrush
studio apartments for rent jacksonville fl,140,20,0.98,112.0,Easy,Commercial,Bedroom Type,Jacksonville,Yes,Yes,T2,6,Long Tail,Yes,Local intent,Semrush
11990 beach blvd jacksonville fl 32246,140,21,0.87,110.6,Easy,Commercial,Address / Navigational,Jacksonville,Yes,Yes,T2,6,Long Tail,No,No article intent,Semrush
the loft king street jacksonville,170,36,0.89,108.8,Medium,Commercial,Property / Renter Type,Jacksonville,Yes,Yes,T2,5,Long Tail,Yes,Local intent,Semrush
the flats at kernan,140,23,1.11,107.8,Easy,Commercial,General / Other,Jacksonville,Yes,Yes,T2,4,Long Tail,Yes,Local intent,Semrush
apartment complex jacksonville,170,37,1.49,107.1,Medium,Commercial,City + Apartments,Jacksonville,No,Yes,T2,3,Long Tail,Yes,Local intent,Semrush
apartments hodges rd jacksonville fl,210,49,1.78,107.1,Hard,Commercial,Out of Market,Jacksonville,Yes,Yes,T2,5,Long Tail,No,Wrong market/submarket,Semrush
apartments on hodges blvd jacksonville florida,210,49,1.78,107.1,Hard,Commercial,Out of Market,Jacksonville,Yes,Yes,T2,6,Long Tail,No,Wrong market/submarket,Semrush
apartments on hodges boulevard,210,50,1.78,105.0,Hard,Commercial,Out of Market,Jacksonville,Yes,Yes,T2,4,Long Tail,No,Wrong market/submarket,Semrush
the ridley jacksonville,140,25,1.2,105.0,Easy,Commercial,General / Other,Jacksonville,No,Yes,T2,3,Long Tail,Yes,Local intent,Semrush
esplanade at town center,110,5,1.16,104.5,Very Easy,Commercial,General / Other,Jacksonville,Yes,Yes,T2,4,Long Tail,Yes,Local intent,Semrush
north beach on kernan apartments,140,26,0.91,103.6,Easy,Navigational,Competitor (North Beach on Kernan),Jacksonville,Yes,Yes,T2,5,Gap,Yes,Top competitor - comparison/gap,Semrush
north beach on kernan jacksonville fl,140,26,0.91,103.6,Easy,Navigational,Competitor (North Beach on Kernan),Jacksonville,Yes,Yes,T2,6,Gap,Yes,Top competitor - comparison/gap,Semrush
carling jacksonville,140,28,0.81,100.8,Easy,Commercial,General / Other,Jacksonville,No,Yes,T2,2,Long Tail,Yes,Local intent,Semrush
the meridian apartments jacksonville fl,140,28,1.53,100.8,Easy,Commercial,City + Apartments,Jacksonville,Yes,Yes,T2,5,Long Tail,Yes,Local intent,Semrush
five thousand town,140,29,0.95,99.4,Easy,Commercial,General / Other,Jacksonville,No,Yes,T2,3,Long Tail,No,No local relevance,Semrush
luxury apartments jacksonville beach,170,42,2.2,98.6,Medium,Commercial,Luxury,Jacksonville,Yes,Yes,T2,4,Long Tail,Yes,Local intent,Semrush
apartments north jacksonville fl,140,30,2.31,98.0,Easy,Commercial,City + Apartments,Jacksonville,Yes,Yes,T2,4,Long Tail,Yes,Local intent,Semrush
east arlington jacksonville,140,30,0.31,98.0,Easy,Commercial,Out of Market,Jacksonville,No,Yes,T2,3,Long Tail,No,Wrong market/submarket,Semrush
apartments on the northside of jacksonville,140,31,2.08,96.6,Medium,Commercial,Out of Market,Jacksonville,Yes,Yes,T2,6,Long Tail,No,Wrong market/submarket,Semrush
apartments near atlee avenue jacksonville fl,110,14,0.0,94.6,Very Easy,Transactional,Near Landmark,Jacksonville,Yes,Yes,T2,6,Long Tail,Yes,Local intent,Semrush
mandarin arms apartments,110,14,0.88,94.6,Very Easy,Commercial,Out of Market,Jacksonville,No,Yes,T2,3,Long Tail,No,Wrong market/submarket,Semrush
kernan gardens apartments,110,16,0.0,92.4,Easy,Commercial,Bedroom Type,Jacksonville,No,Yes,T2,3,Long Tail,Yes,Local intent,Semrush
downtown jacksonville apartments for rent,140,35,2.18,91.0,Medium,Commercial,City + Apartments,Jacksonville,Yes,Yes,T2,5,Long Tail,Yes,Local intent,Semrush
apartments near st johns town center jacksonville,110,18,2.59,90.2,Easy,Transactional,Near Landmark,Jacksonville,Yes,Yes,T2,7,Long Tail,Yes,Local intent,Semrush
corner on main jacksonville fl,140,36,0.96,89.6,Medium,Commercial,General / Other,Jacksonville,Yes,Yes,T2,5,Long Tail,Yes,Local intent,Semrush
kernan blvd jacksonville,110,19,0.0,89.1,Easy,Commercial,General / Other,Jacksonville,No,Yes,T2,3,Long Tail,Yes,Local intent,Semrush
kernan boulevard jacksonville fl,110,19,0.0,89.1,Easy,Commercial,General / Other,Jacksonville,Yes,Yes,T2,4,Long Tail,Yes,Local intent,Semrush
loft apartments in jacksonville fl,110,19,1.22,89.1,Easy,Commercial,Property / Renter Type,Jacksonville,Yes,Yes,T2,5,Long Tail,Yes,Local intent,Semrush
luxury apartments jacksonville beach fl,140,38,2.2,86.8,Medium,Commercial,Luxury,Jacksonville,Yes,Yes,T2,5,Long Tail,Yes,Local intent,Semrush
apartments near downtown jacksonville,140,39,2.49,85.4,Medium,Transactional,Near Landmark,Jacksonville,Yes,Yes,T2,4,Long Tail,Yes,Local intent,Semrush
apartments near the beach in jacksonville fl,110,23,2.37,84.7,Easy,Transactional,Near Landmark,Jacksonville,Yes,Yes,T2,7,Long Tail,Yes,Local intent,Semrush
northlake apartments jacksonville fl 32218,110,23,1.76,84.7,Easy,Commercial,Out of Market,Jacksonville,Yes,Yes,T2,5,Long Tail,No,Wrong market/submarket,Semrush
meridian apartments jacksonville,110,24,1.53,83.6,Easy,Commercial,City + Apartments,Jacksonville,No,Yes,T2,3,Long Tail,Yes,Local intent,Semrush
northlake apts jacksonville fl,110,24,1.76,83.6,Easy,Commercial,City + Apartments,Jacksonville,Yes,Yes,T2,4,Long Tail,Yes,Local intent,Semrush
studio apartments for rent in jacksonville fl,110,24,0.98,83.6,Easy,Commercial,Bedroom Type,Jacksonville,Yes,Yes,T2,7,Long Tail,Yes,Local intent,Semrush
apartments for rent southside jacksonville fl,110,25,3.08,82.5,Easy,Commercial,City + Apartments,Jacksonville,Yes,Yes,T2,6,Long Tail,Yes,Local intent,Semrush
cottage at north beach apartments,110,25,0.47,82.5,Easy,Navigational,Competitor (North Beach on Kernan),Jacksonville,Yes,Yes,T2,5,Gap,Yes,Top competitor - comparison/gap,Semrush
apartments on beach blvd,110,26,1.74,81.4,Easy,Commercial,City + Apartments,Jacksonville,Yes,Yes,T2,4,Long Tail,Yes,Local intent,Semrush
aston town center,110,27,1.92,80.3,Easy,Commercial,General / Other,Jacksonville,No,Yes,T2,3,Long Tail,Yes,Local intent,Semrush
jacksonville apartments for rent cheap,110,27,0.71,80.3,Easy,Commercial,Price / Budget,Jacksonville,Yes,Yes,T2,5,Long Tail,Yes,Local intent,Semrush
neptune beach apartments jacksonville fl,110,27,0.96,80.3,Easy,Commercial,City + Apartments,Jacksonville,Yes,Yes,T2,5,Long Tail,Yes,Local intent,Semrush
the carling jacksonville,110,27,0.96,80.3,Easy,Commercial,General / Other,Jacksonville,No,Yes,T2,3,Long Tail,Yes,Local intent,Semrush
apartments near jax beach,110,28,2.16,79.2,Easy,Transactional,Near Landmark,Jacksonville,Yes,Yes,T2,4,Long Tail,Yes,Local intent,Semrush
apartments on kernan blvd,90,13,1.76,78.3,Very Easy,Commercial,City + Apartments,Jacksonville,Yes,Yes,T2,4,Long Tail,Yes,Local intent,Semrush
apartments jax beach,110,29,1.82,78.1,Easy,Commercial,City + Apartments,Jacksonville,No,Yes,T2,3,Long Tail,Yes,Local intent,Semrush
gran bay apartments jacksonville,110,29,1.08,78.1,Easy,Commercial,City + Apartments,Jacksonville,Yes,Yes,T2,4,Long Tail,Yes,Local intent,Semrush
affordable apartments for rent in jacksonville fl,110,30,0.71,77.0,Easy,Commercial,Price / Budget,Jacksonville,Yes,Yes,T2,7,Long Tail,Yes,Local intent,Semrush
mirage on kernan apartments,110,30,1.06,77.0,Easy,Navigational,Competitor (Mirage on Kernan),Jacksonville,Yes,Yes,T2,4,Gap,Yes,Top competitor - comparison/gap,Semrush
3591 kernan blvd s jacksonville fl,90,15,0.38,76.5,Very Easy,Commercial,Address / Navigational,Jacksonville,Yes,Yes,T2,6,Long Tail,No,No article intent,Semrush
northside apartments jacksonville fl,90,15,2.31,76.5,Very Easy,Commercial,Out of Market,Jacksonville,Yes,Yes,T2,4,Long Tail,No,Wrong market/submarket,Semrush
apartments on kernan,110,31,1.64,75.9,Medium,Commercial,City + Apartments,Jacksonville,No,Yes,T2,3,Long Tail,Yes,Local intent,Semrush
jacksonville apartments near unf,110,31,2.19,75.9,Medium,Transactional,Near Landmark,Jacksonville,Yes,Yes,T2,4,Long Tail,Yes,Local intent,Semrush
the loft jax fl,110,31,0.89,75.9,Medium,Commercial,Property / Renter Type,Jacksonville,Yes,Yes,T2,4,Long Tail,Yes,Local intent,Semrush
kernan blvd,110,32,0.0,74.8,Medium,Commercial,General / Other,Jacksonville,No,Yes,T2,2,Long Tail,Yes,Local intent,Semrush
apartments near mayo clinic jacksonville,90,17,1.78,74.7,Easy,Transactional,Near Landmark,Jacksonville,Yes,Yes,T2,5,Long Tail,Yes,Local intent,Semrush
2 bedroom apartments for rent in jacksonville fl,90,18,4.15,73.8,Easy,Commercial,Bedroom Type,Jacksonville,Yes,Yes,T2,8,Long Tail,Yes,Local intent,Semrush
kernan boulevard,90,18,0.0,73.8,Easy,Commercial,General / Other,Jacksonville,No,Yes,T2,2,Long Tail,Yes,Local intent,Semrush
east jacksonville,110,33,2.23,73.7,Medium,Commercial,General / Other,Jacksonville,No,Yes,T2,2,Long Tail,Yes,Local intent,Semrush
the loft jax,110,33,0.89,73.7,Medium,Commercial,Property / Renter Type,Jacksonville,No,Yes,T2,3,Long Tail,Yes,Local intent,Semrush
apartments for rent downtown jacksonville fl,110,34,2.28,72.6,Medium,Commercial,City + Apartments,Jacksonville,Yes,Yes,T2,6,Long Tail,Yes,Local intent,Semrush
apartments for rent riverside jacksonville,110,34,1.3,72.6,Medium,Commercial,Out of Market,Jacksonville,Yes,Yes,T2,5,Long Tail,No,Wrong market/submarket,Semrush
1 bedroom apartments for rent jacksonville fl,90,20,2.76,72.0,Easy,Commercial,Bedroom Type,Jacksonville,Yes,Yes,T2,7,Long Tail,Yes,Local intent,Semrush
jacksonville beach apartments for rent,110,38,1.81,68.2,Medium,Commercial,City + Apartments,Jacksonville,Yes,Yes,T2,5,Long Tail,Yes,Local intent,Semrush
apartments for rent southside jacksonville,90,26,3.93,66.6,Easy,Commercial,City + Apartments,Jacksonville,Yes,Yes,T2,5,Long Tail,Yes,Local intent,Semrush
beachfront apartments jacksonville fl,110,40,1.82,66.0,Medium,Commercial,City + Apartments,Jacksonville,Yes,Yes,T2,4,Long Tail,Yes,Local intent,Semrush
apartments near mayo clinic,70,7,1.06,65.1,Very Easy,Transactional,Near Landmark,Jacksonville,Yes,Yes,T2,4,Long Tail,Yes,Local intent,Semrush
jacksonville 1 bedroom apartments for rent,90,28,2.53,64.8,Easy,Commercial,Bedroom Type,Jacksonville,Yes,Yes,T2,6,Long Tail,Yes,Local intent,Semrush
apartments for rent in southside jacksonville,90,29,3.93,63.9,Easy,Commercial,City + Apartments,Jacksonville,Yes,Yes,T2,6,Long Tail,Yes,Local intent,Semrush
the beach house jacksonville,90,29,1.71,63.9,Easy,Commercial,General / Other,Jacksonville,Yes,Yes,T2,4,Long Tail,Yes,Local intent,Semrush
apartments near town center jacksonville fl,110,43,2.6,62.7,Medium,Transactional,Near Landmark,Jacksonville,Yes,Yes,T2,6,Long Tail,Yes,Local intent,Semrush
apartments for rent in south jacksonville fl,90,31,3.93,62.1,Medium,Commercial,City + Apartments,Jacksonville,Yes,Yes,T2,7,Long Tail,Yes,Local intent,Semrush
jacksonville beach apartment,90,32,1.88,61.2,Medium,Commercial,City + Apartments,Jacksonville,No,Yes,T2,3,Long Tail,Yes,Local intent,Semrush
apartments for rent jacksonville fl under $1000,70,15,0.95,59.5,Very Easy,Commercial,Address / Navigational,Jacksonville,Yes,Yes,T2,7,Long Tail,No,No article intent,Semrush
new apartments in jacksonville,110,46,2.22,59.4,Hard,Commercial,Property / Renter Type,Jacksonville,Yes,Yes,T2,4,Long Tail,Yes,Local intent,Semrush
apartments for rent san marco jacksonville,90,37,2.27,56.7,Medium,Commercial,Out of Market,Jacksonville,Yes,Yes,T2,6,Long Tail,No,Wrong market/submarket,Semrush
pet friendly apartments for rent in jacksonville fl,70,19,0.89,56.7,Easy,Commercial,Pet Friendly,Jacksonville,Yes,Yes,T2,8,Long Tail,Yes,Local intent,Semrush
studio apartments for rent jacksonville,70,20,0.94,56.0,Easy,Commercial,Bedroom Type,Jacksonville,Yes,Yes,T2,5,Long Tail,Yes,Local intent,Semrush
apartments on beach boulevard,90,38,1.74,55.8,Medium,Commercial,City + Apartments,Jacksonville,Yes,Yes,T2,4,Long Tail,Yes,Local intent,Semrush
apartments for rent in northside jacksonville,70,26,1.67,51.8,Easy,Commercial,Out of Market,Jacksonville,Yes,Yes,T2,6,Long Tail,No,Wrong market/submarket,Semrush
luxury apartments for rent in jacksonville fl,70,27,2.89,51.1,Easy,Commercial,Luxury,Jacksonville,Yes,Yes,T2,7,Long Tail,Yes,Local intent,Semrush
one bedroom apartments for rent in jacksonville fl,70,27,2.76,51.1,Easy,Commercial,Bedroom Type,Jacksonville,Yes,Yes,T2,8,Long Tail,Yes,Local intent,Semrush
cheap apartments for rent in jacksonville,70,30,0.71,49.0,Easy,Commercial,Price / Budget,Jacksonville,Yes,Yes,T2,6,Long Tail,Yes,Local intent,Semrush
apartments for rent under 1000 in jacksonville fl,50,10,0.0,45.0,Very Easy,Commercial,Address / Navigational,Jacksonville,Yes,Yes,T2,8,Long Tail,No,No article intent,Semrush
apartments for rent under 800 in jacksonville fl,50,10,0.0,45.0,Very Easy,Commercial,Price / Budget,Jacksonville,Yes,Yes,T2,8,Long Tail,Yes,Local intent,Semrush
2 bedroom apartments for rent jacksonville,50,12,4.15,44.0,Very Easy,Commercial,Bedroom Type,Jacksonville,Yes,Yes,T2,6,Long Tail,Yes,Local intent,Semrush
jacksonville 2 bedroom apartments for rent,50,19,4.6,40.5,Easy,Commercial,Bedroom Type,Jacksonville,Yes,Yes,T2,6,Long Tail,Yes,Local intent,Semrush
apartments for rent in jacksonville fl with virtual tours,40,0,0.0,40.0,Very Easy,Commercial,City + Apartments,Jacksonville,Yes,Yes,T2,9,Long Tail,Yes,Local intent,Semrush
jacksonville studio apartment for rent,50,20,0.98,40.0,Easy,Commercial,Bedroom Type,Jacksonville,Yes,Yes,T2,5,Long Tail,Yes,Local intent,Semrush
apartments for rent mandarin jacksonville,70,45,2.14,38.5,Medium,Commercial,Out of Market,Jacksonville,Yes,Yes,T2,5,Long Tail,No,Wrong market/submarket,Semrush
apartments for rent in riverside jacksonville fl,50,24,1.27,38.0,Easy,Commercial,Out of Market,Jacksonville,Yes,Yes,T2,7,Long Tail,No,Wrong market/submarket,Semrush
2 bedroom apartments for rent in jacksonville,40,12,4.15,35.2,Very Easy,Commercial,Bedroom Type,Jacksonville,Yes,Yes,T2,7,Long Tail,Yes,Local intent,Semrush
apartments for rent northside jacksonville fl,50,31,2.14,34.5,Medium,Commercial,Out of Market,Jacksonville,Yes,Yes,T2,6,Long Tail,No,Wrong market/submarket,Semrush
apartments near town center jacksonville,70,51,2.53,34.3,Hard,Transactional,Near Landmark,Jacksonville,Yes,Yes,T2,5,Long Tail,Yes,Local intent,Semrush
2 bedroom apartment for rent jacksonville,40,16,4.15,33.6,Easy,Commercial,Bedroom Type,Jacksonville,Yes,Yes,T2,6,Long Tail,Yes,Local intent,Semrush
jacksonville furnished apartments for rent,40,19,1.88,32.4,Easy,Commercial,Property / Renter Type,Jacksonville,Yes,Yes,T2,5,Long Tail,Yes,Local intent,Semrush
apartments for rent in jacksonville fl 32225,40,22,1.88,31.2,Easy,Commercial,Out of Market,Jacksonville,Yes,Yes,T2,7,Long Tail,No,Wrong market/submarket,Semrush
two bedroom apartment for rent jacksonville,40,22,4.15,31.2,Easy,Commercial,Bedroom Type,Jacksonville,Yes,Yes,T2,6,Long Tail,Yes,Local intent,Semrush
furnished apartments in jacksonville fl for rent,40,23,1.88,30.8,Easy,Commercial,Property / Renter Type,Jacksonville,Yes,Yes,T2,7,Long Tail,Yes,Local intent,Semrush
apartments for rent mandarin jacksonville fl,40,28,1.92,28.8,Easy,Commercial,Out of Market,Jacksonville,Yes,Yes,T2,6,Long Tail,No,Wrong market/submarket,Semrush
2 bedroom apartments for rent jacksonville fl,30,11,4.15,26.7,Very Easy,Commercial,Bedroom Type,Jacksonville,Yes,Yes,T2,7,Long Tail,Yes,Local intent,Semrush
short term lease jacksonville fl,30,12,1.92,26.4,Very Easy,Commercial,Property / Renter Type,Jacksonville,Yes,Yes,T2,5,Long Tail,Yes,Local intent,Semrush
1 bedroom apartments for rent jacksonville,30,17,2.76,24.9,Easy,Commercial,Bedroom Type,Jacksonville,Yes,Yes,T2,6,Long Tail,Yes,Local intent,Semrush
apartments for rent avondale jacksonville fl,30,18,2.04,24.6,Easy,Commercial,Out of Market,Jacksonville,Yes,Yes,T2,6,Long Tail,No,Wrong market/submarket,Semrush
apartments with garages jacksonville fl,30,23,2.22,23.1,Easy,Commercial,Amenity,Jacksonville,Yes,Yes,T2,5,Long Tail,Yes,Local intent,Semrush
gated apartments jacksonville fl,20,0,2.38,20.0,Very Easy,Commercial,Amenity,Jacksonville,Yes,Yes,T2,4,Long Tail,Yes,Local intent,Semrush
is east arlington jacksonville safe,20,0,0,20.0,Very Easy,Commercial,Out of Market,Jacksonville,Yes,Yes,T2,5,Long Tail,No,Wrong market/submarket,Semrush
lux at sorrel reviews,20,0,0,20.0,Very Easy,Navigational,Branded,Jacksonville,Yes,Yes,T2,4,Quick Win,Yes,Own brand,Semrush
sorrel apartments reviews,20,0,0,20.0,Very Easy,Navigational,Branded,Jacksonville,No,Yes,T2,3,Quick Win,Yes,Own brand,Semrush
1 bedroom apartments east arlington,0,0,0.0,0.0,Very Easy,Commercial,Out of Market,Jacksonville,Yes,Yes,T2,5,Long Tail,No,Wrong market/submarket,Generated (AEO)
1 bedroom apartments jacksonville under 1500,0,0,0.0,0.0,Very Easy,Commercial,Address / Navigational,Jacksonville,Yes,Yes,T2,6,Long Tail,No,No article intent,Generated (AEO)
1 bedroom apartments kernan blvd,0,0,0.0,0.0,Very Easy,Commercial,Bedroom Type,Jacksonville,Yes,Yes,T2,5,Long Tail,Yes,Intent-generated long-tail (unverified volume - AEO target),Generated (AEO)
1 bedroom apartments near beach blvd,0,0,0.0,0.0,Very Easy,Transactional,Near Landmark,Jacksonville,Yes,Yes,T2,6,Long Tail,Yes,Intent-generated long-tail (unverified volume - AEO target),Generated (AEO)
1 bedroom apartments near jacksonville beaches,0,0,0.0,0.0,Very Easy,Transactional,Near Landmark,Jacksonville,Yes,Yes,T2,6,Long Tail,Yes,Intent-generated long-tail (unverified volume - AEO target),Generated (AEO)
1 bedroom apartments near mayo clinic,0,0,0.0,0.0,Very Easy,Transactional,Near Landmark,Jacksonville,Yes,Yes,T2,6,Long Tail,Yes,Intent-generated long-tail (unverified volume - AEO target),Generated (AEO)
1 bedroom apartments near st johns town center,0,0,0.0,0.0,Very Easy,Transactional,Near Landmark,Jacksonville,Yes,Yes,T2,8,Long Tail,Yes,Intent-generated long-tail (unverified volume - AEO target),Generated (AEO)
1 bedroom apartments near unf,0,0,0.0,0.0,Very Easy,Transactional,Near Landmark,Jacksonville,Yes,Yes,T2,5,Long Tail,Yes,Intent-generated long-tail (unverified volume - AEO target),Generated (AEO)
1 bedroom apartments st johns town center,0,0,0.0,0.0,Very Easy,Commercial,Bedroom Type,Jacksonville,Yes,Yes,T2,7,Long Tail,Yes,Intent-generated long-tail (unverified volume - AEO target),Generated (AEO)
1 bedroom pet friendly apartments jacksonville,0,0,0.0,0.0,Very Easy,Commercial,Bedroom Type,Jacksonville,Yes,Yes,T2,6,Long Tail,Yes,Intent-generated long-tail (unverified volume - AEO target),Generated (AEO)
2 bedroom apartments east arlington,0,0,0.0,0.0,Very Easy,Commercial,Out of Market,Jacksonville,Yes,Yes,T2,5,Long Tail,No,Wrong market/submarket,Generated (AEO)
2 bedroom apartments jacksonville under 1500,0,0,0.0,0.0,Very Easy,Commercial,Address / Navigational,Jacksonville,Yes,Yes,T2,6,Long Tail,No,No article intent,Generated (AEO)
2 bedroom apartments kernan blvd,0,0,0.0,0.0,Very Easy,Commercial,Bedroom Type,Jacksonville,Yes,Yes,T2,5,Long Tail,Yes,Intent-generated long-tail (unverified volume - AEO target),Generated (AEO)
2 bedroom apartments near mayo clinic,0,0,0.0,0.0,Very Easy,Transactional,Near Landmark,Jacksonville,Yes,Yes,T2,6,Long Tail,Yes,Intent-generated long-tail (unverified volume - AEO target),Generated (AEO)
2 bedroom apartments near st johns town center,0,0,0.0,0.0,Very Easy,Transactional,Near Landmark,Jacksonville,Yes,Yes,T2,8,Long Tail,Yes,Intent-generated long-tail (unverified volume - AEO target),Generated (AEO)
2 bedroom apartments near unf,0,0,0.0,0.0,Very Easy,Transactional,Near Landmark,Jacksonville,Yes,Yes,T2,5,Long Tail,Yes,Intent-generated long-tail (unverified volume - AEO target),Generated (AEO)
2 bedroom apartments st johns town center,0,0,0.0,0.0,Very Easy,Commercial,Bedroom Type,Jacksonville,Yes,Yes,T2,7,Long Tail,Yes,Intent-generated long-tail (unverified volume - AEO target),Generated (AEO)
2 bedroom pet friendly apartments jacksonville,0,0,0.0,0.0,Very Easy,Commercial,Bedroom Type,Jacksonville,Yes,Yes,T2,6,Long Tail,Yes,Intent-generated long-tail (unverified volume - AEO target),Generated (AEO)
3 bedroom apartments for rent jacksonville,0,0,0.0,0.0,Very Easy,Commercial,Bedroom Type,Jacksonville,Yes,Yes,T2,6,Long Tail,Yes,Intent-generated long-tail (unverified volume - AEO target),Generated (AEO)
3 bedroom apartments jacksonville under 1500,0,0,0.0,0.0,Very Easy,Commercial,Address / Navigational,Jacksonville,Yes,Yes,T2,6,Long Tail,No,No article intent,Generated (AEO)
3 bedroom apartments near mayo clinic,0,0,0.0,0.0,Very Easy,Transactional,Near Landmark,Jacksonville,Yes,Yes,T2,6,Long Tail,Yes,Intent-generated long-tail (unverified volume - AEO target),Generated (AEO)
3 bedroom apartments near st johns town center,0,0,0.0,0.0,Very Easy,Transactional,Near Landmark,Jacksonville,Yes,Yes,T2,8,Long Tail,Yes,Intent-generated long-tail (unverified volume - AEO target),Generated (AEO)
3 bedroom apartments near unf,0,0,0.0,0.0,Very Easy,Transactional,Near Landmark,Jacksonville,Yes,Yes,T2,5,Long Tail,Yes,Intent-generated long-tail (unverified volume - AEO target),Generated (AEO)
3 bedroom pet friendly apartments jacksonville,0,0,0.0,0.0,Very Easy,Commercial,Bedroom Type,Jacksonville,Yes,Yes,T2,6,Long Tail,Yes,Intent-generated long-tail (unverified volume - AEO target),Generated (AEO)
all in cost of renting in jacksonville,0,0,0.0,0.0,Very Easy,Commercial,General / Other,Jacksonville,Yes,Yes,T2,7,Long Tail,Yes,Intent-generated long-tail (unverified volume - AEO target),Generated (AEO)
apartment application fees jacksonville,0,0,0.0,0.0,Very Easy,Commercial,City + Apartments,Jacksonville,Yes,Yes,T2,4,Long Tail,Yes,Intent-generated long-tail (unverified volume - AEO target),Generated (AEO)
apartment vs townhome renting,0,0,0.0,0.0,Very Easy,Commercial,Property / Renter Type,Jacksonville,Yes,Yes,T2,4,Long Tail,Yes,Intent-generated long-tail (unverified volume - AEO target),Generated (AEO)
apartments for commuters jacksonville,0,0,0.0,0.0,Very Easy,Commercial,City + Apartments,Jacksonville,Yes,Yes,T2,4,Long Tail,Yes,Intent-generated long-tail (unverified volume - AEO target),Generated (AEO)
apartments for graduate students jacksonville,0,0,0.0,0.0,Very Easy,Commercial,Bedroom Type,Jacksonville,Yes,Yes,T2,5,Long Tail,Yes,Intent-generated long-tail (unverified volume - AEO target),Generated (AEO)
apartments for pet owners jacksonville,0,0,0.0,0.0,Very Easy,Commercial,Pet Friendly,Jacksonville,Yes,Yes,T2,5,Long Tail,Yes,Intent-generated long-tail (unverified volume - AEO target),Generated (AEO)
apartments for remote workers jacksonville,0,0,0.0,0.0,Very Easy,Commercial,City + Apartments,Jacksonville,Yes,Yes,T2,5,Long Tail,Yes,Intent-generated long-tail (unverified volume - AEO target),Generated (AEO)
apartments for travel nurses jacksonville,0,0,0.0,0.0,Very Easy,Commercial,City + Apartments,Jacksonville,Yes,Yes,T2,5,Long Tail,Yes,Intent-generated long-tail (unverified volume - AEO target),Generated (AEO)
apartments for young professionals jacksonville,0,0,0.0,0.0,Very Easy,Commercial,City + Apartments,Jacksonville,Yes,Yes,T2,5,Long Tail,Yes,Intent-generated long-tail (unverified volume - AEO target),Generated (AEO)
apartments in east arlington,0,0,0.0,0.0,Very Easy,Commercial,Out of Market,Jacksonville,Yes,Yes,T2,4,Long Tail,No,Wrong market/submarket,Generated (AEO)
apartments in kernan blvd,0,0,0.0,0.0,Very Easy,Commercial,City + Apartments,Jacksonville,Yes,Yes,T2,4,Long Tail,Yes,Intent-generated long-tail (unverified volume - AEO target),Generated (AEO)
apartments in st johns town center,0,0,0.0,0.0,Very Easy,Commercial,City + Apartments,Jacksonville,Yes,Yes,T2,6,Long Tail,Yes,Intent-generated long-tail (unverified volume - AEO target),Generated (AEO)
apartments jacksonville under 1200,0,0,0.0,0.0,Very Easy,Commercial,Address / Navigational,Jacksonville,Yes,Yes,T2,4,Long Tail,No,No article intent,Generated (AEO)
apartments jacksonville under 1500,0,0,0.0,0.0,Very Easy,Commercial,Address / Navigational,Jacksonville,Yes,Yes,T2,4,Long Tail,No,No article intent,Generated (AEO)
apartments jacksonville under 2000,0,0,0.0,0.0,Very Easy,Commercial,Address / Navigational,Jacksonville,Yes,Yes,T2,4,Long Tail,No,No article intent,Generated (AEO)
apartments near beach blvd,0,0,0.0,0.0,Very Easy,Transactional,Near Landmark,Jacksonville,Yes,Yes,T2,4,Long Tail,Yes,Intent-generated long-tail (unverified volume - AEO target),Generated (AEO)
apartments near jacksonville beaches,0,0,0.0,0.0,Very Easy,Transactional,Near Landmark,Jacksonville,Yes,Yes,T2,4,Long Tail,Yes,Intent-generated long-tail (unverified volume - AEO target),Generated (AEO)
apartments that allow large dogs jacksonville,0,0,0.0,0.0,Very Easy,Commercial,Out of Market,Jacksonville,Yes,Yes,T2,6,Long Tail,No,Wrong market/submarket,Generated (AEO)
apartments with dog park east arlington,0,0,0.0,0.0,Very Easy,Commercial,Out of Market,Jacksonville,Yes,Yes,T2,6,Long Tail,No,Wrong market/submarket,Generated (AEO)
apartments with dog park jacksonville,0,0,0.0,0.0,Very Easy,Commercial,Pet Friendly,Jacksonville,Yes,Yes,T2,5,Long Tail,Yes,Intent-generated long-tail (unverified volume - AEO target),Generated (AEO)
apartments with dog park kernan blvd,0,0,0.0,0.0,Very Easy,Commercial,Pet Friendly,Jacksonville,Yes,Yes,T2,6,Long Tail,Yes,Intent-generated long-tail (unverified volume - AEO target),Generated (AEO)
apartments with garages east arlington,0,0,0.0,0.0,Very Easy,Commercial,Out of Market,Jacksonville,Yes,Yes,T2,5,Long Tail,No,Wrong market/submarket,Generated (AEO)
apartments with garages jacksonville,0,0,0.0,0.0,Very Easy,Commercial,Amenity,Jacksonville,Yes,Yes,T2,4,Long Tail,Yes,Intent-generated long-tail (unverified volume - AEO target),Generated (AEO)
apartments with garages kernan blvd,0,0,0.0,0.0,Very Easy,Commercial,Amenity,Jacksonville,Yes,Yes,T2,5,Long Tail,Yes,Intent-generated long-tail (unverified volume - AEO target),Generated (AEO)
apartments with in unit washer and dryer east arlington,0,0,0.0,0.0,Very Easy,Commercial,Out of Market,Jacksonville,Yes,Yes,T2,9,Long Tail,No,Wrong market/submarket,Generated (AEO)
apartments with in unit washer and dryer jacksonville,0,0,0.0,0.0,Very Easy,Commercial,Amenity,Jacksonville,Yes,Yes,T2,8,Long Tail,Yes,Intent-generated long-tail (unverified volume - AEO target),Generated (AEO)
apartments with in unit washer and dryer kernan blvd,0,0,0.0,0.0,Very Easy,Commercial,Amenity,Jacksonville,Yes,Yes,T2,9,Long Tail,Yes,Intent-generated long-tail (unverified volume - AEO target),Generated (AEO)
apartments with move in specials jacksonville,0,0,0.0,0.0,Very Easy,Commercial,Price / Budget,Jacksonville,Yes,Yes,T2,6,Long Tail,Yes,Intent-generated long-tail (unverified volume - AEO target),Generated (AEO)
apartments with pet wash station east arlington,0,0,0.0,0.0,Very Easy,Commercial,Out of Market,Jacksonville,Yes,Yes,T2,7,Long Tail,No,Wrong market/submarket,Generated (AEO)
apartments with pet wash station jacksonville,0,0,0.0,0.0,Very Easy,Commercial,Pet Friendly,Jacksonville,Yes,Yes,T2,6,Long Tail,Yes,Intent-generated long-tail (unverified volume - AEO target),Generated (AEO)
apartments with pet wash station kernan blvd,0,0,0.0,0.0,Very Easy,Commercial,Pet Friendly,Jacksonville,Yes,Yes,T2,7,Long Tail,Yes,Intent-generated long-tail (unverified volume - AEO target),Generated (AEO)
apartments with resort style pool east arlington,0,0,0.0,0.0,Very Easy,Commercial,Out of Market,Jacksonville,Yes,Yes,T2,7,Long Tail,No,Wrong market/submarket,Generated (AEO)
apartments with resort style pool jacksonville,0,0,0.0,0.0,Very Easy,Commercial,Luxury,Jacksonville,Yes,Yes,T2,6,Long Tail,Yes,Intent-generated long-tail (unverified volume - AEO target),Generated (AEO)
apartments with resort style pool kernan blvd,0,0,0.0,0.0,Very Easy,Commercial,Luxury,Jacksonville,Yes,Yes,T2,7,Long Tail,Yes,Intent-generated long-tail (unverified volume - AEO target),Generated (AEO)
apartments with same day approval jacksonville,0,0,0.0,0.0,Very Easy,Commercial,City + Apartments,Jacksonville,Yes,Yes,T2,6,Long Tail,Yes,Intent-generated long-tail (unverified volume - AEO target),Generated (AEO)
apartments with two fitness centers east arlington,0,0,0.0,0.0,Very Easy,Commercial,Out of Market,Jacksonville,Yes,Yes,T2,7,Long Tail,No,Wrong market/submarket,Generated (AEO)
apartments with two fitness centers jacksonville,0,0,0.0,0.0,Very Easy,Commercial,Amenity,Jacksonville,Yes,Yes,T2,6,Long Tail,Yes,Intent-generated long-tail (unverified volume - AEO target),Generated (AEO)
apartments with two fitness centers kernan blvd,0,0,0.0,0.0,Very Easy,Commercial,Amenity,Jacksonville,Yes,Yes,T2,7,Long Tail,Yes,Intent-generated long-tail (unverified volume - AEO target),Generated (AEO)
apartments with two pools east arlington,0,0,0.0,0.0,Very Easy,Commercial,Out of Market,Jacksonville,Yes,Yes,T2,6,Long Tail,No,Wrong market/submarket,Generated (AEO)
apartments with two pools jacksonville,0,0,0.0,0.0,Very Easy,Commercial,Amenity,Jacksonville,Yes,Yes,T2,5,Long Tail,Yes,Intent-generated long-tail (unverified volume - AEO target),Generated (AEO)
apartments with two pools kernan blvd,0,0,0.0,0.0,Very Easy,Commercial,Amenity,Jacksonville,Yes,Yes,T2,6,Long Tail,Yes,Intent-generated long-tail (unverified volume - AEO target),Generated (AEO)
apartments within walking distance of beach blvd,0,0,0.0,0.0,Very Easy,Transactional,Near Landmark,Jacksonville,Yes,Yes,T2,7,Long Tail,Yes,Intent-generated long-tail (unverified volume - AEO target),Generated (AEO)
apartments within walking distance of jacksonville beaches,0,0,0.0,0.0,Very Easy,Transactional,Near Landmark,Jacksonville,Yes,Yes,T2,7,Long Tail,Yes,Intent-generated long-tail (unverified volume - AEO target),Generated (AEO)
apartments within walking distance of mayo clinic,0,0,0.0,0.0,Very Easy,Transactional,Near Landmark,Jacksonville,Yes,Yes,T2,7,Long Tail,Yes,Intent-generated long-tail (unverified volume - AEO target),Generated (AEO)
apartments within walking distance of st johns town center,0,0,0.0,0.0,Very Easy,Transactional,Near Landmark,Jacksonville,Yes,Yes,T2,9,Long Tail,Yes,Intent-generated long-tail (unverified volume - AEO target),Generated (AEO)
apartments within walking distance of unf,0,0,0.0,0.0,Very Easy,Transactional,Near Landmark,Jacksonville,Yes,Yes,T2,6,Long Tail,Yes,Intent-generated long-tail (unverified volume - AEO target),Generated (AEO)
average rent east arlington,0,0,0.0,0.0,Very Easy,Commercial,Out of Market,Jacksonville,Yes,Yes,T2,4,Long Tail,No,Wrong market/submarket,Generated (AEO)
average rent kernan blvd,0,0,0.0,0.0,Very Easy,Commercial,Price / Budget,Jacksonville,Yes,Yes,T2,4,Long Tail,Yes,Intent-generated long-tail (unverified volume - AEO target),Generated (AEO)
average rent st johns town center,0,0,0.0,0.0,Very Easy,Commercial,Price / Budget,Jacksonville,Yes,Yes,T2,6,Long Tail,Yes,Intent-generated long-tail (unverified volume - AEO target),Generated (AEO)
best apartments in jacksonville for commuters,0,0,0.0,0.0,Very Easy,Commercial,Luxury,Jacksonville,Yes,Yes,T2,6,Long Tail,Yes,Intent-generated long-tail (unverified volume - AEO target),Generated (AEO)
best apartments in jacksonville for graduate students,0,0,0.0,0.0,Very Easy,Commercial,Bedroom Type,Jacksonville,Yes,Yes,T2,7,Long Tail,Yes,Intent-generated long-tail (unverified volume - AEO target),Generated (AEO)
best apartments in jacksonville for pet owners,0,0,0.0,0.0,Very Easy,Commercial,Luxury,Jacksonville,Yes,Yes,T2,7,Long Tail,Yes,Intent-generated long-tail (unverified volume - AEO target),Generated (AEO)
best apartments in jacksonville for remote workers,0,0,0.0,0.0,Very Easy,Commercial,Luxury,Jacksonville,Yes,Yes,T2,7,Long Tail,Yes,Intent-generated long-tail (unverified volume - AEO target),Generated (AEO)
best apartments in jacksonville for travel nurses,0,0,0.0,0.0,Very Easy,Commercial,Luxury,Jacksonville,Yes,Yes,T2,7,Long Tail,Yes,Intent-generated long-tail (unverified volume - AEO target),Generated (AEO)
best apartments in jacksonville for young professionals,0,0,0.0,0.0,Very Easy,Commercial,Luxury,Jacksonville,Yes,Yes,T2,7,Long Tail,Yes,Intent-generated long-tail (unverified volume - AEO target),Generated (AEO)
best apartments near beach blvd,0,0,0.0,0.0,Very Easy,Transactional,Near Landmark,Jacksonville,Yes,Yes,T2,5,Long Tail,Yes,Intent-generated long-tail (unverified volume - AEO target),Generated (AEO)
best apartments near jacksonville beaches,0,0,0.0,0.0,Very Easy,Transactional,Near Landmark,Jacksonville,Yes,Yes,T2,5,Long Tail,Yes,Intent-generated long-tail (unverified volume - AEO target),Generated (AEO)
best apartments near mayo clinic,0,0,0.0,0.0,Very Easy,Transactional,Near Landmark,Jacksonville,Yes,Yes,T2,5,Long Tail,Yes,Intent-generated long-tail (unverified volume - AEO target),Generated (AEO)
best apartments near st johns town center,0,0,0.0,0.0,Very Easy,Transactional,Near Landmark,Jacksonville,Yes,Yes,T2,7,Long Tail,Yes,Intent-generated long-tail (unverified volume - AEO target),Generated (AEO)
best apartments near unf,0,0,0.0,0.0,Very Easy,Transactional,Near Landmark,Jacksonville,Yes,Yes,T2,4,Long Tail,Yes,Intent-generated long-tail (unverified volume - AEO target),Generated (AEO)
best time of year to rent in jacksonville,0,0,0.0,0.0,Very Easy,Commercial,General / Other,Jacksonville,Yes,Yes,T2,8,Long Tail,Yes,Intent-generated long-tail (unverified volume - AEO target),Generated (AEO)
cheap apartments east arlington,0,0,0.0,0.0,Very Easy,Commercial,Out of Market,Jacksonville,Yes,Yes,T2,4,Long Tail,No,Wrong market/submarket,Generated (AEO)
cheap apartments kernan blvd,0,0,0.0,0.0,Very Easy,Commercial,Price / Budget,Jacksonville,Yes,Yes,T2,4,Long Tail,Yes,Intent-generated long-tail (unverified volume - AEO target),Generated (AEO)
cheap apartments near beach blvd,0,0,0.0,0.0,Very Easy,Transactional,Near Landmark,Jacksonville,Yes,Yes,T2,5,Long Tail,Yes,Intent-generated long-tail (unverified volume - AEO target),Generated (AEO)
cheap apartments near jacksonville beaches,0,0,0.0,0.0,Very Easy,Transactional,Near Landmark,Jacksonville,Yes,Yes,T2,5,Long Tail,Yes,Intent-generated long-tail (unverified volume - AEO target),Generated (AEO)
cheap apartments near mayo clinic,0,0,0.0,0.0,Very Easy,Transactional,Near Landmark,Jacksonville,Yes,Yes,T2,5,Long Tail,Yes,Intent-generated long-tail (unverified volume - AEO target),Generated (AEO)
cheap apartments near st johns town center,0,0,0.0,0.0,Very Easy,Transactional,Near Landmark,Jacksonville,Yes,Yes,T2,7,Long Tail,Yes,Intent-generated long-tail (unverified volume - AEO target),Generated (AEO)
cheap apartments near unf,0,0,0.0,0.0,Very Easy,Transactional,Near Landmark,Jacksonville,Yes,Yes,T2,4,Long Tail,Yes,Intent-generated long-tail (unverified volume - AEO target),Generated (AEO)
cheap apartments st johns town center,0,0,0.0,0.0,Very Easy,Commercial,Price / Budget,Jacksonville,Yes,Yes,T2,6,Long Tail,Yes,Intent-generated long-tail (unverified volume - AEO target),Generated (AEO)
ciel jax pricing,0,0,0.0,0.0,Very Easy,Navigational,Competitor (Ciel Jax),Jacksonville,No,Yes,T2,3,Gap,Yes,Intent-generated long-tail (unverified volume - AEO target),Generated (AEO)
ciel jax reviews,0,0,0.0,0.0,Very Easy,Navigational,Competitor (Ciel Jax),Jacksonville,No,Yes,T2,3,Gap,Yes,Intent-generated long-tail (unverified volume - AEO target),Generated (AEO)
ciel jax vs nearby apartments,0,0,0.0,0.0,Very Easy,Navigational,Competitor (Ciel Jax),Jacksonville,Yes,Yes,T2,5,Gap,Yes,Intent-generated long-tail (unverified volume - AEO target),Generated (AEO)
commute from east arlington to beach blvd,0,0,0.0,0.0,Very Easy,Commercial,Out of Market,Jacksonville,Yes,Yes,T2,7,Long Tail,No,Wrong market/submarket,Generated (AEO)
commute from east arlington to jacksonville beaches,0,0,0.0,0.0,Very Easy,Commercial,Out of Market,Jacksonville,Yes,Yes,T2,7,Long Tail,No,Wrong market/submarket,Generated (AEO)
commute from east arlington to mayo clinic,0,0,0.0,0.0,Very Easy,Commercial,Out of Market,Jacksonville,Yes,Yes,T2,7,Long Tail,No,Wrong market/submarket,Generated (AEO)
commute from east arlington to st johns town center,0,0,0.0,0.0,Very Easy,Commercial,Out of Market,Jacksonville,Yes,Yes,T2,9,Long Tail,No,Wrong market/submarket,Generated (AEO)
commute from east arlington to unf,0,0,0.0,0.0,Very Easy,Commercial,Out of Market,Jacksonville,Yes,Yes,T2,6,Long Tail,No,Wrong market/submarket,Generated (AEO)
corporate housing jacksonville,0,0,0.0,0.0,Very Easy,Commercial,General / Other,Jacksonville,No,Yes,T2,3,Long Tail,Yes,Intent-generated long-tail (unverified volume - AEO target),Generated (AEO)
does lux at sorrel have a pool,0,0,0.0,0.0,Very Easy,Navigational,Branded,Jacksonville,Yes,Yes,T2,7,Quick Win,Yes,Intent-generated long-tail (unverified volume - AEO target),Generated (AEO)
does sorrel have a pool,0,0,0.0,0.0,Very Easy,Navigational,Branded,Jacksonville,Yes,Yes,T2,5,Quick Win,Yes,Intent-generated long-tail (unverified volume - AEO target),Generated (AEO)
drift at town center east pricing,0,0,0.0,0.0,Very Easy,Navigational,Competitor (Drift at Town Center East),Jacksonville,Yes,Yes,T2,6,Gap,Yes,Intent-generated long-tail (unverified volume - AEO target),Generated (AEO)
drift at town center east reviews,0,0,0.0,0.0,Very Easy,Navigational,Competitor (Drift at Town Center East),Jacksonville,Yes,Yes,T2,6,Gap,Yes,Intent-generated long-tail (unverified volume - AEO target),Generated (AEO)
drift at town center east vs nearby apartments,0,0,0.0,0.0,Very Easy,Navigational,Competitor (Drift at Town Center East),Jacksonville,Yes,Yes,T2,8,Gap,Yes,Intent-generated long-tail (unverified volume - AEO target),Generated (AEO)
east arlington apartments for rent,0,0,0.0,0.0,Very Easy,Commercial,Out of Market,Jacksonville,Yes,Yes,T2,5,Long Tail,No,Wrong market/submarket,Generated (AEO)
first time renter guide jacksonville,0,0,0.0,0.0,Very Easy,Informational,Renter Education,Jacksonville,Yes,Yes,T2,5,Informational,Yes,Intent-generated long-tail (unverified volume - AEO target),Generated (AEO)
guest parking rules apartments jacksonville,0,0,0.0,0.0,Very Easy,Commercial,Amenity,Jacksonville,Yes,Yes,T2,5,Long Tail,Yes,Intent-generated long-tail (unverified volume - AEO target),Generated (AEO)
hidden fees when renting an apartment,0,0,0.0,0.0,Very Easy,Commercial,Bedroom Type,Jacksonville,Yes,Yes,T2,6,Long Tail,Yes,Intent-generated long-tail (unverified volume - AEO target),Generated (AEO)
how far is beach blvd from east arlington,0,0,0.0,0.0,Very Easy,Commercial,Out of Market,Jacksonville,Yes,Yes,T2,8,Long Tail,No,Wrong market/submarket,Generated (AEO)
how far is jacksonville beaches from east arlington,0,0,0.0,0.0,Very Easy,Commercial,Out of Market,Jacksonville,Yes,Yes,T2,8,Long Tail,No,Wrong market/submarket,Generated (AEO)
how far is mayo clinic from east arlington,0,0,0.0,0.0,Very Easy,Commercial,Out of Market,Jacksonville,Yes,Yes,T2,8,Long Tail,No,Wrong market/submarket,Generated (AEO)
how far is st johns town center from east arlington,0,0,0.0,0.0,Very Easy,Commercial,Out of Market,Jacksonville,Yes,Yes,T2,10,Long Tail,No,Wrong market/submarket,Generated (AEO)
how far is unf from east arlington,0,0,0.0,0.0,Very Easy,Commercial,Out of Market,Jacksonville,Yes,Yes,T2,7,Long Tail,No,Wrong market/submarket,Generated (AEO)
how much does it cost to break a lease,0,0,0.0,0.0,Very Easy,Commercial,General / Other,Jacksonville,Yes,Yes,T2,9,Long Tail,No,No local relevance,Generated (AEO)
how much is rent at lux at sorrel,0,0,0.0,0.0,Very Easy,Navigational,Branded,Jacksonville,Yes,Yes,T2,8,Quick Win,Yes,Intent-generated long-tail (unverified volume - AEO target),Generated (AEO)
how much is rent at sorrel,0,0,0.0,0.0,Very Easy,Navigational,Branded,Jacksonville,Yes,Yes,T2,6,Quick Win,Yes,Intent-generated long-tail (unverified volume - AEO target),Generated (AEO)
how to tour apartments in jacksonville,0,0,0.0,0.0,Very Easy,Informational,Renter Education,Jacksonville,Yes,Yes,T2,6,Informational,Yes,Intent-generated long-tail (unverified volume - AEO target),Generated (AEO)
income requirements apartment jacksonville,0,0,0.0,0.0,Very Easy,Commercial,Price / Budget,Jacksonville,Yes,Yes,T2,4,Long Tail,Yes,Intent-generated long-tail (unverified volume - AEO target),Generated (AEO)
is east arlington a good place to live,0,0,0.0,0.0,Very Easy,Commercial,Out of Market,Jacksonville,Yes,Yes,T2,8,Long Tail,No,Wrong market/submarket,Generated (AEO)
is east arlington safe,0,0,0.0,0.0,Very Easy,Commercial,Out of Market,Jacksonville,Yes,Yes,T2,4,Long Tail,No,Wrong market/submarket,Generated (AEO)
is kernan blvd a good place to live,0,0,0.0,0.0,Very Easy,Informational,Renter Education,Jacksonville,Yes,Yes,T2,8,Informational,Yes,Intent-generated long-tail (unverified volume - AEO target),Generated (AEO)
is kernan blvd safe,0,0,0.0,0.0,Very Easy,Informational,Renter Education,Jacksonville,Yes,Yes,T2,4,Informational,Yes,Intent-generated long-tail (unverified volume - AEO target),Generated (AEO)
is lux at sorrel pet friendly,0,0,0.0,0.0,Very Easy,Navigational,Branded,Jacksonville,Yes,Yes,T2,6,Quick Win,Yes,Intent-generated long-tail (unverified volume - AEO target),Generated (AEO)
is sorrel pet friendly,0,0,0.0,0.0,Very Easy,Navigational,Branded,Jacksonville,Yes,Yes,T2,4,Quick Win,Yes,Intent-generated long-tail (unverified volume - AEO target),Generated (AEO)
is st johns town center a good place to live,0,0,0.0,0.0,Very Easy,Informational,Renter Education,Jacksonville,Yes,Yes,T2,10,Informational,Yes,Intent-generated long-tail (unverified volume - AEO target),Generated (AEO)
is st johns town center safe,0,0,0.0,0.0,Very Easy,Informational,Renter Education,Jacksonville,Yes,Yes,T2,6,Informational,Yes,Intent-generated long-tail (unverified volume - AEO target),Generated (AEO)
jacksonville apartments with dog park,0,0,0.0,0.0,Very Easy,Commercial,Pet Friendly,Jacksonville,Yes,Yes,T2,5,Long Tail,Yes,Intent-generated long-tail (unverified volume - AEO target),Generated (AEO)
jacksonville apartments with garages,0,0,0.0,0.0,Very Easy,Commercial,Amenity,Jacksonville,Yes,Yes,T2,4,Long Tail,Yes,Intent-generated long-tail (unverified volume - AEO target),Generated (AEO)
jacksonville apartments with in unit washer and dryer,0,0,0.0,0.0,Very Easy,Commercial,Amenity,Jacksonville,Yes,Yes,T2,8,Long Tail,Yes,Intent-generated long-tail (unverified volume - AEO target),Generated (AEO)
jacksonville apartments with pet wash station,0,0,0.0,0.0,Very Easy,Commercial,Pet Friendly,Jacksonville,Yes,Yes,T2,6,Long Tail,Yes,Intent-generated long-tail (unverified volume - AEO target),Generated (AEO)
jacksonville apartments with resort style pool,0,0,0.0,0.0,Very Easy,Commercial,Luxury,Jacksonville,Yes,Yes,T2,6,Long Tail,Yes,Intent-generated long-tail (unverified volume - AEO target),Generated (AEO)
jacksonville apartments with two fitness centers,0,0,0.0,0.0,Very Easy,Commercial,Amenity,Jacksonville,Yes,Yes,T2,6,Long Tail,Yes,Intent-generated long-tail (unverified volume - AEO target),Generated (AEO)
jacksonville apartments with two pools,0,0,0.0,0.0,Very Easy,Commercial,Amenity,Jacksonville,Yes,Yes,T2,5,Long Tail,Yes,Intent-generated long-tail (unverified volume - AEO target),Generated (AEO)
jacksonville rent prices by neighborhood,0,0,0.0,0.0,Very Easy,Commercial,General / Other,Jacksonville,Yes,Yes,T2,5,Long Tail,Yes,Intent-generated long-tail (unverified volume - AEO target),Generated (AEO)
kernan blvd apartments for rent,0,0,0.0,0.0,Very Easy,Commercial,City + Apartments,Jacksonville,Yes,Yes,T2,5,Long Tail,Yes,Intent-generated long-tail (unverified volume - AEO target),Generated (AEO)
lease renewal negotiation tips,0,0,0.0,0.0,Very Easy,Commercial,General / Other,Jacksonville,Yes,Yes,T2,4,Long Tail,No,No local relevance,Generated (AEO)
living in east arlington,0,0,0.0,0.0,Very Easy,Commercial,Out of Market,Jacksonville,Yes,Yes,T2,4,Long Tail,No,Wrong market/submarket,Generated (AEO)
living in kernan blvd,0,0,0.0,0.0,Very Easy,Informational,Renter Education,Jacksonville,Yes,Yes,T2,4,Informational,Yes,Intent-generated long-tail (unverified volume - AEO target),Generated (AEO)
living in st johns town center,0,0,0.0,0.0,Very Easy,Informational,Renter Education,Jacksonville,Yes,Yes,T2,6,Informational,Yes,Intent-generated long-tail (unverified volume - AEO target),Generated (AEO)
lux at sorrel amenities,0,0,0.0,0.0,Very Easy,Navigational,Branded,Jacksonville,Yes,Yes,T2,4,Quick Win,Yes,Intent-generated long-tail (unverified volume - AEO target),Generated (AEO)
lux at sorrel application requirements,0,0,0.0,0.0,Very Easy,Navigational,Branded,Jacksonville,Yes,Yes,T2,5,Quick Win,Yes,Intent-generated long-tail (unverified volume - AEO target),Generated (AEO)
lux at sorrel availability,0,0,0.0,0.0,Very Easy,Navigational,Branded,Jacksonville,Yes,Yes,T2,4,Quick Win,Yes,Intent-generated long-tail (unverified volume - AEO target),Generated (AEO)
lux at sorrel floor plans,0,0,0.0,0.0,Very Easy,Navigational,Branded,Jacksonville,Yes,Yes,T2,5,Quick Win,Yes,Intent-generated long-tail (unverified volume - AEO target),Generated (AEO)
lux at sorrel lease terms,0,0,0.0,0.0,Very Easy,Navigational,Branded,Jacksonville,Yes,Yes,T2,5,Quick Win,Yes,Intent-generated long-tail (unverified volume - AEO target),Generated (AEO)
lux at sorrel move in specials,0,0,0.0,0.0,Very Easy,Navigational,Branded,Jacksonville,Yes,Yes,T2,6,Quick Win,Yes,Intent-generated long-tail (unverified volume - AEO target),Generated (AEO)
lux at sorrel parking,0,0,0.0,0.0,Very Easy,Navigational,Branded,Jacksonville,Yes,Yes,T2,4,Quick Win,Yes,Intent-generated long-tail (unverified volume - AEO target),Generated (AEO)
lux at sorrel pet policy,0,0,0.0,0.0,Very Easy,Navigational,Branded,Jacksonville,Yes,Yes,T2,5,Quick Win,Yes,Intent-generated long-tail (unverified volume - AEO target),Generated (AEO)
lux at sorrel photos,0,0,0.0,0.0,Very Easy,Navigational,Branded,Jacksonville,Yes,Yes,T2,4,Quick Win,Yes,Intent-generated long-tail (unverified volume - AEO target),Generated (AEO)
lux at sorrel pricing,0,0,0.0,0.0,Very Easy,Navigational,Branded,Jacksonville,Yes,Yes,T2,4,Quick Win,Yes,Intent-generated long-tail (unverified volume - AEO target),Generated (AEO)
lux at sorrel resident reviews,0,0,0.0,0.0,Very Easy,Navigational,Branded,Jacksonville,Yes,Yes,T2,5,Quick Win,Yes,Intent-generated long-tail (unverified volume - AEO target),Generated (AEO)
lux at sorrel tour,0,0,0.0,0.0,Very Easy,Navigational,Branded,Jacksonville,Yes,Yes,T2,4,Quick Win,Yes,Intent-generated long-tail (unverified volume - AEO target),Generated (AEO)
lux at sorrel utilities included,0,0,0.0,0.0,Very Easy,Navigational,Branded,Jacksonville,Yes,Yes,T2,5,Quick Win,Yes,Intent-generated long-tail (unverified volume - AEO target),Generated (AEO)
lux at sorrel vs ciel jax,0,0,0.0,0.0,Very Easy,Navigational,Branded,Jacksonville,Yes,Yes,T2,6,Quick Win,Yes,Intent-generated long-tail (unverified volume - AEO target),Generated (AEO)
lux at sorrel vs drift at town center east,0,0,0.0,0.0,Very Easy,Navigational,Branded,Jacksonville,Yes,Yes,T2,9,Quick Win,Yes,Intent-generated long-tail (unverified volume - AEO target),Generated (AEO)
lux at sorrel vs mirage on kernan,0,0,0.0,0.0,Very Easy,Navigational,Branded,Jacksonville,Yes,Yes,T2,7,Quick Win,Yes,Intent-generated long-tail (unverified volume - AEO target),Generated (AEO)
lux at sorrel vs nearby apartments,0,0,0.0,0.0,Very Easy,Navigational,Branded,Jacksonville,Yes,Yes,T2,6,Quick Win,Yes,Intent-generated long-tail (unverified volume - AEO target),Generated (AEO)
lux at sorrel vs north beach on kernan,0,0,0.0,0.0,Very Easy,Navigational,Branded,Jacksonville,Yes,Yes,T2,8,Quick Win,Yes,Intent-generated long-tail (unverified volume - AEO target),Generated (AEO)
lux at sorrel vs tropia,0,0,0.0,0.0,Very Easy,Navigational,Branded,Jacksonville,Yes,Yes,T2,5,Quick Win,Yes,Intent-generated long-tail (unverified volume - AEO target),Generated (AEO)
luxury apartments east arlington,0,0,0.0,0.0,Very Easy,Commercial,Out of Market,Jacksonville,Yes,Yes,T2,4,Long Tail,No,Wrong market/submarket,Generated (AEO)
luxury apartments kernan blvd,0,0,0.0,0.0,Very Easy,Commercial,Luxury,Jacksonville,Yes,Yes,T2,4,Long Tail,Yes,Intent-generated long-tail (unverified volume - AEO target),Generated (AEO)
luxury apartments near beach blvd,0,0,0.0,0.0,Very Easy,Transactional,Near Landmark,Jacksonville,Yes,Yes,T2,5,Long Tail,Yes,Intent-generated long-tail (unverified volume - AEO target),Generated (AEO)
luxury apartments near jacksonville beaches,0,0,0.0,0.0,Very Easy,Transactional,Near Landmark,Jacksonville,Yes,Yes,T2,5,Long Tail,Yes,Intent-generated long-tail (unverified volume - AEO target),Generated (AEO)
luxury apartments near mayo clinic,0,0,0.0,0.0,Very Easy,Transactional,Near Landmark,Jacksonville,Yes,Yes,T2,5,Long Tail,Yes,Intent-generated long-tail (unverified volume - AEO target),Generated (AEO)
luxury apartments near st johns town center,0,0,0.0,0.0,Very Easy,Transactional,Near Landmark,Jacksonville,Yes,Yes,T2,7,Long Tail,Yes,Intent-generated long-tail (unverified volume - AEO target),Generated (AEO)
luxury apartments near unf,0,0,0.0,0.0,Very Easy,Transactional,Near Landmark,Jacksonville,Yes,Yes,T2,4,Long Tail,Yes,Intent-generated long-tail (unverified volume - AEO target),Generated (AEO)
luxury apartments st johns town center,0,0,0.0,0.0,Very Easy,Commercial,Luxury,Jacksonville,Yes,Yes,T2,6,Long Tail,Yes,Intent-generated long-tail (unverified volume - AEO target),Generated (AEO)
mirage on kernan pricing,0,0,0.0,0.0,Very Easy,Navigational,Competitor (Mirage on Kernan),Jacksonville,Yes,Yes,T2,4,Gap,Yes,Intent-generated long-tail (unverified volume - AEO target),Generated (AEO)
mirage on kernan reviews,0,0,0.0,0.0,Very Easy,Navigational,Competitor (Mirage on Kernan),Jacksonville,Yes,Yes,T2,4,Gap,Yes,Intent-generated long-tail (unverified volume - AEO target),Generated (AEO)
mirage on kernan vs nearby apartments,0,0,0.0,0.0,Very Easy,Navigational,Competitor (Mirage on Kernan),Jacksonville,Yes,Yes,T2,6,Gap,Yes,Intent-generated long-tail (unverified volume - AEO target),Generated (AEO)
month to month apartments jacksonville,0,0,0.0,0.0,Very Easy,Commercial,City + Apartments,Jacksonville,Yes,Yes,T2,5,Long Tail,Yes,Intent-generated long-tail (unverified volume - AEO target),Generated (AEO)
new 1 bedroom apartments jacksonville,0,0,0.0,0.0,Very Easy,Commercial,Bedroom Type,Jacksonville,Yes,Yes,T2,5,Long Tail,Yes,Intent-generated long-tail (unverified volume - AEO target),Generated (AEO)
new 2 bedroom apartments jacksonville,0,0,0.0,0.0,Very Easy,Commercial,Bedroom Type,Jacksonville,Yes,Yes,T2,5,Long Tail,Yes,Intent-generated long-tail (unverified volume - AEO target),Generated (AEO)
new 3 bedroom apartments jacksonville,0,0,0.0,0.0,Very Easy,Commercial,Bedroom Type,Jacksonville,Yes,Yes,T2,5,Long Tail,Yes,Intent-generated long-tail (unverified volume - AEO target),Generated (AEO)
new apartments east arlington,0,0,0.0,0.0,Very Easy,Commercial,Out of Market,Jacksonville,Yes,Yes,T2,4,Long Tail,No,Wrong market/submarket,Generated (AEO)
new apartments kernan blvd,0,0,0.0,0.0,Very Easy,Commercial,Property / Renter Type,Jacksonville,Yes,Yes,T2,4,Long Tail,Yes,Intent-generated long-tail (unverified volume - AEO target),Generated (AEO)
new apartments near beach blvd,0,0,0.0,0.0,Very Easy,Transactional,Near Landmark,Jacksonville,Yes,Yes,T2,5,Long Tail,Yes,Intent-generated long-tail (unverified volume - AEO target),Generated (AEO)
new apartments near jacksonville beaches,0,0,0.0,0.0,Very Easy,Transactional,Near Landmark,Jacksonville,Yes,Yes,T2,5,Long Tail,Yes,Intent-generated long-tail (unverified volume - AEO target),Generated (AEO)
new apartments near mayo clinic,0,0,0.0,0.0,Very Easy,Transactional,Near Landmark,Jacksonville,Yes,Yes,T2,5,Long Tail,Yes,Intent-generated long-tail (unverified volume - AEO target),Generated (AEO)
new apartments near st johns town center,0,0,0.0,0.0,Very Easy,Transactional,Near Landmark,Jacksonville,Yes,Yes,T2,7,Long Tail,Yes,Intent-generated long-tail (unverified volume - AEO target),Generated (AEO)
new apartments near unf,0,0,0.0,0.0,Very Easy,Transactional,Near Landmark,Jacksonville,Yes,Yes,T2,4,Long Tail,Yes,Intent-generated long-tail (unverified volume - AEO target),Generated (AEO)
new apartments st johns town center,0,0,0.0,0.0,Very Easy,Commercial,Property / Renter Type,Jacksonville,Yes,Yes,T2,6,Long Tail,Yes,Intent-generated long-tail (unverified volume - AEO target),Generated (AEO)
new studio apartments jacksonville,0,0,0.0,0.0,Very Easy,Commercial,Bedroom Type,Jacksonville,Yes,Yes,T2,4,Long Tail,Yes,Intent-generated long-tail (unverified volume - AEO target),Generated (AEO)
no deposit apartments jacksonville,0,0,0.0,0.0,Very Easy,Commercial,City + Apartments,Jacksonville,Yes,Yes,T2,4,Long Tail,Yes,Intent-generated long-tail (unverified volume - AEO target),Generated (AEO)
north beach on kernan pricing,0,0,0.0,0.0,Very Easy,Navigational,Competitor (North Beach on Kernan),Jacksonville,Yes,Yes,T2,5,Gap,Yes,Intent-generated long-tail (unverified volume - AEO target),Generated (AEO)
north beach on kernan reviews,0,0,0.0,0.0,Very Easy,Navigational,Competitor (North Beach on Kernan),Jacksonville,Yes,Yes,T2,5,Gap,Yes,Intent-generated long-tail (unverified volume - AEO target),Generated (AEO)
north beach on kernan vs nearby apartments,0,0,0.0,0.0,Very Easy,Navigational,Competitor (North Beach on Kernan),Jacksonville,Yes,Yes,T2,7,Gap,Yes,Intent-generated long-tail (unverified volume - AEO target),Generated (AEO)
pet friendly apartments east arlington,0,0,0.0,0.0,Very Easy,Commercial,Out of Market,Jacksonville,Yes,Yes,T2,5,Long Tail,No,Wrong market/submarket,Generated (AEO)
pet friendly apartments kernan blvd,0,0,0.0,0.0,Very Easy,Commercial,Pet Friendly,Jacksonville,Yes,Yes,T2,5,Long Tail,Yes,Intent-generated long-tail (unverified volume - AEO target),Generated (AEO)
pet friendly apartments near beach blvd,0,0,0.0,0.0,Very Easy,Transactional,Near Landmark,Jacksonville,Yes,Yes,T2,6,Long Tail,Yes,Intent-generated long-tail (unverified volume - AEO target),Generated (AEO)
pet friendly apartments near jacksonville beaches,0,0,0.0,0.0,Very Easy,Transactional,Near Landmark,Jacksonville,Yes,Yes,T2,6,Long Tail,Yes,Intent-generated long-tail (unverified volume - AEO target),Generated (AEO)
pet friendly apartments near mayo clinic,0,0,0.0,0.0,Very Easy,Transactional,Near Landmark,Jacksonville,Yes,Yes,T2,6,Long Tail,Yes,Intent-generated long-tail (unverified volume - AEO target),Generated (AEO)
pet friendly apartments near st johns town center,0,0,0.0,0.0,Very Easy,Transactional,Near Landmark,Jacksonville,Yes,Yes,T2,8,Long Tail,Yes,Intent-generated long-tail (unverified volume - AEO target),Generated (AEO)
pet friendly apartments near unf,0,0,0.0,0.0,Very Easy,Transactional,Near Landmark,Jacksonville,Yes,Yes,T2,5,Long Tail,Yes,Intent-generated long-tail (unverified volume - AEO target),Generated (AEO)
pet friendly apartments st johns town center,0,0,0.0,0.0,Very Easy,Commercial,Pet Friendly,Jacksonville,Yes,Yes,T2,7,Long Tail,Yes,Intent-generated long-tail (unverified volume - AEO target),Generated (AEO)
questions to ask on an apartment tour,0,0,0.0,0.0,Very Easy,Informational,Renter Education,Jacksonville,Yes,Yes,T2,7,Informational,Yes,Intent-generated long-tail (unverified volume - AEO target),Generated (AEO)
renters insurance cost jacksonville,0,0,0.0,0.0,Very Easy,Informational,Renter Education,Jacksonville,Yes,Yes,T2,4,Informational,Yes,Intent-generated long-tail (unverified volume - AEO target),Generated (AEO)
renting with pets in jacksonville,0,0,0.0,0.0,Very Easy,Commercial,Pet Friendly,Jacksonville,Yes,Yes,T2,5,Long Tail,Yes,Intent-generated long-tail (unverified volume - AEO target),Generated (AEO)
second floor vs first floor apartment,0,0,0.0,0.0,Very Easy,Commercial,City + Apartments,Jacksonville,Yes,Yes,T2,6,Long Tail,No,No local relevance,Generated (AEO)
short term furnished apartments jacksonville,0,0,0.0,0.0,Very Easy,Commercial,Property / Renter Type,Jacksonville,Yes,Yes,T2,5,Long Tail,Yes,Intent-generated long-tail (unverified volume - AEO target),Generated (AEO)
sorrel amenities,0,0,0.0,0.0,Very Easy,Navigational,Branded,Jacksonville,No,Yes,T2,2,Quick Win,Yes,Intent-generated long-tail (unverified volume - AEO target),Generated (AEO)
sorrel application requirements,0,0,0.0,0.0,Very Easy,Navigational,Branded,Jacksonville,No,Yes,T2,3,Quick Win,Yes,Intent-generated long-tail (unverified volume - AEO target),Generated (AEO)
sorrel availability,0,0,0.0,0.0,Very Easy,Navigational,Branded,Jacksonville,No,Yes,T2,2,Quick Win,Yes,Intent-generated long-tail (unverified volume - AEO target),Generated (AEO)
sorrel floor plans,0,0,0.0,0.0,Very Easy,Navigational,Branded,Jacksonville,No,Yes,T2,3,Quick Win,Yes,Intent-generated long-tail (unverified volume - AEO target),Generated (AEO)
sorrel lease terms,0,0,0.0,0.0,Very Easy,Navigational,Branded,Jacksonville,No,Yes,T2,3,Quick Win,Yes,Intent-generated long-tail (unverified volume - AEO target),Generated (AEO)
sorrel move in specials,0,0,0.0,0.0,Very Easy,Navigational,Branded,Jacksonville,Yes,Yes,T2,4,Quick Win,Yes,Intent-generated long-tail (unverified volume - AEO target),Generated (AEO)
sorrel parking,0,0,0.0,0.0,Very Easy,Navigational,Branded,Jacksonville,No,Yes,T2,2,Quick Win,Yes,Intent-generated long-tail (unverified volume - AEO target),Generated (AEO)
sorrel pet policy,0,0,0.0,0.0,Very Easy,Navigational,Branded,Jacksonville,No,Yes,T2,3,Quick Win,Yes,Intent-generated long-tail (unverified volume - AEO target),Generated (AEO)
sorrel photos,0,0,0.0,0.0,Very Easy,Navigational,Branded,Jacksonville,No,Yes,T2,2,Quick Win,Yes,Intent-generated long-tail (unverified volume - AEO target),Generated (AEO)
sorrel pricing,0,0,0.0,0.0,Very Easy,Navigational,Branded,Jacksonville,No,Yes,T2,2,Quick Win,Yes,Intent-generated long-tail (unverified volume - AEO target),Generated (AEO)
sorrel resident reviews,0,0,0.0,0.0,Very Easy,Navigational,Branded,Jacksonville,No,Yes,T2,3,Quick Win,Yes,Intent-generated long-tail (unverified volume - AEO target),Generated (AEO)
sorrel reviews,0,0,0.0,0.0,Very Easy,Navigational,Branded,Jacksonville,No,Yes,T2,2,Quick Win,Yes,Intent-generated long-tail (unverified volume - AEO target),Generated (AEO)
sorrel tour,0,0,0.0,0.0,Very Easy,Navigational,Branded,Jacksonville,No,Yes,T2,2,Quick Win,Yes,Intent-generated long-tail (unverified volume - AEO target),Generated (AEO)
sorrel utilities included,0,0,0.0,0.0,Very Easy,Navigational,Branded,Jacksonville,No,Yes,T2,3,Quick Win,Yes,Intent-generated long-tail (unverified volume - AEO target),Generated (AEO)
sorrel vs ciel jax,0,0,0.0,0.0,Very Easy,Navigational,Branded,Jacksonville,Yes,Yes,T2,4,Quick Win,Yes,Intent-generated long-tail (unverified volume - AEO target),Generated (AEO)
sorrel vs drift at town center east,0,0,0.0,0.0,Very Easy,Navigational,Branded,Jacksonville,Yes,Yes,T2,7,Quick Win,Yes,Intent-generated long-tail (unverified volume - AEO target),Generated (AEO)
sorrel vs mirage on kernan,0,0,0.0,0.0,Very Easy,Navigational,Branded,Jacksonville,Yes,Yes,T2,5,Quick Win,Yes,Intent-generated long-tail (unverified volume - AEO target),Generated (AEO)
sorrel vs nearby apartments,0,0,0.0,0.0,Very Easy,Navigational,Branded,Jacksonville,Yes,Yes,T2,4,Quick Win,Yes,Intent-generated long-tail (unverified volume - AEO target),Generated (AEO)
sorrel vs north beach on kernan,0,0,0.0,0.0,Very Easy,Navigational,Branded,Jacksonville,Yes,Yes,T2,6,Quick Win,Yes,Intent-generated long-tail (unverified volume - AEO target),Generated (AEO)
sorrel vs tropia,0,0,0.0,0.0,Very Easy,Navigational,Branded,Jacksonville,No,Yes,T2,3,Quick Win,Yes,Intent-generated long-tail (unverified volume - AEO target),Generated (AEO)
spacious 1 bedroom apartments jacksonville,0,0,0.0,0.0,Very Easy,Commercial,Bedroom Type,Jacksonville,Yes,Yes,T2,5,Long Tail,Yes,Intent-generated long-tail (unverified volume - AEO target),Generated (AEO)
spacious 2 bedroom apartments jacksonville,0,0,0.0,0.0,Very Easy,Commercial,Bedroom Type,Jacksonville,Yes,Yes,T2,5,Long Tail,Yes,Intent-generated long-tail (unverified volume - AEO target),Generated (AEO)
spacious 3 bedroom apartments jacksonville,0,0,0.0,0.0,Very Easy,Commercial,Bedroom Type,Jacksonville,Yes,Yes,T2,5,Long Tail,Yes,Intent-generated long-tail (unverified volume - AEO target),Generated (AEO)
spacious studio apartments jacksonville,0,0,0.0,0.0,Very Easy,Commercial,Bedroom Type,Jacksonville,Yes,Yes,T2,4,Long Tail,Yes,Intent-generated long-tail (unverified volume - AEO target),Generated (AEO)
st johns town center apartments for rent,0,0,0.0,0.0,Very Easy,Commercial,City + Apartments,Jacksonville,Yes,Yes,T2,7,Long Tail,Yes,Intent-generated long-tail (unverified volume - AEO target),Generated (AEO)
studio apartments east arlington,0,0,0.0,0.0,Very Easy,Commercial,Out of Market,Jacksonville,Yes,Yes,T2,4,Long Tail,No,Wrong market/submarket,Generated (AEO)
studio apartments jacksonville under 1500,0,0,0.0,0.0,Very Easy,Commercial,Address / Navigational,Jacksonville,Yes,Yes,T2,5,Long Tail,No,No article intent,Generated (AEO)
studio apartments kernan blvd,0,0,0.0,0.0,Very Easy,Commercial,Bedroom Type,Jacksonville,Yes,Yes,T2,4,Long Tail,Yes,Intent-generated long-tail (unverified volume - AEO target),Generated (AEO)
studio apartments near mayo clinic,0,0,0.0,0.0,Very Easy,Transactional,Near Landmark,Jacksonville,Yes,Yes,T2,5,Long Tail,Yes,Intent-generated long-tail (unverified volume - AEO target),Generated (AEO)
studio apartments near st johns town center,0,0,0.0,0.0,Very Easy,Transactional,Near Landmark,Jacksonville,Yes,Yes,T2,7,Long Tail,Yes,Intent-generated long-tail (unverified volume - AEO target),Generated (AEO)
studio apartments near unf,0,0,0.0,0.0,Very Easy,Transactional,Near Landmark,Jacksonville,Yes,Yes,T2,4,Long Tail,Yes,Intent-generated long-tail (unverified volume - AEO target),Generated (AEO)
studio apartments st johns town center,0,0,0.0,0.0,Very Easy,Commercial,Bedroom Type,Jacksonville,Yes,Yes,T2,6,Long Tail,Yes,Intent-generated long-tail (unverified volume - AEO target),Generated (AEO)
studio pet friendly apartments jacksonville,0,0,0.0,0.0,Very Easy,Commercial,Bedroom Type,Jacksonville,Yes,Yes,T2,5,Long Tail,Yes,Intent-generated long-tail (unverified volume - AEO target),Generated (AEO)
tour checklist apartment jacksonville,0,0,0.0,0.0,Very Easy,Commercial,City + Apartments,Jacksonville,Yes,Yes,T2,4,Long Tail,Yes,Intent-generated long-tail (unverified volume - AEO target),Generated (AEO)
townhomes east arlington,0,0,0.0,0.0,Very Easy,Commercial,Out of Market,Jacksonville,No,Yes,T2,3,Long Tail,No,Wrong market/submarket,Generated (AEO)
townhomes kernan blvd,0,0,0.0,0.0,Very Easy,Commercial,Property / Renter Type,Jacksonville,No,Yes,T2,3,Long Tail,Yes,Intent-generated long-tail (unverified volume - AEO target),Generated (AEO)
townhomes st johns town center,0,0,0.0,0.0,Very Easy,Commercial,Property / Renter Type,Jacksonville,Yes,Yes,T2,5,Long Tail,Yes,Intent-generated long-tail (unverified volume - AEO target),Generated (AEO)
tropia pricing,0,0,0.0,0.0,Very Easy,Navigational,Competitor (Tropia),Jacksonville,No,Yes,T2,2,Gap,Yes,Intent-generated long-tail (unverified volume - AEO target),Generated (AEO)
tropia reviews,0,0,0.0,0.0,Very Easy,Navigational,Competitor (Tropia),Jacksonville,No,Yes,T2,2,Gap,Yes,Intent-generated long-tail (unverified volume - AEO target),Generated (AEO)
tropia vs nearby apartments,0,0,0.0,0.0,Very Easy,Navigational,Competitor (Tropia),Jacksonville,Yes,Yes,T2,4,Gap,Yes,Intent-generated long-tail (unverified volume - AEO target),Generated (AEO)
utilities cost jacksonville apartment,0,0,0.0,0.0,Very Easy,Informational,Renter Education,Jacksonville,Yes,Yes,T2,4,Informational,Yes,Intent-generated long-tail (unverified volume - AEO target),Generated (AEO)
what credit score do you need to rent in jacksonville,0,0,0.0,0.0,Very Easy,Informational,Renter Education,Jacksonville,Yes,Yes,T2,10,Informational,Yes,Intent-generated long-tail (unverified volume - AEO target),Generated (AEO)
what does rent include at apartments in jacksonville,0,0,0.0,0.0,Very Easy,Informational,Renter Education,Jacksonville,Yes,Yes,T2,8,Informational,Yes,Intent-generated long-tail (unverified volume - AEO target),Generated (AEO)
what floor plans does lux at sorrel offer,0,0,0.0,0.0,Very Easy,Navigational,Branded,Jacksonville,Yes,Yes,T2,8,Quick Win,Yes,Intent-generated long-tail (unverified volume - AEO target),Generated (AEO)
what floor plans does sorrel offer,0,0,0.0,0.0,Very Easy,Navigational,Branded,Jacksonville,Yes,Yes,T2,6,Quick Win,Yes,Intent-generated long-tail (unverified volume - AEO target),Generated (AEO)
what salary do you need to live in jacksonville,0,0,0.0,0.0,Very Easy,Informational,Renter Education,Jacksonville,Yes,Yes,T2,9,Informational,Yes,Intent-generated long-tail (unverified volume - AEO target),Generated (AEO)
where is lux at sorrel located,0,0,0.0,0.0,Very Easy,Navigational,Branded,Jacksonville,Yes,Yes,T2,6,Quick Win,Yes,Intent-generated long-tail (unverified volume - AEO target),Generated (AEO)
where is sorrel located,0,0,0.0,0.0,Very Easy,Navigational,Branded,Jacksonville,Yes,Yes,T2,4,Quick Win,Yes,Intent-generated long-tail (unverified volume - AEO target),Generated (AEO)
apartments with saltwater pool jacksonville,0,0,0.0,0.0,Very Easy,Commercial,Amenity,Jacksonville,Yes,Yes,T2,5,Long Tail,Yes,Amenity differentiator - saltwater pools,Generated (Research)
saltwater pool apartments jacksonville fl,0,0,0.0,0.0,Very Easy,Commercial,Amenity,Jacksonville,Yes,Yes,T2,5,Long Tail,Yes,Amenity differentiator - saltwater pools,Generated (Research)
apartments with volleyball court jacksonville,0,0,0.0,0.0,Very Easy,Commercial,Amenity,Jacksonville,Yes,Yes,T2,5,Long Tail,Yes,Amenity differentiator,Generated (Research)
apartments with cabanas jacksonville,0,0,0.0,0.0,Very Easy,Commercial,Amenity,Jacksonville,Yes,Yes,T2,4,Long Tail,Yes,Amenity differentiator,Generated (Research)
apartments with package lockers jacksonville,0,0,0.0,0.0,Very Easy,Commercial,Amenity,Jacksonville,Yes,Yes,T2,5,Long Tail,Yes,Amenity differentiator,Generated (Research)
apartments with crown molding jacksonville,0,0,0.0,0.0,Very Easy,Commercial,Amenity,Jacksonville,Yes,Yes,T2,5,Long Tail,Yes,Interior feature differentiator,Generated (Research)
apartments with screened patio jacksonville,0,0,0.0,0.0,Very Easy,Commercial,Amenity,Jacksonville,Yes,Yes,T2,5,Long Tail,Yes,Interior feature differentiator,Generated (Research)
apartments with car care center jacksonville,0,0,0.0,0.0,Very Easy,Commercial,Amenity,Jacksonville,Yes,Yes,T2,6,Long Tail,Yes,Amenity differentiator,Generated (Research)
apartments near jacksonville beaches 32225,0,0,0.0,0.0,Very Easy,Transactional,Near Landmark,Jacksonville,Yes,Yes,T2,5,Long Tail,Yes,Location-specific long-tail,Generated (Research)
apartments with granite countertops jacksonville,0,0,0.0,0.0,Very Easy,Commercial,Amenity,Jacksonville,Yes,Yes,T2,5,Long Tail,Yes,Interior feature differentiator,Generated (Research)
apartments with pendant lighting jacksonville,0,0,0.0,0.0,Very Easy,Commercial,Amenity,Jacksonville,Yes,Yes,T2,5,Long Tail,Yes,Interior feature differentiator,Generated (Research)
apartments with 9 foot ceilings jacksonville,0,0,0.0,0.0,Very Easy,Commercial,Amenity,Jacksonville,Yes,Yes,T2,6,Long Tail,Yes,Interior feature differentiator,Generated (Research)
apartments near csx headquarters jacksonville,0,0,0.0,0.0,Very Easy,Transactional,Near Landmark,Jacksonville,Yes,Yes,T2,5,Long Tail,Yes,Employer proximity keyword,Generated (Research)
apartments near fis jacksonville,0,0,0.0,0.0,Very Easy,Transactional,Near Landmark,Jacksonville,Yes,Yes,T2,4,Long Tail,Yes,Employer proximity keyword,Generated (Research)
apartments near naval air station jacksonville,0,0,0.0,0.0,Very Easy,Transactional,Near Landmark,Jacksonville,Yes,Yes,T2,6,Long Tail,Yes,Employer proximity keyword,Generated (Research)
apartments near baptist health jacksonville,0,0,0.0,0.0,Very Easy,Transactional,Near Landmark,Jacksonville,Yes,Yes,T2,5,Long Tail,Yes,Employer proximity keyword,Generated (Research)
apartments near mayo clinic jacksonville fl,0,0,0.0,0.0,Very Easy,Transactional,Near Landmark,Jacksonville,Yes,Yes,T2,6,Long Tail,Yes,Employer proximity keyword,Generated (Research)
lux at sorrel vs sorrel apartments,0,0,0.0,0.0,Very Easy,Navigational,Branded,Jacksonville,Yes,Yes,T2,6,Quick Win,Yes,Brand comparison keyword,Generated (Research)
lux at sorrel floor plans,0,0,0.0,0.0,Very Easy,Navigational,Branded,Jacksonville,Yes,Yes,T2,5,Quick Win,Yes,Brand informational keyword,Generated (Research)
lux at sorrel amenities,0,0,0.0,0.0,Very Easy,Navigational,Branded,Jacksonville,Yes,Yes,T2,4,Quick Win,Yes,Brand informational keyword,Generated (Research)
sorrel apartments jacksonville reviews,0,0,0.0,0.0,Very Easy,Navigational,Branded,Jacksonville,Yes,Yes,T2,4,Quick Win,Yes,Brand reputation keyword,Generated (Research)
lux at sorrel pricing,0,0,0.0,0.0,Very Easy,Navigational,Branded,Jacksonville,Yes,Yes,T2,4,Quick Win,Yes,Brand transactional keyword,Generated (Research)
dual pool apartments jacksonville,0,0,0.0,0.0,Very Easy,Commercial,Amenity,Jacksonville,Yes,Yes,T2,4,Long Tail,Yes,Unique dual amenity differentiator,Generated (Research)
apartments with agility dog park jacksonville,0,0,0.0,0.0,Very Easy,Commercial,Pet Friendly,Jacksonville,Yes,Yes,T2,6,Long Tail,Yes,Pet amenity differentiator,Generated (Research)
east arlington apartments jacksonville fl,0,0,0.0,0.0,Very Easy,Commercial,City + Apartments,Jacksonville,Yes,Yes,T2,5,Long Tail,Yes,Location-specific keyword,Generated (Research)
apartments 32225 jacksonville,0,0,0.0,0.0,Very Easy,Commercial,City + Apartments,Jacksonville,No,Yes,T2,3,Long Tail,Yes,Zip code search keyword,Generated (Research)
